output,repetition,arg1,arg2
"0,000335",0,16,2048
"0,000349",1,16,2048
"0,000338",2,16,2048
"0,000342",3,16,2048
"0,000335",4,16,2048
"0,000348",5,16,2048
"0,000337",6,16,2048
"0,000333",7,16,2048
"0,000339",8,16,2048
"0,00033",9,16,2048
"0,000332",10,16,2048
"0,000333",11,16,2048
"0,000337",12,16,2048
"0,000345",13,16,2048
"0,000331",14,16,2048
"0,000338",15,16,2048
"0,000339",16,16,2048
"0,000335",17,16,2048
"0,000332",18,16,2048
"0,000334",19,16,2048
"0,000346",20,16,2048
"0,000355",21,16,2048
"0,000326",22,16,2048
"0,000331",23,16,2048
"0,000327",24,16,2048
"0,000341",25,16,2048
"0,000348",26,16,2048
"0,000345",27,16,2048
"0,000339",28,16,2048
"0,000341",29,16,2048
"0,000348",30,16,2048
"0,000332",31,16,2048
"0,000326",32,16,2048
"0,000343",33,16,2048
"0,000346",34,16,2048
"0,000335",35,16,2048
"0,000332",36,16,2048
"0,000344",37,16,2048
"0,000346",38,16,2048
"0,000344",39,16,2048
"0,000332",40,16,2048
"0,000339",41,16,2048
"0,000336",42,16,2048
"0,000335",43,16,2048
"0,000331",44,16,2048
"0,000345",45,16,2048
"0,000333",46,16,2048
"0,000332",47,16,2048
"0,000349",48,16,2048
"0,000345",49,16,2048
"0,000341",50,16,2048
"0,00033",51,16,2048
"0,000341",52,16,2048
"0,000333",53,16,2048
"0,00033",54,16,2048
"0,000336",55,16,2048
"0,000346",56,16,2048
"0,000339",57,16,2048
"0,00033",58,16,2048
"0,000334",59,16,2048
"0,000338",60,16,2048
"0,000332",61,16,2048
"0,000334",62,16,2048
"0,000328",63,16,2048
"0,000335",64,16,2048
"0,000334",65,16,2048
"0,000345",66,16,2048
"0,000351",67,16,2048
"0,000334",68,16,2048
"0,000345",69,16,2048
"0,000336",70,16,2048
"0,000335",71,16,2048
"0,000328",72,16,2048
"0,000336",73,16,2048
"0,000337",74,16,2048
"0,000339",75,16,2048
"0,000329",76,16,2048
"0,000356",77,16,2048
"0,000333",78,16,2048
"0,000334",79,16,2048
"0,000325",80,16,2048
"0,000334",81,16,2048
"0,000327",82,16,2048
"0,000335",83,16,2048
"0,000335",84,16,2048
"0,000332",85,16,2048
"0,000333",86,16,2048
"0,000343",87,16,2048
"0,000333",88,16,2048
"0,000341",89,16,2048
"0,000335",90,16,2048
"0,000328",91,16,2048
"0,000338",92,16,2048
"0,000335",93,16,2048
"0,00035",94,16,2048
"0,000333",95,16,2048
"0,000338",96,16,2048
"0,000329",97,16,2048
"0,000325",98,16,2048
"0,000331",99,16,2048
"0,000335",0,32,1024
"0,000339",1,32,1024
"0,000339",2,32,1024
"0,000338",3,32,1024
"0,000323",4,32,1024
"0,000337",5,32,1024
"0,00033",6,32,1024
"0,00033",7,32,1024
"0,000327",8,32,1024
"0,000331",9,32,1024
"0,000353",10,32,1024
"0,000339",11,32,1024
"0,000334",12,32,1024
"0,000331",13,32,1024
"0,000341",14,32,1024
"0,000331",15,32,1024
"0,000329",16,32,1024
"0,000337",17,32,1024
"0,000352",18,32,1024
"0,000334",19,32,1024
"0,000333",20,32,1024
"0,000339",21,32,1024
"0,000332",22,32,1024
"0,000342",23,32,1024
"0,000338",24,32,1024
"0,000329",25,32,1024
"0,000331",26,32,1024
"0,000344",27,32,1024
"0,000345",28,32,1024
"0,000346",29,32,1024
"0,00033",30,32,1024
"0,000325",31,32,1024
"0,00034",32,32,1024
"0,000323",33,32,1024
"0,000334",34,32,1024
"0,000344",35,32,1024
"0,000343",36,32,1024
"0,000345",37,32,1024
"0,000337",38,32,1024
"0,000358",39,32,1024
"0,000332",40,32,1024
"0,00033",41,32,1024
"0,000334",42,32,1024
"0,000339",43,32,1024
"0,000344",44,32,1024
"0,000348",45,32,1024
"0,000346",46,32,1024
"0,000338",47,32,1024
"0,000331",48,32,1024
"0,000345",49,32,1024
"0,000346",50,32,1024
"0,000328",51,32,1024
"0,000324",52,32,1024
"0,000342",53,32,1024
"0,000334",54,32,1024
"0,000344",55,32,1024
"0,000333",56,32,1024
"0,000331",57,32,1024
"0,000334",58,32,1024
"0,000333",59,32,1024
"0,000329",60,32,1024
"0,000327",61,32,1024
"0,000341",62,32,1024
"0,000347",63,32,1024
"0,000348",64,32,1024
"0,00034",65,32,1024
"0,000338",66,32,1024
"0,000342",67,32,1024
"0,000343",68,32,1024
"0,000342",69,32,1024
"0,000332",70,32,1024
"0,000335",71,32,1024
"0,000335",72,32,1024
"0,000334",73,32,1024
"0,000333",74,32,1024
"0,000339",75,32,1024
"0,000336",76,32,1024
"0,000341",77,32,1024
"0,000337",78,32,1024
"0,000338",79,32,1024
"0,000333",80,32,1024
"0,000348",81,32,1024
"0,000341",82,32,1024
"0,000336",83,32,1024
"0,000335",84,32,1024
"0,000336",85,32,1024
"0,000336",86,32,1024
"0,00035",87,32,1024
"0,000342",88,32,1024
"0,000338",89,32,1024
"0,000342",90,32,1024
"0,000337",91,32,1024
"0,000334",92,32,1024
"0,000337",93,32,1024
"0,000338",94,32,1024
"0,000339",95,32,1024
"0,000332",96,32,1024
"0,000332",97,32,1024
"0,000329",98,32,1024
"0,000348",99,32,1024
"0,000341",0,64,512
"0,000343",1,64,512
"0,000335",2,64,512
"0,000328",3,64,512
"0,000345",4,64,512
"0,000336",5,64,512
"0,000339",6,64,512
"0,000341",7,64,512
"0,00034",8,64,512
"0,000391",9,64,512
"0,000354",10,64,512
"0,000347",11,64,512
"0,000331",12,64,512
"0,000343",13,64,512
"0,000329",14,64,512
"0,000336",15,64,512
"0,000338",16,64,512
"0,000354",17,64,512
"0,000338",18,64,512
"0,000328",19,64,512
"0,000332",20,64,512
"0,000342",21,64,512
"0,000341",22,64,512
"0,000347",23,64,512
"0,000331",24,64,512
"0,000337",25,64,512
"0,000334",26,64,512
"0,000342",27,64,512
"0,000333",28,64,512
"0,000337",29,64,512
"0,000337",30,64,512
"0,000338",31,64,512
"0,000337",32,64,512
"0,000346",33,64,512
"0,000329",34,64,512
"0,000341",35,64,512
"0,00033",36,64,512
"0,000354",37,64,512
"0,000339",38,64,512
"0,000336",39,64,512
"0,000341",40,64,512
"0,000338",41,64,512
"0,000335",42,64,512
"0,000336",43,64,512
"0,000346",44,64,512
"0,000321",45,64,512
"0,000335",46,64,512
"0,000338",47,64,512
"0,000339",48,64,512
"0,000349",49,64,512
"0,000347",50,64,512
"0,00034",51,64,512
"0,000333",52,64,512
"0,00033",53,64,512
"0,000327",54,64,512
"0,000323",55,64,512
"0,000328",56,64,512
"0,00034",57,64,512
"0,000335",58,64,512
"0,00034",59,64,512
"0,00034",60,64,512
"0,00033",61,64,512
"0,000322",62,64,512
"0,000327",63,64,512
"0,000334",64,64,512
"0,000327",65,64,512
"0,000333",66,64,512
"0,000328",67,64,512
"0,000346",68,64,512
"0,000332",69,64,512
"0,000329",70,64,512
"0,000335",71,64,512
"0,000331",72,64,512
"0,000333",73,64,512
"0,000325",74,64,512
"0,000331",75,64,512
"0,000345",76,64,512
"0,000337",77,64,512
"0,00034",78,64,512
"0,000344",79,64,512
"0,000329",80,64,512
"0,000333",81,64,512
"0,000329",82,64,512
"0,000324",83,64,512
"0,000325",84,64,512
"0,000374",85,64,512
"0,00034",86,64,512
"0,000348",87,64,512
"0,00033",88,64,512
"0,000325",89,64,512
"0,000326",90,64,512
"0,000337",91,64,512
"0,000332",92,64,512
"0,000342",93,64,512
"0,000334",94,64,512
"0,000338",95,64,512
"0,000338",96,64,512
"0,000332",97,64,512
"0,000329",98,64,512
"0,000338",99,64,512
"0,000338",0,128,256
"0,000332",1,128,256
"0,000329",2,128,256
"0,00033",3,128,256
"0,000336",4,128,256
"0,00033",5,128,256
"0,000335",6,128,256
"0,00033",7,128,256
"0,000327",8,128,256
"0,000335",9,128,256
"0,000337",10,128,256
"0,000332",11,128,256
"0,000336",12,128,256
"0,000334",13,128,256
"0,000331",14,128,256
"0,00033",15,128,256
"0,000329",16,128,256
"0,000322",17,128,256
"0,000334",18,128,256
"0,000344",19,128,256
"0,000329",20,128,256
"0,000334",21,128,256
"0,000355",22,128,256
"0,000333",23,128,256
"0,000329",24,128,256
"0,000323",25,128,256
"0,000336",26,128,256
"0,000332",27,128,256
"0,000334",28,128,256
"0,00033",29,128,256
"0,000328",30,128,256
"0,00034",31,128,256
"0,000338",32,128,256
"0,000336",33,128,256
"0,000333",34,128,256
"0,000332",35,128,256
"0,000331",36,128,256
"0,000337",37,128,256
"0,000326",38,128,256
"0,000331",39,128,256
"0,000345",40,128,256
"0,000333",41,128,256
"0,000333",42,128,256
"0,000329",43,128,256
"0,000338",44,128,256
"0,00033",45,128,256
"0,000329",46,128,256
"0,000331",47,128,256
"0,000334",48,128,256
"0,000329",49,128,256
"0,000336",50,128,256
"0,00033",51,128,256
"0,000327",52,128,256
"0,000336",53,128,256
"0,00033",54,128,256
"0,000332",55,128,256
"0,000329",56,128,256
"0,000324",57,128,256
"0,000343",58,128,256
"0,000341",59,128,256
"0,000329",60,128,256
"0,000325",61,128,256
"0,000332",62,128,256
"0,000331",63,128,256
"0,000337",64,128,256
"0,000328",65,128,256
"0,000325",66,128,256
"0,000335",67,128,256
"0,000335",68,128,256
"0,000334",69,128,256
"0,000324",70,128,256
"0,000336",71,128,256
"0,000338",72,128,256
"0,000327",73,128,256
"0,000327",74,128,256
"0,000325",75,128,256
"0,000339",76,128,256
"0,000333",77,128,256
"0,000341",78,128,256
"0,000336",79,128,256
"0,000323",80,128,256
"0,000341",81,128,256
"0,000332",82,128,256
"0,000331",83,128,256
"0,000333",84,128,256
"0,000339",85,128,256
"0,000341",86,128,256
"0,000342",87,128,256
"0,000329",88,128,256
"0,000328",89,128,256
"0,000333",90,128,256
"0,000332",91,128,256
"0,000331",92,128,256
"0,000331",93,128,256
"0,000333",94,128,256
"0,000341",95,128,256
"0,000343",96,128,256
"0,000337",97,128,256
"0,000342",98,128,256
"0,000325",99,128,256
"0,00033",0,256,128
"0,00033",1,256,128
"0,000341",2,256,128
"0,000341",3,256,128
"0,000348",4,256,128
"0,000324",5,256,128
"0,000328",6,256,128
"0,00033",7,256,128
"0,000333",8,256,128
"0,000325",9,256,128
"0,00034",10,256,128
"0,000334",11,256,128
"0,000338",12,256,128
"0,000382",13,256,128
"0,000334",14,256,128
"0,000334",15,256,128
"0,000325",16,256,128
"0,000341",17,256,128
"0,000342",18,256,128
"0,000339",19,256,128
"0,00032",20,256,128
"0,000342",21,256,128
"0,000337",22,256,128
"0,000338",23,256,128
"0,000326",24,256,128
"0,000334",25,256,128
"0,000331",26,256,128
"0,000332",27,256,128
"0,000328",28,256,128
"0,000336",29,256,128
"0,000327",30,256,128
"0,00034",31,256,128
"0,000333",32,256,128
"0,000333",33,256,128
"0,000326",34,256,128
"0,00033",35,256,128
"0,000321",36,256,128
"0,000337",37,256,128
"0,000329",38,256,128
"0,00035",39,256,128
"0,000345",40,256,128
"0,00033",41,256,128
"0,000325",42,256,128
"0,000333",43,256,128
"0,000335",44,256,128
"0,000328",45,256,128
"0,000328",46,256,128
"0,000328",47,256,128
"0,000337",48,256,128
"0,000343",49,256,128
"0,000366",50,256,128
"0,000332",51,256,128
"0,000335",52,256,128
"0,000326",53,256,128
"0,000338",54,256,128
"0,000337",55,256,128
"0,000331",56,256,128
"0,000342",57,256,128
"0,000339",58,256,128
"0,000333",59,256,128
"0,000327",60,256,128
"0,000325",61,256,128
"0,000329",62,256,128
"0,000341",63,256,128
"0,000335",64,256,128
"0,000334",65,256,128
"0,000339",66,256,128
"0,000339",67,256,128
"0,000349",68,256,128
"0,000326",69,256,128
"0,000326",70,256,128
"0,000334",71,256,128
"0,00033",72,256,128
"0,000335",73,256,128
"0,000337",74,256,128
"0,000339",75,256,128
"0,000342",76,256,128
"0,000342",77,256,128
"0,000332",78,256,128
"0,00033",79,256,128
"0,000327",80,256,128
"0,000338",81,256,128
"0,000329",82,256,128
"0,000347",83,256,128
"0,000333",84,256,128
"0,000335",85,256,128
"0,000353",86,256,128
"0,000329",87,256,128
"0,000323",88,256,128
"0,000326",89,256,128
"0,00033",90,256,128
"0,000326",91,256,128
"0,000324",92,256,128
"0,00033",93,256,128
"0,000343",94,256,128
"0,000346",95,256,128
"0,000331",96,256,128
"0,000328",97,256,128
"0,00033",98,256,128
"0,000337",99,256,128
"0,000322",0,512,64
"0,000333",1,512,64
"0,000329",2,512,64
"0,000339",3,512,64
"0,000336",4,512,64
"0,000337",5,512,64
"0,000333",6,512,64
"0,000339",7,512,64
"0,000336",8,512,64
"0,00033",9,512,64
"0,000341",10,512,64
"0,000327",11,512,64
"0,000341",12,512,64
"0,000339",13,512,64
"0,000333",14,512,64
"0,00033",15,512,64
"0,000331",16,512,64
"0,000327",17,512,64
"0,000329",18,512,64
"0,00033",19,512,64
"0,000334",20,512,64
"0,000341",21,512,64
"0,000337",22,512,64
"0,000343",23,512,64
"0,000335",24,512,64
"0,000333",25,512,64
"0,00033",26,512,64
"0,000335",27,512,64
"0,000329",28,512,64
"0,000345",29,512,64
"0,000351",30,512,64
"0,00033",31,512,64
"0,000337",32,512,64
"0,000333",33,512,64
"0,000337",34,512,64
"0,00033",35,512,64
"0,00033",36,512,64
"0,000326",37,512,64
"0,000332",38,512,64
"0,000351",39,512,64
"0,00034",40,512,64
"0,000342",41,512,64
"0,000335",42,512,64
"0,000333",43,512,64
"0,000339",44,512,64
"0,000335",45,512,64
"0,000329",46,512,64
"0,000333",47,512,64
"0,000346",48,512,64
"0,000337",49,512,64
"0,000333",50,512,64
"0,000335",51,512,64
"0,000339",52,512,64
"0,000326",53,512,64
"0,000325",54,512,64
"0,000328",55,512,64
"0,000339",56,512,64
"0,000332",57,512,64
"0,000333",58,512,64
"0,000331",59,512,64
"0,000337",60,512,64
"0,000339",61,512,64
"0,00034",62,512,64
"0,000332",63,512,64
"0,000332",64,512,64
"0,000338",65,512,64
"0,000342",66,512,64
"0,000341",67,512,64
"0,000345",68,512,64
"0,000335",69,512,64
"0,000342",70,512,64
"0,000335",71,512,64
"0,000322",72,512,64
"0,000331",73,512,64
"0,000349",74,512,64
"0,000333",75,512,64
"0,000333",76,512,64
"0,00034",77,512,64
"0,000323",78,512,64
"0,000337",79,512,64
"0,000331",80,512,64
"0,000334",81,512,64
"0,000329",82,512,64
"0,000334",83,512,64
"0,000341",84,512,64
"0,000342",85,512,64
"0,000335",86,512,64
"0,000337",87,512,64
"0,000329",88,512,64
"0,000324",89,512,64
"0,000334",90,512,64
"0,000326",91,512,64
"0,000335",92,512,64
"0,000344",93,512,64
"0,000332",94,512,64
"0,000322",95,512,64
"0,000339",96,512,64
"0,000339",97,512,64
"0,000328",98,512,64
"0,000325",99,512,64
"0,00033",0,1024,32
"0,000337",1,1024,32
"0,000336",2,1024,32
"0,000345",3,1024,32
"0,000334",4,1024,32
"0,000341",5,1024,32
"0,000343",6,1024,32
"0,00034",7,1024,32
"0,000347",8,1024,32
"0,000345",9,1024,32
"0,000331",10,1024,32
"0,000339",11,1024,32
"0,000351",12,1024,32
"0,000325",13,1024,32
"0,000339",14,1024,32
"0,000323",15,1024,32
"0,000335",16,1024,32
"0,000336",17,1024,32
"0,000327",18,1024,32
"0,000327",19,1024,32
"0,000345",20,1024,32
"0,000343",21,1024,32
"0,000335",22,1024,32
"0,000345",23,1024,32
"0,000322",24,1024,32
"0,000337",25,1024,32
"0,000355",26,1024,32
"0,000329",27,1024,32
"0,000333",28,1024,32
"0,000338",29,1024,32
"0,000331",30,1024,32
"0,000329",31,1024,32
"0,000324",32,1024,32
"0,000331",33,1024,32
"0,000325",34,1024,32
"0,000327",35,1024,32
"0,000321",36,1024,32
"0,000334",37,1024,32
"0,000391",38,1024,32
"0,000343",39,1024,32
"0,00033",40,1024,32
"0,000326",41,1024,32
"0,00033",42,1024,32
"0,00034",43,1024,32
"0,000333",44,1024,32
"0,000336",45,1024,32
"0,000339",46,1024,32
"0,000336",47,1024,32
"0,000342",48,1024,32
"0,000327",49,1024,32
"0,000337",50,1024,32
"0,000339",51,1024,32
"0,000345",52,1024,32
"0,000334",53,1024,32
"0,000339",54,1024,32
"0,000338",55,1024,32
"0,000348",56,1024,32
"0,000339",57,1024,32
"0,000331",58,1024,32
"0,000369",59,1024,32
"0,000328",60,1024,32
"0,000328",61,1024,32
"0,000382",62,1024,32
"0,00033",63,1024,32
"0,000339",64,1024,32
"0,000334",65,1024,32
"0,000333",66,1024,32
"0,000331",67,1024,32
"0,00034",68,1024,32
"0,000342",69,1024,32
"0,00033",70,1024,32
"0,000336",71,1024,32
"0,000331",72,1024,32
"0,000338",73,1024,32
"0,000347",74,1024,32
"0,000337",75,1024,32
"0,000325",76,1024,32
"0,000321",77,1024,32
"0,000327",78,1024,32
"0,000324",79,1024,32
"0,000333",80,1024,32
"0,000339",81,1024,32
"0,00033",82,1024,32
"0,000337",83,1024,32
"0,000341",84,1024,32
"0,000331",85,1024,32
"0,000328",86,1024,32
"0,000324",87,1024,32
"0,000336",88,1024,32
"0,000331",89,1024,32
"0,000326",90,1024,32
"0,000326",91,1024,32
"0,000334",92,1024,32
"0,000346",93,1024,32
"0,000325",94,1024,32
"0,000334",95,1024,32
"0,000335",96,1024,32
"0,00033",97,1024,32
"0,000329",98,1024,32
"0,000327",99,1024,32
"0,000338",0,2048,16
"0,000341",1,2048,16
"0,000336",2,2048,16
"0,000332",3,2048,16
"0,000326",4,2048,16
"0,000328",5,2048,16
"0,000333",6,2048,16
"0,000327",7,2048,16
"0,00033",8,2048,16
"0,000334",9,2048,16
"0,000335",10,2048,16
"0,000334",11,2048,16
"0,000337",12,2048,16
"0,000333",13,2048,16
"0,00032",14,2048,16
"0,000337",15,2048,16
"0,000324",16,2048,16
"0,000334",17,2048,16
"0,000328",18,2048,16
"0,000341",19,2048,16
"0,000333",20,2048,16
"0,000331",21,2048,16
"0,00034",22,2048,16
"0,00035",23,2048,16
"0,000336",24,2048,16
"0,000332",25,2048,16
"0,000334",26,2048,16
"0,000324",27,2048,16
"0,000339",28,2048,16
"0,000341",29,2048,16
"0,00034",30,2048,16
"0,000406",31,2048,16
"0,000329",32,2048,16
"0,000335",33,2048,16
"0,000337",34,2048,16
"0,000342",35,2048,16
"0,000332",36,2048,16
"0,000339",37,2048,16
"0,000339",38,2048,16
"0,000336",39,2048,16
"0,00034",40,2048,16
"0,000324",41,2048,16
"0,000339",42,2048,16
"0,000338",43,2048,16
"0,000342",44,2048,16
"0,000344",45,2048,16
"0,000336",46,2048,16
"0,000335",47,2048,16
"0,000333",48,2048,16
"0,00033",49,2048,16
"0,000341",50,2048,16
"0,000324",51,2048,16
"0,000372",52,2048,16
"0,000337",53,2048,16
"0,000334",54,2048,16
"0,000348",55,2048,16
"0,000329",56,2048,16
"0,000339",57,2048,16
"0,000333",58,2048,16
"0,000344",59,2048,16
"0,000346",60,2048,16
"0,000327",61,2048,16
"0,000327",62,2048,16
"0,000355",63,2048,16
"0,000335",64,2048,16
"0,000342",65,2048,16
"0,00034",66,2048,16
"0,000343",67,2048,16
"0,000345",68,2048,16
"0,000331",69,2048,16
"0,000335",70,2048,16
"0,000329",71,2048,16
"0,000345",72,2048,16
"0,000334",73,2048,16
"0,000339",74,2048,16
"0,000343",75,2048,16
"0,000339",76,2048,16
"0,000327",77,2048,16
"0,000336",78,2048,16
"0,000336",79,2048,16
"0,000331",80,2048,16
"0,000334",81,2048,16
"0,000347",82,2048,16
"0,000344",83,2048,16
"0,000332",84,2048,16
"0,00033",85,2048,16
"0,000341",86,2048,16
"0,000335",87,2048,16
"0,000334",88,2048,16
"0,000331",89,2048,16
"0,000347",90,2048,16
"0,000344",91,2048,16
"0,000339",92,2048,16
"0,000329",93,2048,16
"0,000335",94,2048,16
"0,000343",95,2048,16
"0,000333",96,2048,16
"0,000348",97,2048,16
"0,000345",98,2048,16
"0,000336",99,2048,16
"0,000688",0,32,2048
"0,000655",1,32,2048
"0,000666",2,32,2048
"0,000667",3,32,2048
"0,000672",4,32,2048
"0,000668",5,32,2048
"0,000675",6,32,2048
"0,000647",7,32,2048
"0,000681",8,32,2048
"0,000685",9,32,2048
"0,000663",10,32,2048
"0,00068",11,32,2048
"0,000678",12,32,2048
"0,000652",13,32,2048
"0,00066",14,32,2048
"0,000672",15,32,2048
"0,000686",16,32,2048
"0,000687",17,32,2048
"0,000689",18,32,2048
"0,000672",19,32,2048
"0,000661",20,32,2048
"0,000664",21,32,2048
"0,000665",22,32,2048
"0,000678",23,32,2048
"0,000675",24,32,2048
"0,000661",25,32,2048
"0,00068",26,32,2048
"0,000682",27,32,2048
"0,000671",28,32,2048
"0,000676",29,32,2048
"0,00067",30,32,2048
"0,000674",31,32,2048
"0,000652",32,32,2048
"0,000658",33,32,2048
"0,000671",34,32,2048
"0,00069",35,32,2048
"0,000707",36,32,2048
"0,000678",37,32,2048
"0,000664",38,32,2048
"0,000653",39,32,2048
"0,000671",40,32,2048
"0,000661",41,32,2048
"0,000669",42,32,2048
"0,000675",43,32,2048
"0,000685",44,32,2048
"0,00068",45,32,2048
"0,000661",46,32,2048
"0,000671",47,32,2048
"0,000653",48,32,2048
"0,000671",49,32,2048
"0,000662",50,32,2048
"0,000664",51,32,2048
"0,000694",52,32,2048
"0,000694",53,32,2048
"0,000681",54,32,2048
"0,000657",55,32,2048
"0,00067",56,32,2048
"0,000665",57,32,2048
"0,000686",58,32,2048
"0,000664",59,32,2048
"0,00069",60,32,2048
"0,000699",61,32,2048
"0,000689",62,32,2048
"0,000671",63,32,2048
"0,000687",64,32,2048
"0,000671",65,32,2048
"0,000666",66,32,2048
"0,00067",67,32,2048
"0,000661",68,32,2048
"0,000674",69,32,2048
"0,000682",70,32,2048
"0,000686",71,32,2048
"0,000654",72,32,2048
"0,000687",73,32,2048
"0,000675",74,32,2048
"0,000668",75,32,2048
"0,000665",76,32,2048
"0,000678",77,32,2048
"0,000661",78,32,2048
"0,000689",79,32,2048
"0,000699",80,32,2048
"0,000681",81,32,2048
"0,000672",82,32,2048
"0,000673",83,32,2048
"0,000676",84,32,2048
"0,000652",85,32,2048
"0,000671",86,32,2048
"0,000673",87,32,2048
"0,000691",88,32,2048
"0,000804",89,32,2048
"0,000688",90,32,2048
"0,000681",91,32,2048
"0,000673",92,32,2048
"0,000675",93,32,2048
"0,000694",94,32,2048
"0,00067",95,32,2048
"0,000671",96,32,2048
"0,000685",97,32,2048
"0,000698",98,32,2048
"0,00067",99,32,2048
"0,000686",0,64,1024
"0,000674",1,64,1024
"0,000681",2,64,1024
"0,000681",3,64,1024
"0,000665",4,64,1024
"0,000675",5,64,1024
"0,000702",6,64,1024
"0,000713",7,64,1024
"0,000673",8,64,1024
"0,000667",9,64,1024
"0,00068",10,64,1024
"0,000666",11,64,1024
"0,000761",12,64,1024
"0,000668",13,64,1024
"0,000684",14,64,1024
"0,000689",15,64,1024
"0,000677",16,64,1024
"0,000665",17,64,1024
"0,00068",18,64,1024
"0,000665",19,64,1024
"0,000686",20,64,1024
"0,000685",21,64,1024
"0,00067",22,64,1024
"0,000694",23,64,1024
"0,000715",24,64,1024
"0,000682",25,64,1024
"0,000678",26,64,1024
"0,000668",27,64,1024
"0,000696",28,64,1024
"0,00067",29,64,1024
"0,000661",30,64,1024
"0,000671",31,64,1024
"0,000685",32,64,1024
"0,00069",33,64,1024
"0,000685",34,64,1024
"0,000671",35,64,1024
"0,00068",36,64,1024
"0,000678",37,64,1024
"0,000681",38,64,1024
"0,000677",39,64,1024
"0,000682",40,64,1024
"0,000682",41,64,1024
"0,000686",42,64,1024
"0,000681",43,64,1024
"0,000686",44,64,1024
"0,000669",45,64,1024
"0,000681",46,64,1024
"0,000667",47,64,1024
"0,000675",48,64,1024
"0,000678",49,64,1024
"0,000696",50,64,1024
"0,00067",51,64,1024
"0,000671",52,64,1024
"0,00068",53,64,1024
"0,000667",54,64,1024
"0,000702",55,64,1024
"0,000668",56,64,1024
"0,000685",57,64,1024
"0,00068",58,64,1024
"0,00068",59,64,1024
"0,000695",60,64,1024
"0,000679",61,64,1024
"0,000669",62,64,1024
"0,000685",63,64,1024
"0,000708",64,64,1024
"0,000674",65,64,1024
"0,000679",66,64,1024
"0,00067",67,64,1024
"0,000683",68,64,1024
"0,000684",69,64,1024
"0,000679",70,64,1024
"0,000684",71,64,1024
"0,000671",72,64,1024
"0,000675",73,64,1024
"0,000681",74,64,1024
"0,000665",75,64,1024
"0,000672",76,64,1024
"0,000686",77,64,1024
"0,000698",78,64,1024
"0,000675",79,64,1024
"0,000678",80,64,1024
"0,000664",81,64,1024
"0,000683",82,64,1024
"0,000686",83,64,1024
"0,00069",84,64,1024
"0,000699",85,64,1024
"0,000687",86,64,1024
"0,000713",87,64,1024
"0,000668",88,64,1024
"0,000681",89,64,1024
"0,000698",90,64,1024
"0,000671",91,64,1024
"0,000693",92,64,1024
"0,000675",93,64,1024
"0,000682",94,64,1024
"0,000734",95,64,1024
"0,000676",96,64,1024
"0,000669",97,64,1024
"0,000677",98,64,1024
"0,000679",99,64,1024
"0,000682",0,128,512
"0,000656",1,128,512
"0,000689",2,128,512
"0,000684",3,128,512
"0,000665",4,128,512
"0,000728",5,128,512
"0,000668",6,128,512
"0,000683",7,128,512
"0,000672",8,128,512
"0,00068",9,128,512
"0,000674",10,128,512
"0,000687",11,128,512
"0,000685",12,128,512
"0,000681",13,128,512
"0,000679",14,128,512
"0,000674",15,128,512
"0,000674",16,128,512
"0,00069",17,128,512
"0,000674",18,128,512
"0,000688",19,128,512
"0,000714",20,128,512
"0,000696",21,128,512
"0,000689",22,128,512
"0,000664",23,128,512
"0,000662",24,128,512
"0,000663",25,128,512
"0,000687",26,128,512
"0,000665",27,128,512
"0,000664",28,128,512
"0,000707",29,128,512
"0,000706",30,128,512
"0,000664",31,128,512
"0,000685",32,128,512
"0,000674",33,128,512
"0,000675",34,128,512
"0,000684",35,128,512
"0,000666",36,128,512
"0,000662",37,128,512
"0,000684",38,128,512
"0,000687",39,128,512
"0,000681",40,128,512
"0,000688",41,128,512
"0,000674",42,128,512
"0,000659",43,128,512
"0,00068",44,128,512
"0,000679",45,128,512
"0,000676",46,128,512
"0,000698",47,128,512
"0,000703",48,128,512
"0,000674",49,128,512
"0,000678",50,128,512
"0,000659",51,128,512
"0,000666",52,128,512
"0,000667",53,128,512
"0,000685",54,128,512
"0,000668",55,128,512
"0,000693",56,128,512
"0,000688",57,128,512
"0,000674",58,128,512
"0,000674",59,128,512
"0,000653",60,128,512
"0,000711",61,128,512
"0,000677",62,128,512
"0,000677",63,128,512
"0,000665",64,128,512
"0,000673",65,128,512
"0,000685",66,128,512
"0,000696",67,128,512
"0,000661",68,128,512
"0,000685",69,128,512
"0,000672",70,128,512
"0,000681",71,128,512
"0,000657",72,128,512
"0,000661",73,128,512
"0,000703",74,128,512
"0,000672",75,128,512
"0,000673",76,128,512
"0,000671",77,128,512
"0,000681",78,128,512
"0,000654",79,128,512
"0,00066",80,128,512
"0,000652",81,128,512
"0,000674",82,128,512
"0,000697",83,128,512
"0,000677",84,128,512
"0,000675",85,128,512
"0,000682",86,128,512
"0,00067",87,128,512
"0,000673",88,128,512
"0,00068",89,128,512
"0,000677",90,128,512
"0,000684",91,128,512
"0,000688",92,128,512
"0,000695",93,128,512
"0,000663",94,128,512
"0,000664",95,128,512
"0,000669",96,128,512
"0,000659",97,128,512
"0,000668",98,128,512
"0,000662",99,128,512
"0,000672",0,256,256
"0,00068",1,256,256
"0,000681",2,256,256
"0,00067",3,256,256
"0,000665",4,256,256
"0,000668",5,256,256
"0,000713",6,256,256
"0,000671",7,256,256
"0,000686",8,256,256
"0,00067",9,256,256
"0,000689",10,256,256
"0,000688",11,256,256
"0,000664",12,256,256
"0,000688",13,256,256
"0,00067",14,256,256
"0,000668",15,256,256
"0,000662",16,256,256
"0,000674",17,256,256
"0,00067",18,256,256
"0,000688",19,256,256
"0,000684",20,256,256
"0,00068",21,256,256
"0,000677",22,256,256
"0,000667",23,256,256
"0,000659",24,256,256
"0,000663",25,256,256
"0,00067",26,256,256
"0,00068",27,256,256
"0,000683",28,256,256
"0,000664",29,256,256
"0,000699",30,256,256
"0,000665",31,256,256
"0,000674",32,256,256
"0,000674",33,256,256
"0,000689",34,256,256
"0,000683",35,256,256
"0,000683",36,256,256
"0,000699",37,256,256
"0,000669",38,256,256
"0,000673",39,256,256
"0,000668",40,256,256
"0,000664",41,256,256
"0,000665",42,256,256
"0,000659",43,256,256
"0,000656",44,256,256
"0,000675",45,256,256
"0,000685",46,256,256
"0,000683",47,256,256
"0,000684",48,256,256
"0,00067",49,256,256
"0,000677",50,256,256
"0,000666",51,256,256
"0,000676",52,256,256
"0,000664",53,256,256
"0,000695",54,256,256
"0,000686",55,256,256
"0,000672",56,256,256
"0,000669",57,256,256
"0,000674",58,256,256
"0,000653",59,256,256
"0,000663",60,256,256
"0,00066",61,256,256
"0,000674",62,256,256
"0,000693",63,256,256
"0,000666",64,256,256
"0,000685",65,256,256
"0,00067",66,256,256
"0,000687",67,256,256
"0,000662",68,256,256
"0,000667",69,256,256
"0,000665",70,256,256
"0,00068",71,256,256
"0,000682",72,256,256
"0,000676",73,256,256
"0,000678",74,256,256
"0,000683",75,256,256
"0,000674",76,256,256
"0,000684",77,256,256
"0,000673",78,256,256
"0,000675",79,256,256
"0,000676",80,256,256
"0,000689",81,256,256
"0,000683",82,256,256
"0,000667",83,256,256
"0,00068",84,256,256
"0,000664",85,256,256
"0,000677",86,256,256
"0,000665",87,256,256
"0,000681",88,256,256
"0,00069",89,256,256
"0,000693",90,256,256
"0,000685",91,256,256
"0,000665",92,256,256
"0,000672",93,256,256
"0,000677",94,256,256
"0,000679",95,256,256
"0,000667",96,256,256
"0,000677",97,256,256
"0,000691",98,256,256
"0,000694",99,256,256
"0,000671",0,512,128
"0,000684",1,512,128
"0,000692",2,512,128
"0,00067",3,512,128
"0,000688",4,512,128
"0,000666",5,512,128
"0,000686",6,512,128
"0,00069",7,512,128
"0,000693",8,512,128
"0,000689",9,512,128
"0,000681",10,512,128
"0,000688",11,512,128
"0,000683",12,512,128
"0,000679",13,512,128
"0,000683",14,512,128
"0,000674",15,512,128
"0,000693",16,512,128
"0,000699",17,512,128
"0,000674",18,512,128
"0,000674",19,512,128
"0,000719",20,512,128
"0,000673",21,512,128
"0,000674",22,512,128
"0,000683",23,512,128
"0,000682",24,512,128
"0,000692",25,512,128
"0,000681",26,512,128
"0,000691",27,512,128
"0,000676",28,512,128
"0,00068",29,512,128
"0,000686",30,512,128
"0,000676",31,512,128
"0,000676",32,512,128
"0,000691",33,512,128
"0,000684",34,512,128
"0,000696",35,512,128
"0,000706",36,512,128
"0,000726",37,512,128
"0,000669",38,512,128
"0,000677",39,512,128
"0,000683",40,512,128
"0,000683",41,512,128
"0,000701",42,512,128
"0,000687",43,512,128
"0,000698",44,512,128
"0,000685",45,512,128
"0,000693",46,512,128
"0,000688",47,512,128
"0,000677",48,512,128
"0,000696",49,512,128
"0,000681",50,512,128
"0,000684",51,512,128
"0,000681",52,512,128
"0,000671",53,512,128
"0,000679",54,512,128
"0,000685",55,512,128
"0,00069",56,512,128
"0,000685",57,512,128
"0,000661",58,512,128
"0,000677",59,512,128
"0,000692",60,512,128
"0,000664",61,512,128
"0,000678",62,512,128
"0,000682",63,512,128
"0,00067",64,512,128
"0,000683",65,512,128
"0,000673",66,512,128
"0,000691",67,512,128
"0,000681",68,512,128
"0,000685",69,512,128
"0,000681",70,512,128
"0,000684",71,512,128
"0,000672",72,512,128
"0,000665",73,512,128
"0,000684",74,512,128
"0,000672",75,512,128
"0,000678",76,512,128
"0,000696",77,512,128
"0,000698",78,512,128
"0,000677",79,512,128
"0,000688",80,512,128
"0,000668",81,512,128
"0,000695",82,512,128
"0,000672",83,512,128
"0,000662",84,512,128
"0,000687",85,512,128
"0,000681",86,512,128
"0,0007",87,512,128
"0,000694",88,512,128
"0,000669",89,512,128
"0,000689",90,512,128
"0,000664",91,512,128
"0,000681",92,512,128
"0,00067",93,512,128
"0,000684",94,512,128
"0,000688",95,512,128
"0,000673",96,512,128
"0,000679",97,512,128
"0,000679",98,512,128
"0,000681",99,512,128
"0,000679",0,1024,64
"0,000676",1,1024,64
"0,000676",2,1024,64
"0,000689",3,1024,64
"0,000691",4,1024,64
"0,000665",5,1024,64
"0,00068",6,1024,64
"0,000669",7,1024,64
"0,000682",8,1024,64
"0,000695",9,1024,64
"0,000669",10,1024,64
"0,000684",11,1024,64
"0,00068",12,1024,64
"0,000673",13,1024,64
"0,000681",14,1024,64
"0,000682",15,1024,64
"0,000681",16,1024,64
"0,000674",17,1024,64
"0,000681",18,1024,64
"0,000731",19,1024,64
"0,000684",20,1024,64
"0,000676",21,1024,64
"0,000681",22,1024,64
"0,000682",23,1024,64
"0,000673",24,1024,64
"0,000682",25,1024,64
"0,00069",26,1024,64
"0,000682",27,1024,64
"0,00067",28,1024,64
"0,000685",29,1024,64
"0,000677",30,1024,64
"0,000706",31,1024,64
"0,000675",32,1024,64
"0,000675",33,1024,64
"0,000691",34,1024,64
"0,000668",35,1024,64
"0,000676",36,1024,64
"0,000674",37,1024,64
"0,00067",38,1024,64
"0,000685",39,1024,64
"0,000684",40,1024,64
"0,000692",41,1024,64
"0,000667",42,1024,64
"0,000706",43,1024,64
"0,000667",44,1024,64
"0,000693",45,1024,64
"0,000669",46,1024,64
"0,00069",47,1024,64
"0,000698",48,1024,64
"0,000679",49,1024,64
"0,00066",50,1024,64
"0,000667",51,1024,64
"0,00066",52,1024,64
"0,000702",53,1024,64
"0,000676",54,1024,64
"0,000668",55,1024,64
"0,000684",56,1024,64
"0,000694",57,1024,64
"0,000656",58,1024,64
"0,000666",59,1024,64
"0,000661",60,1024,64
"0,000668",61,1024,64
"0,000666",62,1024,64
"0,000661",63,1024,64
"0,000665",64,1024,64
"0,000674",65,1024,64
"0,000676",66,1024,64
"0,000683",67,1024,64
"0,00066",68,1024,64
"0,00066",69,1024,64
"0,000672",70,1024,64
"0,000673",71,1024,64
"0,000683",72,1024,64
"0,000667",73,1024,64
"0,000686",74,1024,64
"0,000686",75,1024,64
"0,000668",76,1024,64
"0,000666",77,1024,64
"0,000679",78,1024,64
"0,000675",79,1024,64
"0,000674",80,1024,64
"0,000721",81,1024,64
"0,000679",82,1024,64
"0,000686",83,1024,64
"0,00068",84,1024,64
"0,000668",85,1024,64
"0,000677",86,1024,64
"0,000678",87,1024,64
"0,000663",88,1024,64
"0,000674",89,1024,64
"0,000688",90,1024,64
"0,000656",91,1024,64
"0,000687",92,1024,64
"0,000672",93,1024,64
"0,000667",94,1024,64
"0,000662",95,1024,64
"0,00068",96,1024,64
"0,000678",97,1024,64
"0,000656",98,1024,64
"0,000703",99,1024,64
"0,000681",0,2048,32
"0,00068",1,2048,32
"0,000662",2,2048,32
"0,000671",3,2048,32
"0,000673",4,2048,32
"0,000671",5,2048,32
"0,000672",6,2048,32
"0,000678",7,2048,32
"0,000661",8,2048,32
"0,000681",9,2048,32
"0,000695",10,2048,32
"0,000665",11,2048,32
"0,000685",12,2048,32
"0,000669",13,2048,32
"0,000673",14,2048,32
"0,000674",15,2048,32
"0,000668",16,2048,32
"0,000676",17,2048,32
"0,000688",18,2048,32
"0,00069",19,2048,32
"0,000672",20,2048,32
"0,000668",21,2048,32
"0,000671",22,2048,32
"0,000663",23,2048,32
"0,000673",24,2048,32
"0,00068",25,2048,32
"0,000667",26,2048,32
"0,000686",27,2048,32
"0,000697",28,2048,32
"0,000675",29,2048,32
"0,000692",30,2048,32
"0,000668",31,2048,32
"0,000665",32,2048,32
"0,000664",33,2048,32
"0,000691",34,2048,32
"0,000669",35,2048,32
"0,000676",36,2048,32
"0,00068",37,2048,32
"0,000674",38,2048,32
"0,000655",39,2048,32
"0,000678",40,2048,32
"0,000677",41,2048,32
"0,000662",42,2048,32
"0,000676",43,2048,32
"0,000686",44,2048,32
"0,000694",45,2048,32
"0,000667",46,2048,32
"0,000684",47,2048,32
"0,00067",48,2048,32
"0,000666",49,2048,32
"0,000666",50,2048,32
"0,000678",51,2048,32
"0,000671",52,2048,32
"0,000673",53,2048,32
"0,000691",54,2048,32
"0,000698",55,2048,32
"0,000695",56,2048,32
"0,000674",57,2048,32
"0,000674",58,2048,32
"0,000689",59,2048,32
"0,000663",60,2048,32
"0,000689",61,2048,32
"0,00068",62,2048,32
"0,000691",63,2048,32
"0,000682",64,2048,32
"0,000667",65,2048,32
"0,000674",66,2048,32
"0,000673",67,2048,32
"0,000696",68,2048,32
"0,000682",69,2048,32
"0,000677",70,2048,32
"0,000678",71,2048,32
"0,000676",72,2048,32
"0,000679",73,2048,32
"0,000677",74,2048,32
"0,000665",75,2048,32
"0,000676",76,2048,32
"0,000682",77,2048,32
"0,000671",78,2048,32
"0,000676",79,2048,32
"0,000693",80,2048,32
"0,00068",81,2048,32
"0,000682",82,2048,32
"0,000664",83,2048,32
"0,000679",84,2048,32
"0,000671",85,2048,32
"0,000671",86,2048,32
"0,000662",87,2048,32
"0,000687",88,2048,32
"0,000675",89,2048,32
"0,000666",90,2048,32
"0,000673",91,2048,32
"0,00071",92,2048,32
"0,000668",93,2048,32
"0,000689",94,2048,32
"0,000666",95,2048,32
"0,000672",96,2048,32
"0,000676",97,2048,32
"0,000677",98,2048,32
"0,000682",99,2048,32
"0,000657",0,4096,16
"0,000727",1,4096,16
"0,000684",2,4096,16
"0,000685",3,4096,16
"0,000672",4,4096,16
"0,000686",5,4096,16
"0,000685",6,4096,16
"0,000695",7,4096,16
"0,000699",8,4096,16
"0,000667",9,4096,16
"0,000675",10,4096,16
"0,000666",11,4096,16
"0,00068",12,4096,16
"0,000681",13,4096,16
"0,000679",14,4096,16
"0,000679",15,4096,16
"0,000684",16,4096,16
"0,000658",17,4096,16
"0,00067",18,4096,16
"0,000667",19,4096,16
"0,000676",20,4096,16
"0,000656",21,4096,16
"0,000672",22,4096,16
"0,000679",23,4096,16
"0,000682",24,4096,16
"0,000686",25,4096,16
"0,000683",26,4096,16
"0,000701",27,4096,16
"0,000667",28,4096,16
"0,000654",29,4096,16
"0,000675",30,4096,16
"0,000668",31,4096,16
"0,000688",32,4096,16
"0,000685",33,4096,16
"0,000678",34,4096,16
"0,000669",35,4096,16
"0,000681",36,4096,16
"0,000674",37,4096,16
"0,000699",38,4096,16
"0,000684",39,4096,16
"0,000671",40,4096,16
"0,000712",41,4096,16
"0,000686",42,4096,16
"0,000662",43,4096,16
"0,000704",44,4096,16
"0,000672",45,4096,16
"0,000689",46,4096,16
"0,000668",47,4096,16
"0,000683",48,4096,16
"0,000666",49,4096,16
"0,000688",50,4096,16
"0,000687",51,4096,16
"0,000693",52,4096,16
"0,000675",53,4096,16
"0,000674",54,4096,16
"0,00067",55,4096,16
"0,000676",56,4096,16
"0,000671",57,4096,16
"0,000685",58,4096,16
"0,000684",59,4096,16
"0,000684",60,4096,16
"0,000688",61,4096,16
"0,000677",62,4096,16
"0,000688",63,4096,16
"0,000667",64,4096,16
"0,000696",65,4096,16
"0,000699",66,4096,16
"0,000673",67,4096,16
"0,000686",68,4096,16
"0,000693",69,4096,16
"0,00068",70,4096,16
"0,000669",71,4096,16
"0,000684",72,4096,16
"0,000665",73,4096,16
"0,000668",74,4096,16
"0,000673",75,4096,16
"0,000688",76,4096,16
"0,00069",77,4096,16
"0,000673",78,4096,16
"0,000672",79,4096,16
"0,000668",80,4096,16
"0,000699",81,4096,16
"0,000672",82,4096,16
"0,000667",83,4096,16
"0,000668",84,4096,16
"0,000676",85,4096,16
"0,000688",86,4096,16
"0,000682",87,4096,16
"0,000673",88,4096,16
"0,000687",89,4096,16
"0,00066",90,4096,16
"0,000689",91,4096,16
"0,000679",92,4096,16
"0,00068",93,4096,16
"0,000692",94,4096,16
"0,000699",95,4096,16
"0,000675",96,4096,16
"0,00067",97,4096,16
"0,000694",98,4096,16
"0,000665",99,4096,16
"0,001422",0,32,4096
"0,001348",1,32,4096
"0,001367",2,32,4096
"0,001423",3,32,4096
"0,00138",4,32,4096
"0,001381",5,32,4096
"0,001365",6,32,4096
"0,001403",7,32,4096
"0,001332",8,32,4096
"0,001373",9,32,4096
"0,001357",10,32,4096
"0,001394",11,32,4096
"0,001376",12,32,4096
"0,00137",13,32,4096
"0,001372",14,32,4096
"0,001362",15,32,4096
"0,001379",16,32,4096
"0,001373",17,32,4096
"0,001341",18,32,4096
"0,001395",19,32,4096
"0,001381",20,32,4096
"0,001381",21,32,4096
"0,00134",22,32,4096
"0,001377",23,32,4096
"0,001411",24,32,4096
"0,001371",25,32,4096
"0,001358",26,32,4096
"0,001357",27,32,4096
"0,001371",28,32,4096
"0,001357",29,32,4096
"0,001397",30,32,4096
"0,001345",31,32,4096
"0,001355",32,32,4096
"0,00134",33,32,4096
"0,00141",34,32,4096
"0,001341",35,32,4096
"0,001365",36,32,4096
"0,001363",37,32,4096
"0,001346",38,32,4096
"0,001349",39,32,4096
"0,001376",40,32,4096
"0,001337",41,32,4096
"0,001373",42,32,4096
"0,001341",43,32,4096
"0,001366",44,32,4096
"0,001362",45,32,4096
"0,001387",46,32,4096
"0,00139",47,32,4096
"0,00132",48,32,4096
"0,001325",49,32,4096
"0,001358",50,32,4096
"0,001405",51,32,4096
"0,001353",52,32,4096
"0,001348",53,32,4096
"0,00139",54,32,4096
"0,00135",55,32,4096
"0,00136",56,32,4096
"0,001342",57,32,4096
"0,001372",58,32,4096
"0,001344",59,32,4096
"0,00137",60,32,4096
"0,001348",61,32,4096
"0,001378",62,32,4096
"0,001376",63,32,4096
"0,001386",64,32,4096
"0,001356",65,32,4096
"0,001351",66,32,4096
"0,001352",67,32,4096
"0,001372",68,32,4096
"0,001334",69,32,4096
"0,00142",70,32,4096
"0,001358",71,32,4096
"0,00138",72,32,4096
"0,001354",73,32,4096
"0,001381",74,32,4096
"0,001342",75,32,4096
"0,001398",76,32,4096
"0,001352",77,32,4096
"0,001393",78,32,4096
"0,001384",79,32,4096
"0,001388",80,32,4096
"0,00138",81,32,4096
"0,001348",82,32,4096
"0,001351",83,32,4096
"0,001339",84,32,4096
"0,001363",85,32,4096
"0,001337",86,32,4096
"0,001362",87,32,4096
"0,001372",88,32,4096
"0,001388",89,32,4096
"0,001355",90,32,4096
"0,001377",91,32,4096
"0,001401",92,32,4096
"0,001351",93,32,4096
"0,001355",94,32,4096
"0,001468",95,32,4096
"0,001362",96,32,4096
"0,001377",97,32,4096
"0,001349",98,32,4096
"0,001359",99,32,4096
"0,001337",0,64,2048
"0,001351",1,64,2048
"0,001351",2,64,2048
"0,001334",3,64,2048
"0,001413",4,64,2048
"0,001378",5,64,2048
"0,001366",6,64,2048
"0,001358",7,64,2048
"0,001364",8,64,2048
"0,001364",9,64,2048
"0,001374",10,64,2048
"0,00136",11,64,2048
"0,001377",12,64,2048
"0,001388",13,64,2048
"0,001482",14,64,2048
"0,00134",15,64,2048
"0,001411",16,64,2048
"0,001343",17,64,2048
"0,00141",18,64,2048
"0,001366",19,64,2048
"0,001368",20,64,2048
"0,001378",21,64,2048
"0,001393",22,64,2048
"0,001387",23,64,2048
"0,001355",24,64,2048
"0,001358",25,64,2048
"0,001352",26,64,2048
"0,001382",27,64,2048
"0,001735",28,64,2048
"0,001341",29,64,2048
"0,001409",30,64,2048
"0,001373",31,64,2048
"0,001371",32,64,2048
"0,001403",33,64,2048
"0,001362",34,64,2048
"0,00134",35,64,2048
"0,001361",36,64,2048
"0,001389",37,64,2048
"0,00137",38,64,2048
"0,001372",39,64,2048
"0,001326",40,64,2048
"0,001371",41,64,2048
"0,001379",42,64,2048
"0,001385",43,64,2048
"0,001366",44,64,2048
"0,001369",45,64,2048
"0,001378",46,64,2048
"0,001388",47,64,2048
"0,001368",48,64,2048
"0,001376",49,64,2048
"0,001367",50,64,2048
"0,001344",51,64,2048
"0,001405",52,64,2048
"0,001352",53,64,2048
"0,001362",54,64,2048
"0,001328",55,64,2048
"0,00138",56,64,2048
"0,001377",57,64,2048
"0,001386",58,64,2048
"0,001357",59,64,2048
"0,001346",60,64,2048
"0,001382",61,64,2048
"0,00135",62,64,2048
"0,001375",63,64,2048
"0,001359",64,64,2048
"0,00138",65,64,2048
"0,001415",66,64,2048
"0,001332",67,64,2048
"0,001372",68,64,2048
"0,001352",69,64,2048
"0,001366",70,64,2048
"0,001365",71,64,2048
"0,001379",72,64,2048
"0,001383",73,64,2048
"0,001374",74,64,2048
"0,001325",75,64,2048
"0,001405",76,64,2048
"0,001366",77,64,2048
"0,001389",78,64,2048
"0,001344",79,64,2048
"0,001426",80,64,2048
"0,001376",81,64,2048
"0,001399",82,64,2048
"0,001386",83,64,2048
"0,001395",84,64,2048
"0,001343",85,64,2048
"0,001368",86,64,2048
"0,001352",87,64,2048
"0,001383",88,64,2048
"0,001402",89,64,2048
"0,001379",90,64,2048
"0,001367",91,64,2048
"0,001343",92,64,2048
"0,001376",93,64,2048
"0,001349",94,64,2048
"0,001385",95,64,2048
"0,001351",96,64,2048
"0,001364",97,64,2048
"0,001397",98,64,2048
"0,001426",99,64,2048
"0,001425",0,128,1024
"0,00135",1,128,1024
"0,00137",2,128,1024
"0,001347",3,128,1024
"0,001351",4,128,1024
"0,001336",5,128,1024
"0,001401",6,128,1024
"0,001383",7,128,1024
"0,001336",8,128,1024
"0,001362",9,128,1024
"0,00136",10,128,1024
"0,001363",11,128,1024
"0,001382",12,128,1024
"0,001384",13,128,1024
"0,001379",14,128,1024
"0,001383",15,128,1024
"0,001405",16,128,1024
"0,001393",17,128,1024
"0,001349",18,128,1024
"0,001362",19,128,1024
"0,001338",20,128,1024
"0,001332",21,128,1024
"0,001373",22,128,1024
"0,001337",23,128,1024
"0,001385",24,128,1024
"0,001377",25,128,1024
"0,001394",26,128,1024
"0,00137",27,128,1024
"0,001347",28,128,1024
"0,001373",29,128,1024
"0,001342",30,128,1024
"0,001378",31,128,1024
"0,001374",32,128,1024
"0,001422",33,128,1024
"0,001372",34,128,1024
"0,001365",35,128,1024
"0,001359",36,128,1024
"0,001376",37,128,1024
"0,001358",38,128,1024
"0,001367",39,128,1024
"0,001366",40,128,1024
"0,001398",41,128,1024
"0,001365",42,128,1024
"0,001349",43,128,1024
"0,001348",44,128,1024
"0,001368",45,128,1024
"0,00137",46,128,1024
"0,001349",47,128,1024
"0,001358",48,128,1024
"0,001376",49,128,1024
"0,001372",50,128,1024
"0,001343",51,128,1024
"0,001371",52,128,1024
"0,001374",53,128,1024
"0,001361",54,128,1024
"0,001395",55,128,1024
"0,00134",56,128,1024
"0,00139",57,128,1024
"0,001372",58,128,1024
"0,001351",59,128,1024
"0,001355",60,128,1024
"0,001327",61,128,1024
"0,001393",62,128,1024
"0,001373",63,128,1024
"0,001346",64,128,1024
"0,001356",65,128,1024
"0,001366",66,128,1024
"0,001386",67,128,1024
"0,001391",68,128,1024
"0,001327",69,128,1024
"0,001375",70,128,1024
"0,001342",71,128,1024
"0,001395",72,128,1024
"0,001309",73,128,1024
"0,001453",74,128,1024
"0,001361",75,128,1024
"0,001348",76,128,1024
"0,001411",77,128,1024
"0,001333",78,128,1024
"0,00137",79,128,1024
"0,001361",80,128,1024
"0,001399",81,128,1024
"0,001339",82,128,1024
"0,0014",83,128,1024
"0,001399",84,128,1024
"0,001344",85,128,1024
"0,001353",86,128,1024
"0,001352",87,128,1024
"0,001353",88,128,1024
"0,001369",89,128,1024
"0,001338",90,128,1024
"0,001368",91,128,1024
"0,001376",92,128,1024
"0,00138",93,128,1024
"0,001358",94,128,1024
"0,001349",95,128,1024
"0,001373",96,128,1024
"0,00132",97,128,1024
"0,001369",98,128,1024
"0,001326",99,128,1024
"0,001448",0,256,512
"0,0014",1,256,512
"0,001322",2,256,512
"0,001361",3,256,512
"0,001341",4,256,512
"0,00137",5,256,512
"0,001345",6,256,512
"0,001353",7,256,512
"0,001351",8,256,512
"0,001392",9,256,512
"0,001386",10,256,512
"0,001354",11,256,512
"0,001318",12,256,512
"0,001358",13,256,512
"0,001336",14,256,512
"0,001337",15,256,512
"0,001326",16,256,512
"0,001361",17,256,512
"0,001402",18,256,512
"0,001397",19,256,512
"0,001356",20,256,512
"0,001354",21,256,512
"0,001347",22,256,512
"0,001327",23,256,512
"0,001342",24,256,512
"0,00135",25,256,512
"0,001391",26,256,512
"0,001374",27,256,512
"0,001343",28,256,512
"0,001338",29,256,512
"0,001335",30,256,512
"0,001368",31,256,512
"0,001351",32,256,512
"0,001327",33,256,512
"0,001364",34,256,512
"0,0014",35,256,512
"0,001326",36,256,512
"0,001341",37,256,512
"0,001338",38,256,512
"0,00136",39,256,512
"0,001349",40,256,512
"0,001332",41,256,512
"0,001323",42,256,512
"0,001372",43,256,512
"0,00138",44,256,512
"0,001363",45,256,512
"0,001392",46,256,512
"0,001372",47,256,512
"0,001377",48,256,512
"0,001357",49,256,512
"0,001329",50,256,512
"0,001345",51,256,512
"0,001367",52,256,512
"0,001366",53,256,512
"0,001344",54,256,512
"0,001349",55,256,512
"0,001352",56,256,512
"0,001344",57,256,512
"0,001345",58,256,512
"0,001342",59,256,512
"0,001351",60,256,512
"0,00136",61,256,512
"0,001392",62,256,512
"0,001337",63,256,512
"0,001329",64,256,512
"0,001355",65,256,512
"0,001356",66,256,512
"0,001321",67,256,512
"0,001389",68,256,512
"0,001377",69,256,512
"0,001422",70,256,512
"0,001343",71,256,512
"0,001329",72,256,512
"0,001346",73,256,512
"0,001336",74,256,512
"0,001346",75,256,512
"0,001365",76,256,512
"0,001347",77,256,512
"0,001373",78,256,512
"0,001387",79,256,512
"0,001341",80,256,512
"0,001338",81,256,512
"0,001358",82,256,512
"0,001338",83,256,512
"0,00135",84,256,512
"0,001315",85,256,512
"0,001397",86,256,512
"0,001386",87,256,512
"0,00136",88,256,512
"0,001326",89,256,512
"0,001407",90,256,512
"0,001355",91,256,512
"0,001332",92,256,512
"0,001357",93,256,512
"0,001351",94,256,512
"0,001436",95,256,512
"0,001356",96,256,512
"0,001368",97,256,512
"0,001346",98,256,512
"0,001357",99,256,512
"0,001368",0,512,256
"0,001343",1,512,256
"0,001339",2,512,256
"0,001378",3,512,256
"0,001393",4,512,256
"0,001362",5,512,256
"0,001354",6,512,256
"0,001326",7,512,256
"0,001351",8,512,256
"0,001333",9,512,256
"0,001342",10,512,256
"0,001343",11,512,256
"0,001391",12,512,256
"0,001369",13,512,256
"0,001343",14,512,256
"0,001344",15,512,256
"0,00135",16,512,256
"0,001394",17,512,256
"0,001326",18,512,256
"0,001334",19,512,256
"0,0014",20,512,256
"0,001364",21,512,256
"0,001395",22,512,256
"0,001348",23,512,256
"0,001458",24,512,256
"0,001348",25,512,256
"0,00135",26,512,256
"0,001339",27,512,256
"0,001323",28,512,256
"0,001371",29,512,256
"0,001371",30,512,256
"0,001348",31,512,256
"0,001345",32,512,256
"0,001354",33,512,256
"0,001344",34,512,256
"0,001354",35,512,256
"0,001331",36,512,256
"0,001335",37,512,256
"0,001392",38,512,256
"0,001363",39,512,256
"0,001368",40,512,256
"0,001341",41,512,256
"0,001366",42,512,256
"0,001346",43,512,256
"0,001363",44,512,256
"0,001387",45,512,256
"0,001368",46,512,256
"0,001365",47,512,256
"0,001467",48,512,256
"0,001376",49,512,256
"0,001332",50,512,256
"0,001356",51,512,256
"0,001371",52,512,256
"0,00134",53,512,256
"0,002034",54,512,256
"0,001359",55,512,256
"0,001418",56,512,256
"0,001347",57,512,256
"0,001319",58,512,256
"0,001354",59,512,256
"0,001328",60,512,256
"0,001339",61,512,256
"0,001391",62,512,256
"0,001325",63,512,256
"0,001372",64,512,256
"0,001397",65,512,256
"0,001361",66,512,256
"0,001356",67,512,256
"0,001344",68,512,256
"0,001347",69,512,256
"0,001349",70,512,256
"0,001336",71,512,256
"0,001414",72,512,256
"0,001362",73,512,256
"0,001365",74,512,256
"0,001404",75,512,256
"0,001359",76,512,256
"0,001372",77,512,256
"0,001363",78,512,256
"0,001334",79,512,256
"0,001347",80,512,256
"0,001389",81,512,256
"0,001365",82,512,256
"0,001349",83,512,256
"0,001384",84,512,256
"0,001338",85,512,256
"0,001377",86,512,256
"0,001351",87,512,256
"0,00133",88,512,256
"0,00141",89,512,256
"0,001364",90,512,256
"0,001325",91,512,256
"0,001331",92,512,256
"0,001337",93,512,256
"0,001337",94,512,256
"0,001342",95,512,256
"0,00132",96,512,256
"0,00136",97,512,256
"0,001381",98,512,256
"0,001387",99,512,256
"0,001385",0,1024,128
"0,001331",1,1024,128
"0,001354",2,1024,128
"0,001349",3,1024,128
"0,001342",4,1024,128
"0,001336",5,1024,128
"0,001332",6,1024,128
"0,001392",7,1024,128
"0,001346",8,1024,128
"0,00133",9,1024,128
"0,001348",10,1024,128
"0,001332",11,1024,128
"0,001341",12,1024,128
"0,001338",13,1024,128
"0,001357",14,1024,128
"0,001381",15,1024,128
"0,001397",16,1024,128
"0,001364",17,1024,128
"0,00134",18,1024,128
"0,001336",19,1024,128
"0,001351",20,1024,128
"0,001339",21,1024,128
"0,001316",22,1024,128
"0,00134",23,1024,128
"0,001371",24,1024,128
"0,001375",25,1024,128
"0,001365",26,1024,128
"0,001348",27,1024,128
"0,001336",28,1024,128
"0,001346",29,1024,128
"0,001323",30,1024,128
"0,001355",31,1024,128
"0,001393",32,1024,128
"0,001378",33,1024,128
"0,00136",34,1024,128
"0,001355",35,1024,128
"0,001351",36,1024,128
"0,001346",37,1024,128
"0,001344",38,1024,128
"0,001352",39,1024,128
"0,001348",40,1024,128
"0,001356",41,1024,128
"0,001396",42,1024,128
"0,001397",43,1024,128
"0,001366",44,1024,128
"0,001379",45,1024,128
"0,001367",46,1024,128
"0,001334",47,1024,128
"0,00135",48,1024,128
"0,001357",49,1024,128
"0,00138",50,1024,128
"0,001388",51,1024,128
"0,001339",52,1024,128
"0,001377",53,1024,128
"0,001338",54,1024,128
"0,001338",55,1024,128
"0,001341",56,1024,128
"0,001324",57,1024,128
"0,001355",58,1024,128
"0,001409",59,1024,128
"0,001352",60,1024,128
"0,001374",61,1024,128
"0,001343",62,1024,128
"0,001348",63,1024,128
"0,001362",64,1024,128
"0,001368",65,1024,128
"0,001362",66,1024,128
"0,001426",67,1024,128
"0,001384",68,1024,128
"0,001372",69,1024,128
"0,001336",70,1024,128
"0,001344",71,1024,128
"0,001315",72,1024,128
"0,00136",73,1024,128
"0,001393",74,1024,128
"0,00136",75,1024,128
"0,001415",76,1024,128
"0,001373",77,1024,128
"0,001318",78,1024,128
"0,001331",79,1024,128
"0,001332",80,1024,128
"0,001371",81,1024,128
"0,001343",82,1024,128
"0,001454",83,1024,128
"0,001358",84,1024,128
"0,001375",85,1024,128
"0,001372",86,1024,128
"0,001352",87,1024,128
"0,001364",88,1024,128
"0,001327",89,1024,128
"0,001384",90,1024,128
"0,001327",91,1024,128
"0,00136",92,1024,128
"0,001378",93,1024,128
"0,001373",94,1024,128
"0,001373",95,1024,128
"0,001369",96,1024,128
"0,001356",97,1024,128
"0,00136",98,1024,128
"0,001377",99,1024,128
"0,001349",0,2048,64
"0,001388",1,2048,64
"0,001387",2,2048,64
"0,001394",3,2048,64
"0,001404",4,2048,64
"0,001356",5,2048,64
"0,001392",6,2048,64
"0,001353",7,2048,64
"0,001348",8,2048,64
"0,00137",9,2048,64
"0,001395",10,2048,64
"0,001373",11,2048,64
"0,00136",12,2048,64
"0,001372",13,2048,64
"0,001326",14,2048,64
"0,001382",15,2048,64
"0,001311",16,2048,64
"0,001374",17,2048,64
"0,001353",18,2048,64
"0,001414",19,2048,64
"0,001387",20,2048,64
"0,001337",21,2048,64
"0,001371",22,2048,64
"0,001332",23,2048,64
"0,001366",24,2048,64
"0,001345",25,2048,64
"0,001389",26,2048,64
"0,001371",27,2048,64
"0,001384",28,2048,64
"0,001367",29,2048,64
"0,001354",30,2048,64
"0,001342",31,2048,64
"0,001371",32,2048,64
"0,001347",33,2048,64
"0,001374",34,2048,64
"0,001378",35,2048,64
"0,001374",36,2048,64
"0,001399",37,2048,64
"0,001345",38,2048,64
"0,001406",39,2048,64
"0,001391",40,2048,64
"0,001333",41,2048,64
"0,001314",42,2048,64
"0,001351",43,2048,64
"0,001369",44,2048,64
"0,001392",45,2048,64
"0,001346",46,2048,64
"0,001404",47,2048,64
"0,00135",48,2048,64
"0,001358",49,2048,64
"0,00138",50,2048,64
"0,00135",51,2048,64
"0,001342",52,2048,64
"0,001398",53,2048,64
"0,001373",54,2048,64
"0,001332",55,2048,64
"0,001343",56,2048,64
"0,001345",57,2048,64
"0,001349",58,2048,64
"0,001385",59,2048,64
"0,001358",60,2048,64
"0,001349",61,2048,64
"0,001386",62,2048,64
"0,001381",63,2048,64
"0,001347",64,2048,64
"0,001344",65,2048,64
"0,001332",66,2048,64
"0,00135",67,2048,64
"0,001358",68,2048,64
"0,001345",69,2048,64
"0,001391",70,2048,64
"0,001379",71,2048,64
"0,001377",72,2048,64
"0,001333",73,2048,64
"0,001362",74,2048,64
"0,001332",75,2048,64
"0,001346",76,2048,64
"0,001422",77,2048,64
"0,001352",78,2048,64
"0,001389",79,2048,64
"0,001379",80,2048,64
"0,001351",81,2048,64
"0,001379",82,2048,64
"0,00134",83,2048,64
"0,001339",84,2048,64
"0,001353",85,2048,64
"0,001363",86,2048,64
"0,001368",87,2048,64
"0,001401",88,2048,64
"0,001351",89,2048,64
"0,001324",90,2048,64
"0,001361",91,2048,64
"0,001335",92,2048,64
"0,001329",93,2048,64
"0,001349",94,2048,64
"0,00135",95,2048,64
"0,001372",96,2048,64
"0,001406",97,2048,64
"0,001328",98,2048,64
"0,001337",99,2048,64
"0,001332",0,4096,32
"0,001343",1,4096,32
"0,001343",2,4096,32
"0,001357",3,4096,32
"0,001353",4,4096,32
"0,001377",5,4096,32
"0,001341",6,4096,32
"0,001349",7,4096,32
"0,001341",8,4096,32
"0,001315",9,4096,32
"0,001359",10,4096,32
"0,001373",11,4096,32
"0,001313",12,4096,32
"0,001389",13,4096,32
"0,001372",14,4096,32
"0,001342",15,4096,32
"0,001351",16,4096,32
"0,001341",17,4096,32
"0,001402",18,4096,32
"0,00133",19,4096,32
"0,001342",20,4096,32
"0,001338",21,4096,32
"0,001394",22,4096,32
"0,001434",23,4096,32
"0,001348",24,4096,32
"0,001322",25,4096,32
"0,001374",26,4096,32
"0,001331",27,4096,32
"0,001331",28,4096,32
"0,001384",29,4096,32
"0,00137",30,4096,32
"0,001385",31,4096,32
"0,001381",32,4096,32
"0,001331",33,4096,32
"0,00135",34,4096,32
"0,001331",35,4096,32
"0,001349",36,4096,32
"0,00133",37,4096,32
"0,001348",38,4096,32
"0,00137",39,4096,32
"0,001387",40,4096,32
"0,001358",41,4096,32
"0,001392",42,4096,32
"0,001336",43,4096,32
"0,001326",44,4096,32
"0,001347",45,4096,32
"0,001336",46,4096,32
"0,001358",47,4096,32
"0,001408",48,4096,32
"0,001367",49,4096,32
"0,001345",50,4096,32
"0,001347",51,4096,32
"0,001328",52,4096,32
"0,001377",53,4096,32
"0,001354",54,4096,32
"0,001335",55,4096,32
"0,001369",56,4096,32
"0,001378",57,4096,32
"0,001388",58,4096,32
"0,001348",59,4096,32
"0,001334",60,4096,32
"0,001356",61,4096,32
"0,001357",62,4096,32
"0,001344",63,4096,32
"0,001347",64,4096,32
"0,001373",65,4096,32
"0,00142",66,4096,32
"0,001334",67,4096,32
"0,001334",68,4096,32
"0,001371",69,4096,32
"0,001449",70,4096,32
"0,001375",71,4096,32
"0,00133",72,4096,32
"0,001374",73,4096,32
"0,001415",74,4096,32
"0,001375",75,4096,32
"0,001336",76,4096,32
"0,001352",77,4096,32
"0,001345",78,4096,32
"0,001345",79,4096,32
"0,001352",80,4096,32
"0,001336",81,4096,32
"0,001361",82,4096,32
"0,001384",83,4096,32
"0,001339",84,4096,32
"0,001428",85,4096,32
"0,00133",86,4096,32
"0,00133",87,4096,32
"0,001351",88,4096,32
"0,001316",89,4096,32
"0,001356",90,4096,32
"0,001375",91,4096,32
"0,001356",92,4096,32
"0,001353",93,4096,32
"0,001363",94,4096,32
"0,001325",95,4096,32
"0,001342",96,4096,32
"0,001334",97,4096,32
"0,001354",98,4096,32
"0,00138",99,4096,32
"0,002883",0,64,4096
"0,002765",1,64,4096
"0,002735",2,64,4096
"0,002082",3,64,4096
"0,002712",4,64,4096
"0,002709",5,64,4096
"0,002708",6,64,4096
"0,002697",7,64,4096
"0,002804",8,64,4096
"0,002135",9,64,4096
"0,002827",10,64,4096
"0,002705",11,64,4096
"0,0027",12,64,4096
"0,002663",13,64,4096
"0,00279",14,64,4096
"0,002703",15,64,4096
"0,002786",16,64,4096
"0,002744",17,64,4096
"0,002703",18,64,4096
"0,002675",19,64,4096
"0,002701",20,64,4096
"0,002724",21,64,4096
"0,002751",22,64,4096
"0,002747",23,64,4096
"0,001642",24,64,4096
"0,002815",25,64,4096
"0,002693",26,64,4096
"0,002716",27,64,4096
"0,002743",28,64,4096
"0,002752",29,64,4096
"0,002703",30,64,4096
"0,002687",31,64,4096
"0,002757",32,64,4096
"0,002778",33,64,4096
"0,00162",34,64,4096
"0,002703",35,64,4096
"0,002805",36,64,4096
"0,002682",37,64,4096
"0,002758",38,64,4096
"0,002696",39,64,4096
"0,0028",40,64,4096
"0,002881",41,64,4096
"0,002702",42,64,4096
"0,002667",43,64,4096
"0,002702",44,64,4096
"0,002701",45,64,4096
"0,002699",46,64,4096
"0,002649",47,64,4096
"0,00273",48,64,4096
"0,002802",49,64,4096
"0,002724",50,64,4096
"0,002715",51,64,4096
"0,002685",52,64,4096
"0,002707",53,64,4096
"0,002706",54,64,4096
"0,002771",55,64,4096
"0,002722",56,64,4096
"0,003306",57,64,4096
"0,00268",58,64,4096
"0,002694",59,64,4096
"0,002667",60,64,4096
"0,002718",61,64,4096
"0,002699",62,64,4096
"0,002708",63,64,4096
"0,002746",64,64,4096
"0,002774",65,64,4096
"0,002756",66,64,4096
"0,002699",67,64,4096
"0,002689",68,64,4096
"0,002787",69,64,4096
"0,002685",70,64,4096
"0,002698",71,64,4096
"0,002736",72,64,4096
"0,002763",73,64,4096
"0,002787",74,64,4096
"0,002705",75,64,4096
"0,002708",76,64,4096
"0,002753",77,64,4096
"0,00272",78,64,4096
"0,002707",79,64,4096
"0,00269",80,64,4096
"0,003334",81,64,4096
"0,002761",82,64,4096
"0,002802",83,64,4096
"0,002711",84,64,4096
"0,001616",85,64,4096
"0,00163",86,64,4096
"0,002797",87,64,4096
"0,002722",88,64,4096
"0,00279",89,64,4096
"0,002752",90,64,4096
"0,002751",91,64,4096
"0,002708",92,64,4096
"0,00272",93,64,4096
"0,0027",94,64,4096
"0,002672",95,64,4096
"0,002664",96,64,4096
"0,002748",97,64,4096
"0,002813",98,64,4096
"0,002713",99,64,4096
"0,002715",0,128,2048
"0,001616",1,128,2048
"0,002799",2,128,2048
"0,00272",3,128,2048
"0,002748",4,128,2048
"0,002731",5,128,2048
"0,002816",6,128,2048
"0,002749",7,128,2048
"0,002789",8,128,2048
"0,002721",9,128,2048
"0,002125",10,128,2048
"0,00271",11,128,2048
"0,002668",12,128,2048
"0,002714",13,128,2048
"0,002792",14,128,2048
"0,002703",15,128,2048
"0,002705",16,128,2048
"0,002725",17,128,2048
"0,002679",18,128,2048
"0,002672",19,128,2048
"0,002111",20,128,2048
"0,002733",21,128,2048
"0,002822",22,128,2048
"0,002142",23,128,2048
"0,002707",24,128,2048
"0,002643",25,128,2048
"0,001624",26,128,2048
"0,002736",27,128,2048
"0,002719",28,128,2048
"0,00276",29,128,2048
"0,002759",30,128,2048
"0,002741",31,128,2048
"0,002704",32,128,2048
"0,002721",33,128,2048
"0,002686",34,128,2048
"0,002778",35,128,2048
"0,002714",36,128,2048
"0,002759",37,128,2048
"0,002777",38,128,2048
"0,002843",39,128,2048
"0,002746",40,128,2048
"0,002805",41,128,2048
"0,002748",42,128,2048
"0,00292",43,128,2048
"0,002851",44,128,2048
"0,002692",45,128,2048
"0,002188",46,128,2048
"0,0028",47,128,2048
"0,002701",48,128,2048
"0,002743",49,128,2048
"0,002777",50,128,2048
"0,002727",51,128,2048
"0,002755",52,128,2048
"0,00276",53,128,2048
"0,002751",54,128,2048
"0,002791",55,128,2048
"0,002805",56,128,2048
"0,002919",57,128,2048
"0,002753",58,128,2048
"0,002727",59,128,2048
"0,002788",60,128,2048
"0,002734",61,128,2048
"0,002747",62,128,2048
"0,002741",63,128,2048
"0,002735",64,128,2048
"0,002692",65,128,2048
"0,00272",66,128,2048
"0,002853",67,128,2048
"0,002733",68,128,2048
"0,002117",69,128,2048
"0,003272",70,128,2048
"0,002718",71,128,2048
"0,002748",72,128,2048
"0,002854",73,128,2048
"0,003274",74,128,2048
"0,002676",75,128,2048
"0,002804",76,128,2048
"0,002722",77,128,2048
"0,002774",78,128,2048
"0,002806",79,128,2048
"0,002811",80,128,2048
"0,00269",81,128,2048
"0,002846",82,128,2048
"0,002687",83,128,2048
"0,002741",84,128,2048
"0,002667",85,128,2048
"0,002797",86,128,2048
"0,002765",87,128,2048
"0,002703",88,128,2048
"0,002716",89,128,2048
"0,002696",90,128,2048
"0,002712",91,128,2048
"0,002689",92,128,2048
"0,002779",93,128,2048
"0,002725",94,128,2048
"0,002159",95,128,2048
"0,002813",96,128,2048
"0,002702",97,128,2048
"0,002706",98,128,2048
"0,002717",99,128,2048
"0,002686",0,256,1024
"0,002681",1,256,1024
"0,002658",2,256,1024
"0,002765",3,256,1024
"0,002718",4,256,1024
"0,002734",5,256,1024
"0,002792",6,256,1024
"0,002763",7,256,1024
"0,002691",8,256,1024
"0,002747",9,256,1024
"0,002657",10,256,1024
"0,00276",11,256,1024
"0,002765",12,256,1024
"0,002089",13,256,1024
"0,002696",14,256,1024
"0,002701",15,256,1024
"0,002615",16,256,1024
"0,002106",17,256,1024
"0,002693",18,256,1024
"0,002887",19,256,1024
"0,003365",20,256,1024
"0,00276",21,256,1024
"0,002686",22,256,1024
"0,002703",23,256,1024
"0,002715",24,256,1024
"0,00269",25,256,1024
"0,002702",26,256,1024
"0,002885",27,256,1024
"0,002773",28,256,1024
"0,002705",29,256,1024
"0,002673",30,256,1024
"0,002699",31,256,1024
"0,002658",32,256,1024
"0,002682",33,256,1024
"0,002706",34,256,1024
"0,002727",35,256,1024
"0,002855",36,256,1024
"0,002668",37,256,1024
"0,002761",38,256,1024
"0,002718",39,256,1024
"0,001601",40,256,1024
"0,002708",41,256,1024
"0,002642",42,256,1024
"0,002729",43,256,1024
"0,002145",44,256,1024
"0,002765",45,256,1024
"0,002741",46,256,1024
"0,002678",47,256,1024
"0,002771",48,256,1024
"0,002746",49,256,1024
"0,002661",50,256,1024
"0,002682",51,256,1024
"0,0029",52,256,1024
"0,002761",53,256,1024
"0,002683",54,256,1024
"0,00274",55,256,1024
"0,002707",56,256,1024
"0,00163",57,256,1024
"0,002703",58,256,1024
"0,002797",59,256,1024
"0,002762",60,256,1024
"0,002795",61,256,1024
"0,00274",62,256,1024
"0,002691",63,256,1024
"0,002673",64,256,1024
"0,002702",65,256,1024
"0,002676",66,256,1024
"0,002662",67,256,1024
"0,002735",68,256,1024
"0,00277",69,256,1024
"0,002738",70,256,1024
"0,002741",71,256,1024
"0,002689",72,256,1024
"0,002676",73,256,1024
"0,002712",74,256,1024
"0,002698",75,256,1024
"0,002735",76,256,1024
"0,002793",77,256,1024
"0,002743",78,256,1024
"0,002684",79,256,1024
"0,002754",80,256,1024
"0,002721",81,256,1024
"0,002672",82,256,1024
"0,00271",83,256,1024
"0,002776",84,256,1024
"0,00278",85,256,1024
"0,002812",86,256,1024
"0,002798",87,256,1024
"0,002803",88,256,1024
"0,002691",89,256,1024
"0,002737",90,256,1024
"0,002711",91,256,1024
"0,002134",92,256,1024
"0,00276",93,256,1024
"0,002714",94,256,1024
"0,002756",95,256,1024
"0,00165",96,256,1024
"0,002695",97,256,1024
"0,002751",98,256,1024
"0,00271",99,256,1024
"0,00283",0,512,512
"0,002753",1,512,512
"0,002762",2,512,512
"0,002104",3,512,512
"0,002769",4,512,512
"0,002089",5,512,512
"0,002139",6,512,512
"0,002771",7,512,512
"0,002691",8,512,512
"0,00285",9,512,512
"0,002791",10,512,512
"0,002888",11,512,512
"0,002696",12,512,512
"0,002144",13,512,512
"0,002712",14,512,512
"0,002748",15,512,512
"0,002687",16,512,512
"0,002877",17,512,512
"0,002732",18,512,512
"0,002695",19,512,512
"0,002711",20,512,512
"0,003634",21,512,512
"0,002842",22,512,512
"0,002751",23,512,512
"0,002758",24,512,512
"0,002827",25,512,512
"0,002762",26,512,512
"0,002767",27,512,512
"0,002841",28,512,512
"0,002716",29,512,512
"0,002778",30,512,512
"0,002708",31,512,512
"0,002693",32,512,512
"0,002832",33,512,512
"0,002721",34,512,512
"0,002877",35,512,512
"0,00409",36,512,512
"0,002743",37,512,512
"0,002764",38,512,512
"0,002736",39,512,512
"0,002704",40,512,512
"0,002772",41,512,512
"0,002729",42,512,512
"0,00219",43,512,512
"0,002765",44,512,512
"0,002765",45,512,512
"0,002718",46,512,512
"0,002864",47,512,512
"0,002674",48,512,512
"0,00284",49,512,512
"0,002745",50,512,512
"0,002743",51,512,512
"0,002773",52,512,512
"0,002668",53,512,512
"0,002774",54,512,512
"0,00268",55,512,512
"0,00278",56,512,512
"0,002733",57,512,512
"0,002741",58,512,512
"0,002747",59,512,512
"0,002697",60,512,512
"0,002829",61,512,512
"0,002756",62,512,512
"0,002767",63,512,512
"0,002701",64,512,512
"0,002795",65,512,512
"0,002732",66,512,512
"0,002796",67,512,512
"0,002728",68,512,512
"0,002124",69,512,512
"0,002687",70,512,512
"0,002684",71,512,512
"0,002753",72,512,512
"0,002204",73,512,512
"0,00278",74,512,512
"0,002753",75,512,512
"0,002714",76,512,512
"0,002847",77,512,512
"0,002767",78,512,512
"0,002755",79,512,512
"0,002709",80,512,512
"0,002769",81,512,512
"0,00272",82,512,512
"0,002702",83,512,512
"0,002731",84,512,512
"0,002675",85,512,512
"0,002117",86,512,512
"0,002874",87,512,512
"0,002713",88,512,512
"0,002796",89,512,512
"0,00277",90,512,512
"0,002691",91,512,512
"0,002662",92,512,512
"0,002713",93,512,512
"0,002652",94,512,512
"0,00267",95,512,512
"0,002684",96,512,512
"0,002859",97,512,512
"0,002846",98,512,512
"0,00267",99,512,512
"0,002746",0,1024,256
"0,002217",1,1024,256
"0,002714",2,1024,256
"0,002673",3,1024,256
"0,002729",4,1024,256
"0,002767",5,1024,256
"0,002742",6,1024,256
"0,002713",7,1024,256
"0,002705",8,1024,256
"0,002699",9,1024,256
"0,00271",10,1024,256
"0,00281",11,1024,256
"0,002676",12,1024,256
"0,002797",13,1024,256
"0,002804",14,1024,256
"0,002679",15,1024,256
"0,002702",16,1024,256
"0,002785",17,1024,256
"0,002713",18,1024,256
"0,002765",19,1024,256
"0,002697",20,1024,256
"0,003002",21,1024,256
"0,002775",22,1024,256
"0,002811",23,1024,256
"0,002689",24,1024,256
"0,002742",25,1024,256
"0,002717",26,1024,256
"0,002672",27,1024,256
"0,002814",28,1024,256
"0,002752",29,1024,256
"0,002746",30,1024,256
"0,002769",31,1024,256
"0,002723",32,1024,256
"0,002835",33,1024,256
"0,002779",34,1024,256
"0,002686",35,1024,256
"0,002742",36,1024,256
"0,002804",37,1024,256
"0,00282",38,1024,256
"0,002852",39,1024,256
"0,002773",40,1024,256
"0,002708",41,1024,256
"0,002808",42,1024,256
"0,001603",43,1024,256
"0,002119",44,1024,256
"0,003193",45,1024,256
"0,002796",46,1024,256
"0,002749",47,1024,256
"0,002861",48,1024,256
"0,002679",49,1024,256
"0,002804",50,1024,256
"0,002773",51,1024,256
"0,00267",52,1024,256
"0,002746",53,1024,256
"0,002843",54,1024,256
"0,002746",55,1024,256
"0,002666",56,1024,256
"0,002703",57,1024,256
"0,002694",58,1024,256
"0,002781",59,1024,256
"0,00269",60,1024,256
"0,002709",61,1024,256
"0,002728",62,1024,256
"0,0028",63,1024,256
"0,002687",64,1024,256
"0,002728",65,1024,256
"0,002841",66,1024,256
"0,002755",67,1024,256
"0,002696",68,1024,256
"0,002696",69,1024,256
"0,002807",70,1024,256
"0,002722",71,1024,256
"0,002751",72,1024,256
"0,00321",73,1024,256
"0,002722",74,1024,256
"0,002754",75,1024,256
"0,002752",76,1024,256
"0,003283",77,1024,256
"0,002754",78,1024,256
"0,002769",79,1024,256
"0,002768",80,1024,256
"0,002663",81,1024,256
"0,002707",82,1024,256
"0,002661",83,1024,256
"0,002684",84,1024,256
"0,004346",85,1024,256
"0,002755",86,1024,256
"0,002828",87,1024,256
"0,002736",88,1024,256
"0,002677",89,1024,256
"0,002759",90,1024,256
"0,002693",91,1024,256
"0,002716",92,1024,256
"0,002694",93,1024,256
"0,002718",94,1024,256
"0,002775",95,1024,256
"0,002749",96,1024,256
"0,002704",97,1024,256
"0,003287",98,1024,256
"0,002667",99,1024,256
"0,002777",0,2048,128
"0,002126",1,2048,128
"0,002792",2,2048,128
"0,002829",3,2048,128
"0,002769",4,2048,128
"0,002718",5,2048,128
"0,00267",6,2048,128
"0,001619",7,2048,128
"0,002661",8,2048,128
"0,002714",9,2048,128
"0,002785",10,2048,128
"0,002738",11,2048,128
"0,002756",12,2048,128
"0,001624",13,2048,128
"0,002754",14,2048,128
"0,0028",15,2048,128
"0,002714",16,2048,128
"0,002715",17,2048,128
"0,002753",18,2048,128
"0,002834",19,2048,128
"0,002677",20,2048,128
"0,002684",21,2048,128
"0,002676",22,2048,128
"0,002699",23,2048,128
"0,002712",24,2048,128
"0,002695",25,2048,128
"0,001625",26,2048,128
"0,002941",27,2048,128
"0,002723",28,2048,128
"0,002707",29,2048,128
"0,002696",30,2048,128
"0,002692",31,2048,128
"0,002751",32,2048,128
"0,002732",33,2048,128
"0,002757",34,2048,128
"0,003243",35,2048,128
"0,00269",36,2048,128
"0,002774",37,2048,128
"0,002711",38,2048,128
"0,002723",39,2048,128
"0,002719",40,2048,128
"0,00282",41,2048,128
"0,002726",42,2048,128
"0,002836",43,2048,128
"0,002746",44,2048,128
"0,002167",45,2048,128
"0,00212",46,2048,128
"0,0028",47,2048,128
"0,002719",48,2048,128
"0,002717",49,2048,128
"0,002764",50,2048,128
"0,002801",51,2048,128
"0,002751",52,2048,128
"0,002667",53,2048,128
"0,002696",54,2048,128
"0,002081",55,2048,128
"0,002715",56,2048,128
"0,002724",57,2048,128
"0,002745",58,2048,128
"0,002836",59,2048,128
"0,002895",60,2048,128
"0,002108",61,2048,128
"0,002764",62,2048,128
"0,002701",63,2048,128
"0,002722",64,2048,128
"0,002799",65,2048,128
"0,002122",66,2048,128
"0,002818",67,2048,128
"0,002754",68,2048,128
"0,002711",69,2048,128
"0,002667",70,2048,128
"0,002729",71,2048,128
"0,002677",72,2048,128
"0,002699",73,2048,128
"0,002682",74,2048,128
"0,002743",75,2048,128
"0,002748",76,2048,128
"0,002711",77,2048,128
"0,002706",78,2048,128
"0,00273",79,2048,128
"0,002699",80,2048,128
"0,002109",81,2048,128
"0,002709",82,2048,128
"0,002759",83,2048,128
"0,002842",84,2048,128
"0,002656",85,2048,128
"0,002691",86,2048,128
"0,002663",87,2048,128
"0,00273",88,2048,128
"0,002675",89,2048,128
"0,002789",90,2048,128
"0,002715",91,2048,128
"0,002784",92,2048,128
"0,002715",93,2048,128
"0,002704",94,2048,128
"0,002081",95,2048,128
"0,002734",96,2048,128
"0,002815",97,2048,128
"0,002724",98,2048,128
"0,002188",99,2048,128
"0,002841",0,4096,64
"0,002705",1,4096,64
"0,002756",2,4096,64
"0,002116",3,4096,64
"0,00277",4,4096,64
"0,002702",5,4096,64
"0,002703",6,4096,64
"0,002704",7,4096,64
"0,002808",8,4096,64
"0,002767",9,4096,64
"0,002664",10,4096,64
"0,002129",11,4096,64
"0,002665",12,4096,64
"0,002685",13,4096,64
"0,002669",14,4096,64
"0,002746",15,4096,64
"0,002722",16,4096,64
"0,002753",17,4096,64
"0,001616",18,4096,64
"0,002705",19,4096,64
"0,002706",20,4096,64
"0,002786",21,4096,64
"0,002711",22,4096,64
"0,002695",23,4096,64
"0,00276",24,4096,64
"0,002759",25,4096,64
"0,002825",26,4096,64
"0,00271",27,4096,64
"0,002725",28,4096,64
"0,002704",29,4096,64
"0,002702",30,4096,64
"0,002702",31,4096,64
"0,002829",32,4096,64
"0,002772",33,4096,64
"0,002754",34,4096,64
"0,002662",35,4096,64
"0,002714",36,4096,64
"0,00268",37,4096,64
"0,002675",38,4096,64
"0,002666",39,4096,64
"0,002773",40,4096,64
"0,002796",41,4096,64
"0,002666",42,4096,64
"0,00268",43,4096,64
"0,002732",44,4096,64
"0,002702",45,4096,64
"0,002681",46,4096,64
"0,002702",47,4096,64
"0,002694",48,4096,64
"0,00279",49,4096,64
"0,002746",50,4096,64
"0,0027",51,4096,64
"0,002727",52,4096,64
"0,00271",53,4096,64
"0,001605",54,4096,64
"0,002773",55,4096,64
"0,002705",56,4096,64
"0,002755",57,4096,64
"0,002772",58,4096,64
"0,002092",59,4096,64
"0,002709",60,4096,64
"0,002805",61,4096,64
"0,002759",62,4096,64
"0,002711",63,4096,64
"0,002741",64,4096,64
"0,002845",65,4096,64
"0,002723",66,4096,64
"0,002783",67,4096,64
"0,002701",68,4096,64
"0,002742",69,4096,64
"0,00271",70,4096,64
"0,002764",71,4096,64
"0,002667",72,4096,64
"0,002846",73,4096,64
"0,00274",74,4096,64
"0,002678",75,4096,64
"0,002106",76,4096,64
"0,002727",77,4096,64
"0,002686",78,4096,64
"0,002821",79,4096,64
"0,002704",80,4096,64
"0,002784",81,4096,64
"0,002807",82,4096,64
"0,002886",83,4096,64
"0,002742",84,4096,64
"0,002757",85,4096,64
"0,002739",86,4096,64
"0,002712",87,4096,64
"0,002694",88,4096,64
"0,002746",89,4096,64
"0,002748",90,4096,64
"0,002737",91,4096,64
"0,00274",92,4096,64
"0,00162",93,4096,64
"0,002673",94,4096,64
"0,001616",95,4096,64
"0,002839",96,4096,64
"0,002747",97,4096,64
"0,002844",98,4096,64
"0,002765",99,4096,64
"0,002796",0,8192,32
"0,002724",1,8192,32
"0,002722",2,8192,32
"0,002724",3,8192,32
"0,002704",4,8192,32
"0,002814",5,8192,32
"0,00297",6,8192,32
"0,002783",7,8192,32
"0,002774",8,8192,32
"0,002728",9,8192,32
"0,00271",10,8192,32
"0,00213",11,8192,32
"0,002671",12,8192,32
"0,00271",13,8192,32
"0,00273",14,8192,32
"0,002752",15,8192,32
"0,002688",16,8192,32
"0,002719",17,8192,32
"0,002671",18,8192,32
"0,002708",19,8192,32
"0,002683",20,8192,32
"0,002768",21,8192,32
"0,002786",22,8192,32
"0,002767",23,8192,32
"0,002777",24,8192,32
"0,002713",25,8192,32
"0,002711",26,8192,32
"0,002725",27,8192,32
"0,002746",28,8192,32
"0,002714",29,8192,32
"0,002773",30,8192,32
"0,002739",31,8192,32
"0,002762",32,8192,32
"0,002256",33,8192,32
"0,002757",34,8192,32
"0,002778",35,8192,32
"0,002713",36,8192,32
"0,002726",37,8192,32
"0,002763",38,8192,32
"0,002727",39,8192,32
"0,002766",40,8192,32
"0,002735",41,8192,32
"0,002728",42,8192,32
"0,002674",43,8192,32
"0,002788",44,8192,32
"0,002685",45,8192,32
"0,002776",46,8192,32
"0,002763",47,8192,32
"0,002713",48,8192,32
"0,002654",49,8192,32
"0,002717",50,8192,32
"0,002718",51,8192,32
"0,001612",52,8192,32
"0,002686",53,8192,32
"0,002746",54,8192,32
"0,002878",55,8192,32
"0,002699",56,8192,32
"0,002704",57,8192,32
"0,002705",58,8192,32
"0,002717",59,8192,32
"0,002721",60,8192,32
"0,002813",61,8192,32
"0,002705",62,8192,32
"0,002823",63,8192,32
"0,002742",64,8192,32
"0,002685",65,8192,32
"0,002693",66,8192,32
"0,002681",67,8192,32
"0,002695",68,8192,32
"0,002677",69,8192,32
"0,002764",70,8192,32
"0,002771",71,8192,32
"0,002768",72,8192,32
"0,002699",73,8192,32
"0,002702",74,8192,32
"0,002696",75,8192,32
"0,00271",76,8192,32
"0,002646",77,8192,32
"0,002832",78,8192,32
"0,002759",79,8192,32
"0,002713",80,8192,32
"0,002729",81,8192,32
"0,002717",82,8192,32
"0,002775",83,8192,32
"0,002706",84,8192,32
"0,002114",85,8192,32
"0,003277",86,8192,32
"0,002781",87,8192,32
"0,002823",88,8192,32
"0,002704",89,8192,32
"0,002699",90,8192,32
"0,00268",91,8192,32
"0,002722",92,8192,32
"0,002685",93,8192,32
"0,002721",94,8192,32
"0,002797",95,8192,32
"0,002883",96,8192,32
"0,00277",97,8192,32
"0,002721",98,8192,32
"0,002108",99,8192,32
"0,004193",0,64,8192
"0,004189",1,64,8192
"0,00325",2,64,8192
"0,004307",3,64,8192
"0,004265",4,64,8192
"0,004245",5,64,8192
"0,004243",6,64,8192
"0,004383",7,64,8192
"0,00429",8,64,8192
"0,004278",9,64,8192
"0,004325",10,64,8192
"0,004437",11,64,8192
"0,004263",12,64,8192
"0,00424",13,64,8192
"0,004297",14,64,8192
"0,00447",15,64,8192
"0,004216",16,64,8192
"0,004248",17,64,8192
"0,004287",18,64,8192
"0,004325",19,64,8192
"0,004264",20,64,8192
"0,00421",21,64,8192
"0,004227",22,64,8192
"0,00429",23,64,8192
"0,004301",24,64,8192
"0,00429",25,64,8192
"0,004337",26,64,8192
"0,004428",27,64,8192
"0,004289",28,64,8192
"0,004248",29,64,8192
"0,004247",30,64,8192
"0,004293",31,64,8192
"0,004284",32,64,8192
"0,004396",33,64,8192
"0,004389",34,64,8192
"0,004284",35,64,8192
"0,004405",36,64,8192
"0,004273",37,64,8192
"0,004236",38,64,8192
"0,004685",39,64,8192
"0,004366",40,64,8192
"0,004331",41,64,8192
"0,004282",42,64,8192
"0,003684",43,64,8192
"0,004295",44,64,8192
"0,004422",45,64,8192
"0,004297",46,64,8192
"0,004351",47,64,8192
"0,004314",48,64,8192
"0,004445",49,64,8192
"0,004411",50,64,8192
"0,004255",51,64,8192
"0,004216",52,64,8192
"0,004203",53,64,8192
"0,004223",54,64,8192
"0,004295",55,64,8192
"0,004335",56,64,8192
"0,004301",57,64,8192
"0,004293",58,64,8192
"0,00427",59,64,8192
"0,003156",60,64,8192
"0,004335",61,64,8192
"0,004249",62,64,8192
"0,004274",63,64,8192
"0,004337",64,64,8192
"0,003741",65,64,8192
"0,004333",66,64,8192
"0,004221",67,64,8192
"0,004285",68,64,8192
"0,004196",69,64,8192
"0,004244",70,64,8192
"0,004392",71,64,8192
"0,003274",72,64,8192
"0,003668",73,64,8192
"0,004356",74,64,8192
"0,004233",75,64,8192
"0,004295",76,64,8192
"0,004235",77,64,8192
"0,00435",78,64,8192
"0,004369",79,64,8192
"0,004398",80,64,8192
"0,00426",81,64,8192
"0,004356",82,64,8192
"0,004234",83,64,8192
"0,004231",84,64,8192
"0,00423",85,64,8192
"0,004339",86,64,8192
"0,004373",87,64,8192
"0,00436",88,64,8192
"0,004258",89,64,8192
"0,004219",90,64,8192
"0,004251",91,64,8192
"0,004203",92,64,8192
"0,004378",93,64,8192
"0,004302",94,64,8192
"0,004473",95,64,8192
"0,004395",96,64,8192
"0,004253",97,64,8192
"0,003245",98,64,8192
"0,004344",99,64,8192
"0,004297",0,128,4096
"0,00496",1,128,4096
"0,004407",2,128,4096
"0,004319",3,128,4096
"0,004239",4,128,4096
"0,004842",5,128,4096
"0,004312",6,128,4096
"0,00425",7,128,4096
"0,00449",8,128,4096
"0,004337",9,128,4096
"0,00437",10,128,4096
"0,004305",11,128,4096
"0,00425",12,128,4096
"0,004262",13,128,4096
"0,004828",14,128,4096
"0,004245",15,128,4096
"0,004331",16,128,4096
"0,00442",17,128,4096
"0,004275",18,128,4096
"0,005553",19,128,4096
"0,003351",20,128,4096
"0,004266",21,128,4096
"0,00427",22,128,4096
"0,004887",23,128,4096
"0,004261",24,128,4096
"0,004501",25,128,4096
"0,004327",26,128,4096
"0,004948",27,128,4096
"0,004304",28,128,4096
"0,003729",29,128,4096
"0,004228",30,128,4096
"0,00429",31,128,4096
"0,004306",32,128,4096
"0,004389",33,128,4096
"0,004298",34,128,4096
"0,004826",35,128,4096
"0,00433",36,128,4096
"0,005161",37,128,4096
"0,004293",38,128,4096
"0,004288",39,128,4096
"0,004297",40,128,4096
"0,004297",41,128,4096
"0,00431",42,128,4096
"0,004715",43,128,4096
"0,004271",44,128,4096
"0,003216",45,128,4096
"0,004921",46,128,4096
"0,004265",47,128,4096
"0,004493",48,128,4096
"0,004344",49,128,4096
"0,004525",50,128,4096
"0,004283",51,128,4096
"0,0045",52,128,4096
"0,004364",53,128,4096
"0,004412",54,128,4096
"0,004389",55,128,4096
"0,004444",56,128,4096
"0,004388",57,128,4096
"0,004253",58,128,4096
"0,004228",59,128,4096
"0,00429",60,128,4096
"0,004257",61,128,4096
"0,004473",62,128,4096
"0,004345",63,128,4096
"0,004384",64,128,4096
"0,004296",65,128,4096
"0,004248",66,128,4096
"0,00422",67,128,4096
"0,00436",68,128,4096
"0,004251",69,128,4096
"0,004351",70,128,4096
"0,004305",71,128,4096
"0,004241",72,128,4096
"0,003704",73,128,4096
"0,004236",74,128,4096
"0,004262",75,128,4096
"0,004212",76,128,4096
"0,004255",77,128,4096
"0,004318",78,128,4096
"0,004253",79,128,4096
"0,00486",80,128,4096
"0,004228",81,128,4096
"0,004256",82,128,4096
"0,004212",83,128,4096
"0,004253",84,128,4096
"0,004268",85,128,4096
"0,004387",86,128,4096
"0,004227",87,128,4096
"0,004325",88,128,4096
"0,003661",89,128,4096
"0,004336",90,128,4096
"0,004273",91,128,4096
"0,004263",92,128,4096
"0,004382",93,128,4096
"0,004361",94,128,4096
"0,004262",95,128,4096
"0,004235",96,128,4096
"0,004254",97,128,4096
"0,004217",98,128,4096
"0,004264",99,128,4096
"0,004224",0,256,2048
"0,004312",1,256,2048
"0,004402",2,256,2048
"0,004264",3,256,2048
"0,00498",4,256,2048
"0,003671",5,256,2048
"0,004217",6,256,2048
"0,00422",7,256,2048
"0,004246",8,256,2048
"0,004358",9,256,2048
"0,004248",10,256,2048
"0,003157",11,256,2048
"0,004426",12,256,2048
"0,004387",13,256,2048
"0,004625",14,256,2048
"0,004434",15,256,2048
"0,004544",16,256,2048
"0,004456",17,256,2048
"0,004366",18,256,2048
"0,004409",19,256,2048
"0,004484",20,256,2048
"0,004372",21,256,2048
"0,004289",22,256,2048
"0,004518",23,256,2048
"0,004377",24,256,2048
"0,004457",25,256,2048
"0,004394",26,256,2048
"0,0043",27,256,2048
"0,004259",28,256,2048
"0,004993",29,256,2048
"0,004242",30,256,2048
"0,00426",31,256,2048
"0,004399",32,256,2048
"0,004186",33,256,2048
"0,004315",34,256,2048
"0,004239",35,256,2048
"0,004255",36,256,2048
"0,004312",37,256,2048
"0,004229",38,256,2048
"0,004349",39,256,2048
"0,004399",40,256,2048
"0,004217",41,256,2048
"0,004834",42,256,2048
"0,003158",43,256,2048
"0,004272",44,256,2048
"0,004268",45,256,2048
"0,004337",46,256,2048
"0,004393",47,256,2048
"0,004251",48,256,2048
"0,004411",49,256,2048
"0,004474",50,256,2048
"0,004227",51,256,2048
"0,004299",52,256,2048
"0,004436",53,256,2048
"0,004447",54,256,2048
"0,004291",55,256,2048
"0,004384",56,256,2048
"0,004231",57,256,2048
"0,004414",58,256,2048
"0,004347",59,256,2048
"0,004274",60,256,2048
"0,004288",61,256,2048
"0,004387",62,256,2048
"0,004325",63,256,2048
"0,004253",64,256,2048
"0,004365",65,256,2048
"0,004216",66,256,2048
"0,003669",67,256,2048
"0,004402",68,256,2048
"0,004361",69,256,2048
"0,003782",70,256,2048
"0,004396",71,256,2048
"0,00428",72,256,2048
"0,004244",73,256,2048
"0,004374",74,256,2048
"0,004351",75,256,2048
"0,004322",76,256,2048
"0,004365",77,256,2048
"0,00366",78,256,2048
"0,004331",79,256,2048
"0,004299",80,256,2048
"0,004405",81,256,2048
"0,004287",82,256,2048
"0,005532",83,256,2048
"0,004936",84,256,2048
"0,004411",85,256,2048
"0,004392",86,256,2048
"0,004353",87,256,2048
"0,004296",88,256,2048
"0,00495",89,256,2048
"0,003841",90,256,2048
"0,004246",91,256,2048
"0,004433",92,256,2048
"0,00439",93,256,2048
"0,004269",94,256,2048
"0,004886",95,256,2048
"0,004271",96,256,2048
"0,004806",97,256,2048
"0,004358",98,256,2048
"0,004239",99,256,2048
"0,004405",0,512,1024
"0,004922",1,512,1024
"0,004264",2,512,1024
"0,00487",3,512,1024
"0,004294",4,512,1024
"0,004375",5,512,1024
"0,004295",6,512,1024
"0,005039",7,512,1024
"0,004431",8,512,1024
"0,004349",9,512,1024
"0,004423",10,512,1024
"0,004261",11,512,1024
"0,004269",12,512,1024
"0,004283",13,512,1024
"0,004391",14,512,1024
"0,004379",15,512,1024
"0,004288",16,512,1024
"0,004952",17,512,1024
"0,003698",18,512,1024
"0,004349",19,512,1024
"0,003182",20,512,1024
"0,004325",21,512,1024
"0,004353",22,512,1024
"0,00435",23,512,1024
"0,004247",24,512,1024
"0,004325",25,512,1024
"0,004343",26,512,1024
"0,004331",27,512,1024
"0,004278",28,512,1024
"0,004358",29,512,1024
"0,004335",30,512,1024
"0,004284",31,512,1024
"0,004266",32,512,1024
"0,004445",33,512,1024
"0,004323",34,512,1024
"0,004454",35,512,1024
"0,004326",36,512,1024
"0,00431",37,512,1024
"0,004332",38,512,1024
"0,004242",39,512,1024
"0,004326",40,512,1024
"0,004316",41,512,1024
"0,004303",42,512,1024
"0,004346",43,512,1024
"0,004276",44,512,1024
"0,004326",45,512,1024
"0,004331",46,512,1024
"0,004218",47,512,1024
"0,004361",48,512,1024
"0,004273",49,512,1024
"0,004308",50,512,1024
"0,004373",51,512,1024
"0,004399",52,512,1024
"0,004358",53,512,1024
"0,004323",54,512,1024
"0,004417",55,512,1024
"0,004276",56,512,1024
"0,004311",57,512,1024
"0,004281",58,512,1024
"0,004288",59,512,1024
"0,004364",60,512,1024
"0,004357",61,512,1024
"0,004399",62,512,1024
"0,004244",63,512,1024
"0,004337",64,512,1024
"0,004326",65,512,1024
"0,004269",66,512,1024
"0,00444",67,512,1024
"0,004356",68,512,1024
"0,004383",69,512,1024
"0,00431",70,512,1024
"0,004313",71,512,1024
"0,004233",72,512,1024
"0,004398",73,512,1024
"0,004289",74,512,1024
"0,00434",75,512,1024
"0,004303",76,512,1024
"0,004244",77,512,1024
"0,004402",78,512,1024
"0,004258",79,512,1024
"0,003305",80,512,1024
"0,004245",81,512,1024
"0,004425",82,512,1024
"0,004426",83,512,1024
"0,004431",84,512,1024
"0,004312",85,512,1024
"0,004298",86,512,1024
"0,004344",87,512,1024
"0,004237",88,512,1024
"0,004393",89,512,1024
"0,004308",90,512,1024
"0,004309",91,512,1024
"0,004299",92,512,1024
"0,004373",93,512,1024
"0,004343",94,512,1024
"0,0043",95,512,1024
"0,00428",96,512,1024
"0,004329",97,512,1024
"0,004414",98,512,1024
"0,004282",99,512,1024
"0,004304",0,1024,512
"0,00433",1,1024,512
"0,004233",2,1024,512
"0,004369",3,1024,512
"0,004234",4,1024,512
"0,00437",5,1024,512
"0,004374",6,1024,512
"0,004335",7,1024,512
"0,00428",8,1024,512
"0,004173",9,1024,512
"0,004377",10,1024,512
"0,00427",11,1024,512
"0,004436",12,1024,512
"0,003223",13,1024,512
"0,004387",14,1024,512
"0,004312",15,1024,512
"0,004338",16,1024,512
"0,004273",17,1024,512
"0,004296",18,1024,512
"0,004238",19,1024,512
"0,004448",20,1024,512
"0,004339",21,1024,512
"0,004365",22,1024,512
"0,004258",23,1024,512
"0,004394",24,1024,512
"0,004285",25,1024,512
"0,004342",26,1024,512
"0,004296",27,1024,512
"0,004421",28,1024,512
"0,004429",29,1024,512
"0,004417",30,1024,512
"0,004276",31,1024,512
"0,004276",32,1024,512
"0,004353",33,1024,512
"0,004261",34,1024,512
"0,004332",35,1024,512
"0,004932",36,1024,512
"0,004366",37,1024,512
"0,00427",38,1024,512
"0,004324",39,1024,512
"0,004238",40,1024,512
"0,004343",41,1024,512
"0,003668",42,1024,512
"0,004342",43,1024,512
"0,004269",44,1024,512
"0,004351",45,1024,512
"0,004279",46,1024,512
"0,004318",47,1024,512
"0,004253",48,1024,512
"0,004306",49,1024,512
"0,004322",50,1024,512
"0,004453",51,1024,512
"0,00437",52,1024,512
"0,004422",53,1024,512
"0,004253",54,1024,512
"0,004454",55,1024,512
"0,004401",56,1024,512
"0,004285",57,1024,512
"0,003279",58,1024,512
"0,004338",59,1024,512
"0,004249",60,1024,512
"0,004326",61,1024,512
"0,004247",62,1024,512
"0,004366",63,1024,512
"0,004325",64,1024,512
"0,004248",65,1024,512
"0,004413",66,1024,512
"0,004396",67,1024,512
"0,004293",68,1024,512
"0,004326",69,1024,512
"0,004313",70,1024,512
"0,004389",71,1024,512
"0,004294",72,1024,512
"0,004311",73,1024,512
"0,00438",74,1024,512
"0,004274",75,1024,512
"0,004282",76,1024,512
"0,004256",77,1024,512
"0,004334",78,1024,512
"0,004246",79,1024,512
"0,004327",80,1024,512
"0,004384",81,1024,512
"0,004331",82,1024,512
"0,004852",83,1024,512
"0,004265",84,1024,512
"0,004312",85,1024,512
"0,004294",86,1024,512
"0,004432",87,1024,512
"0,004281",88,1024,512
"0,004413",89,1024,512
"0,004341",90,1024,512
"0,00431",91,1024,512
"0,003719",92,1024,512
"0,004334",93,1024,512
"0,004399",94,1024,512
"0,004267",95,1024,512
"0,00434",96,1024,512
"0,004264",97,1024,512
"0,004456",98,1024,512
"0,004256",99,1024,512
"0,004386",0,2048,256
"0,004271",1,2048,256
"0,004293",2,2048,256
"0,004254",3,2048,256
"0,003279",4,2048,256
"0,004518",5,2048,256
"0,004323",6,2048,256
"0,004943",7,2048,256
"0,004231",8,2048,256
"0,004455",9,2048,256
"0,004226",10,2048,256
"0,004352",11,2048,256
"0,004345",12,2048,256
"0,004283",13,2048,256
"0,00426",14,2048,256
"0,004357",15,2048,256
"0,004259",16,2048,256
"0,00321",17,2048,256
"0,004304",18,2048,256
"0,004345",19,2048,256
"0,004259",20,2048,256
"0,004243",21,2048,256
"0,003639",22,2048,256
"0,003307",23,2048,256
"0,004249",24,2048,256
"0,0044",25,2048,256
"0,00438",26,2048,256
"0,004379",27,2048,256
"0,004416",28,2048,256
"0,004414",29,2048,256
"0,004267",30,2048,256
"0,004388",31,2048,256
"0,00427",32,2048,256
"0,004315",33,2048,256
"0,00459",34,2048,256
"0,004375",35,2048,256
"0,004237",36,2048,256
"0,004339",37,2048,256
"0,004242",38,2048,256
"0,004272",39,2048,256
"0,004273",40,2048,256
"0,004338",41,2048,256
"0,004875",42,2048,256
"0,004387",43,2048,256
"0,004871",44,2048,256
"0,00439",45,2048,256
"0,004272",46,2048,256
"0,004393",47,2048,256
"0,00427",48,2048,256
"0,004842",49,2048,256
"0,004384",50,2048,256
"0,004324",51,2048,256
"0,004878",52,2048,256
"0,004416",53,2048,256
"0,004368",54,2048,256
"0,005604",55,2048,256
"0,004338",56,2048,256
"0,004597",57,2048,256
"0,004437",58,2048,256
"0,004257",59,2048,256
"0,003275",60,2048,256
"0,004298",61,2048,256
"0,003716",62,2048,256
"0,003632",63,2048,256
"0,004413",64,2048,256
"0,003795",65,2048,256
"0,004351",66,2048,256
"0,004322",67,2048,256
"0,004395",68,2048,256
"0,00425",69,2048,256
"0,004321",70,2048,256
"0,004282",71,2048,256
"0,004452",72,2048,256
"0,004311",73,2048,256
"0,004247",74,2048,256
"0,004404",75,2048,256
"0,004323",76,2048,256
"0,004292",77,2048,256
"0,004333",78,2048,256
"0,00494",79,2048,256
"0,004355",80,2048,256
"0,004327",81,2048,256
"0,00427",82,2048,256
"0,00437",83,2048,256
"0,004288",84,2048,256
"0,004337",85,2048,256
"0,00423",86,2048,256
"0,004393",87,2048,256
"0,004361",88,2048,256
"0,004275",89,2048,256
"0,004268",90,2048,256
"0,004385",91,2048,256
"0,004269",92,2048,256
"0,004359",93,2048,256
"0,004268",94,2048,256
"0,004398",95,2048,256
"0,004274",96,2048,256
"0,004322",97,2048,256
"0,004266",98,2048,256
"0,004224",99,2048,256
"0,003701",0,4096,128
"0,00425",1,4096,128
"0,003252",2,4096,128
"0,004471",3,4096,128
"0,004391",4,4096,128
"0,004222",5,4096,128
"0,004404",6,4096,128
"0,004333",7,4096,128
"0,004393",8,4096,128
"0,00424",9,4096,128
"0,004419",10,4096,128
"0,004395",11,4096,128
"0,00438",12,4096,128
"0,004268",13,4096,128
"0,004345",14,4096,128
"0,004309",15,4096,128
"0,004211",16,4096,128
"0,004282",17,4096,128
"0,004305",18,4096,128
"0,004291",19,4096,128
"0,004206",20,4096,128
"0,004389",21,4096,128
"0,004271",22,4096,128
"0,004348",23,4096,128
"0,004285",24,4096,128
"0,004279",25,4096,128
"0,004432",26,4096,128
"0,004362",27,4096,128
"0,00427",28,4096,128
"0,004275",29,4096,128
"0,003259",30,4096,128
"0,004179",31,4096,128
"0,00425",32,4096,128
"0,004423",33,4096,128
"0,004328",34,4096,128
"0,004321",35,4096,128
"0,004249",36,4096,128
"0,004414",37,4096,128
"0,004211",38,4096,128
"0,004331",39,4096,128
"0,004365",40,4096,128
"0,004408",41,4096,128
"0,004299",42,4096,128
"0,004243",43,4096,128
"0,004312",44,4096,128
"0,004188",45,4096,128
"0,004353",46,4096,128
"0,004209",47,4096,128
"0,004191",48,4096,128
"0,004448",49,4096,128
"0,004276",50,4096,128
"0,004323",51,4096,128
"0,004225",52,4096,128
"0,004302",53,4096,128
"0,00438",54,4096,128
"0,004343",55,4096,128
"0,004331",56,4096,128
"0,00432",57,4096,128
"0,004211",58,4096,128
"0,00426",59,4096,128
"0,004223",60,4096,128
"0,004235",61,4096,128
"0,00443",62,4096,128
"0,004389",63,4096,128
"0,00447",64,4096,128
"0,00437",65,4096,128
"0,004322",66,4096,128
"0,004296",67,4096,128
"0,004396",68,4096,128
"0,00444",69,4096,128
"0,004252",70,4096,128
"0,004285",71,4096,128
"0,004459",72,4096,128
"0,004268",73,4096,128
"0,004158",74,4096,128
"0,004289",75,4096,128
"0,00422",76,4096,128
"0,004253",77,4096,128
"0,004193",78,4096,128
"0,004315",79,4096,128
"0,004407",80,4096,128
"0,00441",81,4096,128
"0,004273",82,4096,128
"0,004211",83,4096,128
"0,004398",84,4096,128
"0,004089",85,4096,128
"0,004407",86,4096,128
"0,004477",87,4096,128
"0,00434",88,4096,128
"0,004277",89,4096,128
"0,004315",90,4096,128
"0,004257",91,4096,128
"0,004235",92,4096,128
"0,00439",93,4096,128
"0,004378",94,4096,128
"0,004348",95,4096,128
"0,004405",96,4096,128
"0,00425",97,4096,128
"0,004223",98,4096,128
"0,004345",99,4096,128
"0,004235",0,8192,64
"0,004251",1,8192,64
"0,004287",2,8192,64
"0,00327",3,8192,64
"0,004479",4,8192,64
"0,004286",5,8192,64
"0,003618",6,8192,64
"0,00425",7,8192,64
"0,004205",8,8192,64
"0,004261",9,8192,64
"0,00434",10,8192,64
"0,003271",11,8192,64
"0,004304",12,8192,64
"0,004463",13,8192,64
"0,004272",14,8192,64
"0,004259",15,8192,64
"0,004336",16,8192,64
"0,004258",17,8192,64
"0,004434",18,8192,64
"0,004272",19,8192,64
"0,004189",20,8192,64
"0,004345",21,8192,64
"0,004419",22,8192,64
"0,004377",23,8192,64
"0,004327",24,8192,64
"0,004425",25,8192,64
"0,004353",26,8192,64
"0,004282",27,8192,64
"0,004313",28,8192,64
"0,00429",29,8192,64
"0,004434",30,8192,64
"0,004261",31,8192,64
"0,004401",32,8192,64
"0,004343",33,8192,64
"0,005221",34,8192,64
"0,004365",35,8192,64
"0,004356",36,8192,64
"0,004416",37,8192,64
"0,004296",38,8192,64
"0,004213",39,8192,64
"0,004273",40,8192,64
"0,004476",41,8192,64
"0,004341",42,8192,64
"0,004214",43,8192,64
"0,004191",44,8192,64
"0,004595",45,8192,64
"0,004257",46,8192,64
"0,004315",47,8192,64
"0,004381",48,8192,64
"0,003741",49,8192,64
"0,004316",50,8192,64
"0,004231",51,8192,64
"0,004262",52,8192,64
"0,004345",53,8192,64
"0,004198",54,8192,64
"0,004248",55,8192,64
"0,004316",56,8192,64
"0,004274",57,8192,64
"0,003699",58,8192,64
"0,004443",59,8192,64
"0,00429",60,8192,64
"0,004363",61,8192,64
"0,004208",62,8192,64
"0,004338",63,8192,64
"0,0044",64,8192,64
"0,004278",65,8192,64
"0,004212",66,8192,64
"0,004236",67,8192,64
"0,004304",68,8192,64
"0,004324",69,8192,64
"0,004319",70,8192,64
"0,003253",71,8192,64
"0,00436",72,8192,64
"0,004271",73,8192,64
"0,004222",74,8192,64
"0,004266",75,8192,64
"0,004204",76,8192,64
"0,004341",77,8192,64
"0,00436",78,8192,64
"0,004339",79,8192,64
"0,004318",80,8192,64
"0,003186",81,8192,64
"0,004216",82,8192,64
"0,004246",83,8192,64
"0,004204",84,8192,64
"0,004305",85,8192,64
"0,004217",86,8192,64
"0,004396",87,8192,64
"0,004249",88,8192,64
"0,004333",89,8192,64
"0,003646",90,8192,64
"0,004355",91,8192,64
"0,00423",92,8192,64
"0,004378",93,8192,64
"0,004319",94,8192,64
"0,004346",95,8192,64
"0,00451",96,8192,64
"0,00425",97,8192,64
"0,00429",98,8192,64
"0,004177",99,8192,64
"0,007524",0,128,8192
"0,007437",1,128,8192
"0,007699",2,128,8192
"0,007726",3,128,8192
"0,00752",4,128,8192
"0,007652",5,128,8192
"0,00759",6,128,8192
"0,007505",7,128,8192
"0,007537",8,128,8192
"0,007877",9,128,8192
"0,007605",10,128,8192
"0,007682",11,128,8192
"0,007572",12,128,8192
"0,007612",13,128,8192
"0,007655",14,128,8192
"0,007554",15,128,8192
"0,00786",16,128,8192
"0,007548",17,128,8192
"0,006945",18,128,8192
"0,007479",19,128,8192
"0,007696",20,128,8192
"0,007419",21,128,8192
"0,00751",22,128,8192
"0,007698",23,128,8192
"0,007502",24,128,8192
"0,007614",25,128,8192
"0,00759",26,128,8192
"0,007635",27,128,8192
"0,00698",28,128,8192
"0,007824",29,128,8192
"0,00758",30,128,8192
"0,007611",31,128,8192
"0,007467",32,128,8192
"0,007573",33,128,8192
"0,007543",34,128,8192
"0,007614",35,128,8192
"0,007696",36,128,8192
"0,007703",37,128,8192
"0,007805",38,128,8192
"0,007488",39,128,8192
"0,007551",40,128,8192
"0,007518",41,128,8192
"0,006965",42,128,8192
"0,007933",43,128,8192
"0,007658",44,128,8192
"0,007517",45,128,8192
"0,007555",46,128,8192
"0,007544",47,128,8192
"0,007583",48,128,8192
"0,00764",49,128,8192
"0,007922",50,128,8192
"0,007643",51,128,8192
"0,00697",52,128,8192
"0,007583",53,128,8192
"0,0075",54,128,8192
"0,007598",55,128,8192
"0,007445",56,128,8192
"0,007793",57,128,8192
"0,007706",58,128,8192
"0,007476",59,128,8192
"0,007513",60,128,8192
"0,007484",61,128,8192
"0,007486",62,128,8192
"0,007659",63,128,8192
"0,007727",64,128,8192
"0,007577",65,128,8192
"0,007635",66,128,8192
"0,007456",67,128,8192
"0,007518",68,128,8192
"0,007442",69,128,8192
"0,007483",70,128,8192
"0,008399",71,128,8192
"0,007476",72,128,8192
"0,006911",73,128,8192
"0,00756",74,128,8192
"0,007593",75,128,8192
"0,007555",76,128,8192
"0,007607",77,128,8192
"0,007695",78,128,8192
"0,007728",79,128,8192
"0,007564",80,128,8192
"0,007441",81,128,8192
"0,007681",82,128,8192
"0,007563",83,128,8192
"0,007585",84,128,8192
"0,007686",85,128,8192
"0,007899",86,128,8192
"0,00753",87,128,8192
"0,007484",88,128,8192
"0,007515",89,128,8192
"0,0069",90,128,8192
"0,007627",91,128,8192
"0,007791",92,128,8192
"0,006929",93,128,8192
"0,007529",94,128,8192
"0,007507",95,128,8192
"0,007676",96,128,8192
"0,007467",97,128,8192
"0,007722",98,128,8192
"0,008312",99,128,8192
"0,007597",0,256,4096
"0,00754",1,256,4096
"0,007594",2,256,4096
"0,007477",3,256,4096
"0,00761",4,256,4096
"0,007854",5,256,4096
"0,007855",6,256,4096
"0,007545",7,256,4096
"0,007577",8,256,4096
"0,007715",9,256,4096
"0,007492",10,256,4096
"0,007445",11,256,4096
"0,007795",12,256,4096
"0,007852",13,256,4096
"0,007505",14,256,4096
"0,007529",15,256,4096
"0,007529",16,256,4096
"0,007633",17,256,4096
"0,007635",18,256,4096
"0,007715",19,256,4096
"0,007623",20,256,4096
"0,007873",21,256,4096
"0,007485",22,256,4096
"0,007717",23,256,4096
"0,007459",24,256,4096
"0,00768",25,256,4096
"0,007663",26,256,4096
"0,007735",27,256,4096
"0,007555",28,256,4096
"0,007584",29,256,4096
"0,007592",30,256,4096
"0,007577",31,256,4096
"0,007487",32,256,4096
"0,007772",33,256,4096
"0,006952",34,256,4096
"0,007791",35,256,4096
"0,00741",36,256,4096
"0,006857",37,256,4096
"0,007396",38,256,4096
"0,00763",39,256,4096
"0,007714",40,256,4096
"0,007587",41,256,4096
"0,007541",42,256,4096
"0,007525",43,256,4096
"0,007577",44,256,4096
"0,007851",45,256,4096
"0,007625",46,256,4096
"0,007276",47,256,4096
"0,007459",48,256,4096
"0,007562",49,256,4096
"0,007629",50,256,4096
"0,007812",51,256,4096
"0,007499",52,256,4096
"0,007607",53,256,4096
"0,007733",54,256,4096
"0,007527",55,256,4096
"0,007463",56,256,4096
"0,007518",57,256,4096
"0,00742",58,256,4096
"0,007535",59,256,4096
"0,00843",60,256,4096
"0,008132",61,256,4096
"0,007791",62,256,4096
"0,007717",63,256,4096
"0,007585",64,256,4096
"0,007682",65,256,4096
"0,007699",66,256,4096
"0,00788",67,256,4096
"0,007724",68,256,4096
"0,007851",69,256,4096
"0,007653",70,256,4096
"0,007888",71,256,4096
"0,007657",72,256,4096
"0,009174",73,256,4096
"0,008021",74,256,4096
"0,007622",75,256,4096
"0,00745",76,256,4096
"0,007762",77,256,4096
"0,007479",78,256,4096
"0,007641",79,256,4096
"0,007441",80,256,4096
"0,007827",81,256,4096
"0,007732",82,256,4096
"0,007554",83,256,4096
"0,00753",84,256,4096
"0,007587",85,256,4096
"0,008823",86,256,4096
"0,007432",87,256,4096
"0,007696",88,256,4096
"0,00747",89,256,4096
"0,007664",90,256,4096
"0,007591",91,256,4096
"0,007424",92,256,4096
"0,007513",93,256,4096
"0,007841",94,256,4096
"0,007689",95,256,4096
"0,007645",96,256,4096
"0,007425",97,256,4096
"0,00759",98,256,4096
"0,006312",99,256,4096
"0,007748",0,512,2048
"0,007775",1,512,2048
"0,007724",2,512,2048
"0,007593",3,512,2048
"0,007597",4,512,2048
"0,00748",5,512,2048
"0,007474",6,512,2048
"0,007584",7,512,2048
"0,007623",8,512,2048
"0,007632",9,512,2048
"0,00758",10,512,2048
"0,007443",11,512,2048
"0,00749",12,512,2048
"0,007065",13,512,2048
"0,007626",14,512,2048
"0,007755",15,512,2048
"0,00779",16,512,2048
"0,007789",17,512,2048
"0,007435",18,512,2048
"0,007591",19,512,2048
"0,007545",20,512,2048
"0,007472",21,512,2048
"0,007664",22,512,2048
"0,007625",23,512,2048
"0,007635",24,512,2048
"0,007419",25,512,2048
"0,007669",26,512,2048
"0,007542",27,512,2048
"0,00752",28,512,2048
"0,007738",29,512,2048
"0,007536",30,512,2048
"0,007578",31,512,2048
"0,007475",32,512,2048
"0,007549",33,512,2048
"0,006798",34,512,2048
"0,007635",35,512,2048
"0,007793",36,512,2048
"0,007664",37,512,2048
"0,007532",38,512,2048
"0,007805",39,512,2048
"0,007415",40,512,2048
"0,007551",41,512,2048
"0,007653",42,512,2048
"0,007742",43,512,2048
"0,007597",44,512,2048
"0,007414",45,512,2048
"0,007536",46,512,2048
"0,007545",47,512,2048
"0,007526",48,512,2048
"0,007553",49,512,2048
"0,007625",50,512,2048
"0,007804",51,512,2048
"0,006374",52,512,2048
"0,007743",53,512,2048
"0,007759",54,512,2048
"0,007498",55,512,2048
"0,007683",56,512,2048
"0,007212",57,512,2048
"0,007568",58,512,2048
"0,007609",59,512,2048
"0,007553",60,512,2048
"0,007586",61,512,2048
"0,007507",62,512,2048
"0,007548",63,512,2048
"0,007557",64,512,2048
"0,007736",65,512,2048
"0,007579",66,512,2048
"0,007074",67,512,2048
"0,007421",68,512,2048
"0,007697",69,512,2048
"0,007443",70,512,2048
"0,007834",71,512,2048
"0,00778",72,512,2048
"0,007404",73,512,2048
"0,007614",74,512,2048
"0,007476",75,512,2048
"0,00753",76,512,2048
"0,007782",77,512,2048
"0,00772",78,512,2048
"0,007558",79,512,2048
"0,007658",80,512,2048
"0,007677",81,512,2048
"0,007583",82,512,2048
"0,007441",83,512,2048
"0,007403",84,512,2048
"0,007685",85,512,2048
"0,007589",86,512,2048
"0,007647",87,512,2048
"0,007641",88,512,2048
"0,007383",89,512,2048
"0,007703",90,512,2048
"0,007448",91,512,2048
"0,007661",92,512,2048
"0,007754",93,512,2048
"0,007512",94,512,2048
"0,007636",95,512,2048
"0,007541",96,512,2048
"0,007665",97,512,2048
"0,007763",98,512,2048
"0,007606",99,512,2048
"0,007534",0,1024,1024
"0,007697",1,1024,1024
"0,00748",2,1024,1024
"0,007653",3,1024,1024
"0,007525",4,1024,1024
"0,007513",5,1024,1024
"0,007765",6,1024,1024
"0,006945",7,1024,1024
"0,007708",8,1024,1024
"0,007503",9,1024,1024
"0,00758",10,1024,1024
"0,007406",11,1024,1024
"0,00782",12,1024,1024
"0,007696",13,1024,1024
"0,006485",14,1024,1024
"0,007626",15,1024,1024
"0,007509",16,1024,1024
"0,007382",17,1024,1024
"0,007676",18,1024,1024
"0,007579",19,1024,1024
"0,00769",20,1024,1024
"0,007679",21,1024,1024
"0,007486",22,1024,1024
"0,007692",23,1024,1024
"0,007436",24,1024,1024
"0,007647",25,1024,1024
"0,007807",26,1024,1024
"0,00762",27,1024,1024
"0,00746",28,1024,1024
"0,007644",29,1024,1024
"0,007483",30,1024,1024
"0,007653",31,1024,1024
"0,007454",32,1024,1024
"0,007781",33,1024,1024
"0,007614",34,1024,1024
"0,007687",35,1024,1024
"0,007467",36,1024,1024
"0,006419",37,1024,1024
"0,007458",38,1024,1024
"0,007701",39,1024,1024
"0,007678",40,1024,1024
"0,007617",41,1024,1024
"0,007489",42,1024,1024
"0,007659",43,1024,1024
"0,007437",44,1024,1024
"0,00768",45,1024,1024
"0,007032",46,1024,1024
"0,00764",47,1024,1024
"0,007652",48,1024,1024
"0,007556",49,1024,1024
"0,00757",50,1024,1024
"0,007439",51,1024,1024
"0,007705",52,1024,1024
"0,007394",53,1024,1024
"0,006587",54,1024,1024
"0,007657",55,1024,1024
"0,007574",56,1024,1024
"0,007821",57,1024,1024
"0,007495",58,1024,1024
"0,007714",59,1024,1024
"0,007488",60,1024,1024
"0,007807",61,1024,1024
"0,007507",62,1024,1024
"0,007582",63,1024,1024
"0,007501",64,1024,1024
"0,007596",65,1024,1024
"0,007393",66,1024,1024
"0,006548",67,1024,1024
"0,007666",68,1024,1024
"0,007549",69,1024,1024
"0,007615",70,1024,1024
"0,007418",71,1024,1024
"0,007687",72,1024,1024
"0,007473",73,1024,1024
"0,007721",74,1024,1024
"0,00766",75,1024,1024
"0,007548",76,1024,1024
"0,007697",77,1024,1024
"0,007766",78,1024,1024
"0,007518",79,1024,1024
"0,007645",80,1024,1024
"0,007514",81,1024,1024
"0,007735",82,1024,1024
"0,007729",83,1024,1024
"0,006836",84,1024,1024
"0,007488",85,1024,1024
"0,007765",86,1024,1024
"0,007458",87,1024,1024
"0,007784",88,1024,1024
"0,007797",89,1024,1024
"0,007734",90,1024,1024
"0,007624",91,1024,1024
"0,007534",92,1024,1024
"0,007539",93,1024,1024
"0,007753",94,1024,1024
"0,007653",95,1024,1024
"0,007667",96,1024,1024
"0,007433",97,1024,1024
"0,007694",98,1024,1024
"0,006289",99,1024,1024
"0,007668",0,2048,512
"0,007795",1,2048,512
"0,007675",2,2048,512
"0,006587",3,2048,512
"0,007548",4,2048,512
"0,007664",5,2048,512
"0,007504",6,2048,512
"0,007642",7,2048,512
"0,007426",8,2048,512
"0,007842",9,2048,512
"0,007745",10,2048,512
"0,007527",11,2048,512
"0,007706",12,2048,512
"0,007492",13,2048,512
"0,007638",14,2048,512
"0,007435",15,2048,512
"0,007715",16,2048,512
"0,007651",17,2048,512
"0,007629",18,2048,512
"0,007508",19,2048,512
"0,00768",20,2048,512
"0,007637",21,2048,512
"0,007026",22,2048,512
"0,007682",23,2048,512
"0,007659",24,2048,512
"0,007434",25,2048,512
"0,007593",26,2048,512
"0,007477",27,2048,512
"0,007716",28,2048,512
"0,007379",29,2048,512
"0,007754",30,2048,512
"0,007635",31,2048,512
"0,00749",32,2048,512
"0,007731",33,2048,512
"0,007795",34,2048,512
"0,007609",35,2048,512
"0,00761",36,2048,512
"0,007781",37,2048,512
"0,007518",38,2048,512
"0,007759",39,2048,512
"0,007572",40,2048,512
"0,007651",41,2048,512
"0,007646",42,2048,512
"0,007478",43,2048,512
"0,007626",44,2048,512
"0,007734",45,2048,512
"0,007595",46,2048,512
"0,007771",47,2048,512
"0,007427",48,2048,512
"0,007512",49,2048,512
"0,007389",50,2048,512
"0,007771",51,2048,512
"0,007676",52,2048,512
"0,007472",53,2048,512
"0,00768",54,2048,512
"0,007593",55,2048,512
"0,00745",56,2048,512
"0,007706",57,2048,512
"0,007598",58,2048,512
"0,007679",59,2048,512
"0,006883",60,2048,512
"0,007653",61,2048,512
"0,007389",62,2048,512
"0,007542",63,2048,512
"0,007469",64,2048,512
"0,007669",65,2048,512
"0,007503",66,2048,512
"0,007757",67,2048,512
"0,007377",68,2048,512
"0,007771",69,2048,512
"0,007445",70,2048,512
"0,007777",71,2048,512
"0,007679",72,2048,512
"0,007408",73,2048,512
"0,007551",74,2048,512
"0,007597",75,2048,512
"0,007399",76,2048,512
"0,007603",77,2048,512
"0,007573",78,2048,512
"0,007628",79,2048,512
"0,007471",80,2048,512
"0,007498",81,2048,512
"0,007663",82,2048,512
"0,007696",83,2048,512
"0,007406",84,2048,512
"0,007739",85,2048,512
"0,007578",86,2048,512
"0,007642",87,2048,512
"0,007439",88,2048,512
"0,007673",89,2048,512
"0,007639",90,2048,512
"0,007529",91,2048,512
"0,007628",92,2048,512
"0,007799",93,2048,512
"0,007623",94,2048,512
"0,007693",95,2048,512
"0,007447",96,2048,512
"0,0076",97,2048,512
"0,007372",98,2048,512
"0,007707",99,2048,512
"0,007868",0,4096,256
"0,007529",1,4096,256
"0,007651",2,4096,256
"0,006257",3,4096,256
"0,007685",4,4096,256
"0,007712",5,4096,256
"0,007693",6,4096,256
"0,007596",7,4096,256
"0,007631",8,4096,256
"0,007576",9,4096,256
"0,007395",10,4096,256
"0,007653",11,4096,256
"0,00749",12,4096,256
"0,007837",13,4096,256
"0,007666",14,4096,256
"0,00745",15,4096,256
"0,007648",16,4096,256
"0,007735",17,4096,256
"0,007448",18,4096,256
"0,007702",19,4096,256
"0,007695",20,4096,256
"0,007656",21,4096,256
"0,007503",22,4096,256
"0,00773",23,4096,256
"0,007646",24,4096,256
"0,007421",25,4096,256
"0,007659",26,4096,256
"0,007846",27,4096,256
"0,007745",28,4096,256
"0,007569",29,4096,256
"0,00756",30,4096,256
"0,006821",31,4096,256
"0,007656",32,4096,256
"0,007726",33,4096,256
"0,007714",34,4096,256
"0,007647",35,4096,256
"0,006903",36,4096,256
"0,007616",37,4096,256
"0,00774",38,4096,256
"0,007478",39,4096,256
"0,007667",40,4096,256
"0,007802",41,4096,256
"0,007631",42,4096,256
"0,007468",43,4096,256
"0,00776",44,4096,256
"0,007429",45,4096,256
"0,007071",46,4096,256
"0,007734",47,4096,256
"0,007775",48,4096,256
"0,007525",49,4096,256
"0,007671",50,4096,256
"0,007419",51,4096,256
"0,007752",52,4096,256
"0,007401",53,4096,256
"0,007441",54,4096,256
"0,007899",55,4096,256
"0,00774",56,4096,256
"0,007735",57,4096,256
"0,007444",58,4096,256
"0,007727",59,4096,256
"0,006855",60,4096,256
"0,007082",61,4096,256
"0,007559",62,4096,256
"0,007515",63,4096,256
"0,007609",64,4096,256
"0,006941",65,4096,256
"0,007726",66,4096,256
"0,007421",67,4096,256
"0,007681",68,4096,256
"0,007695",69,4096,256
"0,007673",70,4096,256
"0,007524",71,4096,256
"0,007014",72,4096,256
"0,007488",73,4096,256
"0,007691",74,4096,256
"0,00736",75,4096,256
"0,007825",76,4096,256
"0,007544",77,4096,256
"0,007598",78,4096,256
"0,007678",79,4096,256
"0,007402",80,4096,256
"0,007609",81,4096,256
"0,007424",82,4096,256
"0,007719",83,4096,256
"0,007625",84,4096,256
"0,007679",85,4096,256
"0,007389",86,4096,256
"0,006411",87,4096,256
"0,007716",88,4096,256
"0,007608",89,4096,256
"0,007706",90,4096,256
"0,007741",91,4096,256
"0,007471",92,4096,256
"0,007493",93,4096,256
"0,007441",94,4096,256
"0,007633",95,4096,256
"0,007581",96,4096,256
"0,007719",97,4096,256
"0,007515",98,4096,256
"0,007687",99,4096,256
"0,00742",0,8192,128
"0,007668",1,8192,128
"0,007696",2,8192,128
"0,007611",3,8192,128
"0,007648",4,8192,128
"0,007686",5,8192,128
"0,00772",6,8192,128
"0,007657",7,8192,128
"0,007445",8,8192,128
"0,0075",9,8192,128
"0,007743",10,8192,128
"0,007782",11,8192,128
"0,007542",12,8192,128
"0,007545",13,8192,128
"0,007661",14,8192,128
"0,007038",15,8192,128
"0,007569",16,8192,128
"0,007622",17,8192,128
"0,007716",18,8192,128
"0,007434",19,8192,128
"0,007052",20,8192,128
"0,007735",21,8192,128
"0,00748",22,8192,128
"0,007657",23,8192,128
"0,007728",24,8192,128
"0,007702",25,8192,128
"0,007642",26,8192,128
"0,007633",27,8192,128
"0,007453",28,8192,128
"0,007514",29,8192,128
"0,007692",30,8192,128
"0,007603",31,8192,128
"0,007672",32,8192,128
"0,007437",33,8192,128
"0,007688",34,8192,128
"0,007439",35,8192,128
"0,00695",36,8192,128
"0,007655",37,8192,128
"0,007619",38,8192,128
"0,007763",39,8192,128
"0,007466",40,8192,128
"0,007639",41,8192,128
"0,007614",42,8192,128
"0,007401",43,8192,128
"0,007626",44,8192,128
"0,007786",45,8192,128
"0,007545",46,8192,128
"0,007556",47,8192,128
"0,00745",48,8192,128
"0,007697",49,8192,128
"0,007486",50,8192,128
"0,007586",51,8192,128
"0,007786",52,8192,128
"0,007626",53,8192,128
"0,007464",54,8192,128
"0,006357",55,8192,128
"0,006958",56,8192,128
"0,007474",57,8192,128
"0,007671",58,8192,128
"0,007746",59,8192,128
"0,007484",60,8192,128
"0,007646",61,8192,128
"0,007414",62,8192,128
"0,007643",63,8192,128
"0,007621",64,8192,128
"0,007709",65,8192,128
"0,007687",66,8192,128
"0,007653",67,8192,128
"0,007532",68,8192,128
"0,00757",69,8192,128
"0,007564",70,8192,128
"0,007428",71,8192,128
"0,007623",72,8192,128
"0,007791",73,8192,128
"0,007544",74,8192,128
"0,007669",75,8192,128
"0,007381",76,8192,128
"0,00761",77,8192,128
"0,007477",78,8192,128
"0,007724",79,8192,128
"0,007625",80,8192,128
"0,007491",81,8192,128
"0,007683",82,8192,128
"0,007515",83,8192,128
"0,007677",84,8192,128
"0,006864",85,8192,128
"0,007714",86,8192,128
"0,007854",87,8192,128
"0,007548",88,8192,128
"0,007722",89,8192,128
"0,007697",90,8192,128
"0,007381",91,8192,128
"0,007594",92,8192,128
"0,007678",93,8192,128
"0,007738",94,8192,128
"0,007462",95,8192,128
"0,007626",96,8192,128
"0,007462",97,8192,128
"0,007563",98,8192,128
"0,007475",99,8192,128
"0,007712",0,16384,64
"0,007232",1,16384,64
"0,007646",2,16384,64
"0,007667",3,16384,64
"0,007444",4,16384,64
"0,007692",5,16384,64
"0,007621",6,16384,64
"0,007708",7,16384,64
"0,007697",8,16384,64
"0,007518",9,16384,64
"0,0074",10,16384,64
"0,007605",11,16384,64
"0,007519",12,16384,64
"0,007612",13,16384,64
"0,007647",14,16384,64
"0,007719",15,16384,64
"0,007513",16,16384,64
"0,007394",17,16384,64
"0,007626",18,16384,64
"0,007439",19,16384,64
"0,007706",20,16384,64
"0,00784",21,16384,64
"0,00763",22,16384,64
"0,007601",23,16384,64
"0,007552",24,16384,64
"0,007692",25,16384,64
"0,007541",26,16384,64
"0,007456",27,16384,64
"0,007557",28,16384,64
"0,007754",29,16384,64
"0,007508",30,16384,64
"0,007806",31,16384,64
"0,006306",32,16384,64
"0,007712",33,16384,64
"0,007374",34,16384,64
"0,006515",35,16384,64
"0,007526",36,16384,64
"0,007663",37,16384,64
"0,007493",38,16384,64
"0,007523",39,16384,64
"0,007388",40,16384,64
"0,0077",41,16384,64
"0,00707",42,16384,64
"0,007522",43,16384,64
"0,007713",44,16384,64
"0,007652",45,16384,64
"0,007455",46,16384,64
"0,007713",47,16384,64
"0,007393",48,16384,64
"0,007793",49,16384,64
"0,007543",50,16384,64
"0,007728",51,16384,64
"0,007455",52,16384,64
"0,007631",53,16384,64
"0,007369",54,16384,64
"0,007634",55,16384,64
"0,007087",56,16384,64
"0,007624",57,16384,64
"0,006483",58,16384,64
"0,007687",59,16384,64
"0,007456",60,16384,64
"0,007526",61,16384,64
"0,007724",62,16384,64
"0,007605",63,16384,64
"0,007616",64,16384,64
"0,007476",65,16384,64
"0,007047",66,16384,64
"0,007383",67,16384,64
"0,007691",68,16384,64
"0,007391",69,16384,64
"0,007873",70,16384,64
"0,007529",71,16384,64
"0,007509",72,16384,64
"0,007586",73,16384,64
"0,006289",74,16384,64
"0,007527",75,16384,64
"0,007769",76,16384,64
"0,007718",77,16384,64
"0,007728",78,16384,64
"0,007442",79,16384,64
"0,007662",80,16384,64
"0,007444",81,16384,64
"0,007164",82,16384,64
"0,007614",83,16384,64
"0,007593",84,16384,64
"0,007715",85,16384,64
"0,007438",86,16384,64
"0,007708",87,16384,64
"0,007735",88,16384,64
"0,007492",89,16384,64
"0,007696",90,16384,64
"0,007745",91,16384,64
"0,007604",92,16384,64
"0,007596",93,16384,64
"0,007381",94,16384,64
"0,007597",95,16384,64
"0,007399",96,16384,64
"0,007783",97,16384,64
"0,007635",98,16384,64
"0,007628",99,16384,64
"0,014224",0,128,16384
"0,013925",1,128,16384
"0,013995",2,128,16384
"0,01441",3,128,16384
"0,014096",4,128,16384
"0,014368",5,128,16384
"0,013854",6,128,16384
"0,014176",7,128,16384
"0,014019",8,128,16384
"0,014403",9,128,16384
"0,01397",10,128,16384
"0,014164",11,128,16384
"0,013825",12,128,16384
"0,014181",13,128,16384
"0,013817",14,128,16384
"0,014623",15,128,16384
"0,013336",16,128,16384
"0,014439",17,128,16384
"0,013981",18,128,16384
"0,014065",19,128,16384
"0,01424",20,128,16384
"0,014194",21,128,16384
"0,014041",22,128,16384
"0,014289",23,128,16384
"0,01388",24,128,16384
"0,01419",25,128,16384
"0,01446",26,128,16384
"0,014112",27,128,16384
"0,013983",28,128,16384
"0,014254",29,128,16384
"0,014176",30,128,16384
"0,014173",31,128,16384
"0,01457",32,128,16384
"0,014024",33,128,16384
"0,014142",34,128,16384
"0,013917",35,128,16384
"0,013591",36,128,16384
"0,013906",37,128,16384
"0,01439",38,128,16384
"0,013968",39,128,16384
"0,014103",40,128,16384
"0,012665",41,128,16384
"0,014096",42,128,16384
"0,014335",43,128,16384
"0,014314",44,128,16384
"0,013944",45,128,16384
"0,013975",46,128,16384
"0,01429",47,128,16384
"0,014337",48,128,16384
"0,014252",49,128,16384
"0,014171",50,128,16384
"0,013856",51,128,16384
"0,01436",52,128,16384
"0,013824",53,128,16384
"0,014176",54,128,16384
"0,014446",55,128,16384
"0,01425",56,128,16384
"0,01271",57,128,16384
"0,014094",58,128,16384
"0,013801",59,128,16384
"0,014268",60,128,16384
"0,014092",61,128,16384
"0,013182",62,128,16384
"0,01386",63,128,16384
"0,014295",64,128,16384
"0,01398",65,128,16384
"0,013135",66,128,16384
"0,01421",67,128,16384
"0,013841",68,128,16384
"0,014111",69,128,16384
"0,014248",70,128,16384
"0,014241",71,128,16384
"0,0145",72,128,16384
"0,014091",73,128,16384
"0,013897",74,128,16384
"0,013449",75,128,16384
"0,013913",76,128,16384
"0,014157",77,128,16384
"0,014326",78,128,16384
"0,01398",79,128,16384
"0,014185",80,128,16384
"0,013862",81,128,16384
"0,014286",82,128,16384
"0,014279",83,128,16384
"0,014276",84,128,16384
"0,014345",85,128,16384
"0,013934",86,128,16384
"0,014186",87,128,16384
"0,014193",88,128,16384
"0,013881",89,128,16384
"0,014287",90,128,16384
"0,013979",91,128,16384
"0,014178",92,128,16384
"0,01384",93,128,16384
"0,01441",94,128,16384
"0,014275",95,128,16384
"0,01436",96,128,16384
"0,013962",97,128,16384
"0,014139",98,128,16384
"0,014035",99,128,16384
"0,014188",0,256,8192
"0,014284",1,256,8192
"0,014167",2,256,8192
"0,013771",3,256,8192
"0,013571",4,256,8192
"0,013794",5,256,8192
"0,014351",6,256,8192
"0,014071",7,256,8192
"0,014236",8,256,8192
"0,014261",9,256,8192
"0,013882",10,256,8192
"0,014168",11,256,8192
"0,01384",12,256,8192
"0,013493",13,256,8192
"0,013814",14,256,8192
"0,013888",15,256,8192
"0,013698",16,256,8192
"0,01386",17,256,8192
"0,014443",18,256,8192
"0,013877",19,256,8192
"0,014093",20,256,8192
"0,014168",21,256,8192
"0,014326",22,256,8192
"0,014134",23,256,8192
"0,014196",24,256,8192
"0,014387",25,256,8192
"0,01384",26,256,8192
"0,014115",27,256,8192
"0,013863",28,256,8192
"0,014333",29,256,8192
"0,014067",30,256,8192
"0,014157",31,256,8192
"0,013916",32,256,8192
"0,014133",33,256,8192
"0,014325",34,256,8192
"0,014246",35,256,8192
"0,014237",36,256,8192
"0,014264",37,256,8192
"0,014016",38,256,8192
"0,012999",39,256,8192
"0,01385",40,256,8192
"0,014299",41,256,8192
"0,01427",42,256,8192
"0,014228",43,256,8192
"0,014224",44,256,8192
"0,013914",45,256,8192
"0,014196",46,256,8192
"0,014359",47,256,8192
"0,014328",48,256,8192
"0,013757",49,256,8192
"0,012979",50,256,8192
"0,013817",51,256,8192
"0,014216",52,256,8192
"0,0139",53,256,8192
"0,014169",54,256,8192
"0,01383",55,256,8192
"0,014175",56,256,8192
"0,013767",57,256,8192
"0,01429",58,256,8192
"0,014265",59,256,8192
"0,014219",60,256,8192
"0,013939",61,256,8192
"0,014229",62,256,8192
"0,014124",63,256,8192
"0,014278",64,256,8192
"0,014371",65,256,8192
"0,013897",66,256,8192
"0,014332",67,256,8192
"0,013773",68,256,8192
"0,014313",69,256,8192
"0,014276",70,256,8192
"0,014061",71,256,8192
"0,013933",72,256,8192
"0,014282",73,256,8192
"0,013985",74,256,8192
"0,014347",75,256,8192
"0,014436",76,256,8192
"0,014285",77,256,8192
"0,013872",78,256,8192
"0,014285",79,256,8192
"0,014168",80,256,8192
"0,014299",81,256,8192
"0,014035",82,256,8192
"0,013867",83,256,8192
"0,014081",84,256,8192
"0,014071",85,256,8192
"0,014274",86,256,8192
"0,014611",87,256,8192
"0,013829",88,256,8192
"0,01416",89,256,8192
"0,014295",90,256,8192
"0,013915",91,256,8192
"0,013961",92,256,8192
"0,014347",93,256,8192
"0,014241",94,256,8192
"0,013861",95,256,8192
"0,014201",96,256,8192
"0,014127",97,256,8192
"0,014196",98,256,8192
"0,014151",99,256,8192
"0,014222",0,512,4096
"0,01422",1,512,4096
"0,013295",2,512,4096
"0,014119",3,512,4096
"0,014409",4,512,4096
"0,01416",5,512,4096
"0,01382",6,512,4096
"0,013963",7,512,4096
"0,014099",8,512,4096
"0,014288",9,512,4096
"0,014463",10,512,4096
"0,01382",11,512,4096
"0,014255",12,512,4096
"0,013791",13,512,4096
"0,014102",14,512,4096
"0,01425",15,512,4096
"0,014187",16,512,4096
"0,014286",17,512,4096
"0,013992",18,512,4096
"0,014168",19,512,4096
"0,013846",20,512,4096
"0,014288",21,512,4096
"0,012872",22,512,4096
"0,013859",23,512,4096
"0,013803",24,512,4096
"0,013853",25,512,4096
"0,014165",26,512,4096
"0,01446",27,512,4096
"0,013984",28,512,4096
"0,014062",29,512,4096
"0,013945",30,512,4096
"0,014052",31,512,4096
"0,014113",32,512,4096
"0,014343",33,512,4096
"0,013018",34,512,4096
"0,01381",35,512,4096
"0,014232",36,512,4096
"0,014229",37,512,4096
"0,014288",38,512,4096
"0,014444",39,512,4096
"0,014278",40,512,4096
"0,014258",41,512,4096
"0,013834",42,512,4096
"0,014178",43,512,4096
"0,014616",44,512,4096
"0,014278",45,512,4096
"0,014129",46,512,4096
"0,013983",47,512,4096
"0,013863",48,512,4096
"0,014027",49,512,4096
"0,014316",50,512,4096
"0,014087",51,512,4096
"0,013872",52,512,4096
"0,014184",53,512,4096
"0,013909",54,512,4096
"0,014273",55,512,4096
"0,014065",56,512,4096
"0,014289",57,512,4096
"0,013853",58,512,4096
"0,013984",59,512,4096
"0,013811",60,512,4096
"0,014227",61,512,4096
"0,014172",62,512,4096
"0,014003",63,512,4096
"0,014267",64,512,4096
"0,013932",65,512,4096
"0,014239",66,512,4096
"0,014288",67,512,4096
"0,014419",68,512,4096
"0,014209",69,512,4096
"0,013901",70,512,4096
"0,014181",71,512,4096
"0,013481",72,512,4096
"0,01429",73,512,4096
"0,014335",74,512,4096
"0,013784",75,512,4096
"0,014072",76,512,4096
"0,014149",77,512,4096
"0,01414",78,512,4096
"0,013697",79,512,4096
"0,014438",80,512,4096
"0,014318",81,512,4096
"0,013916",82,512,4096
"0,014171",83,512,4096
"0,01447",84,512,4096
"0,014042",85,512,4096
"0,01424",86,512,4096
"0,015253",87,512,4096
"0,013799",88,512,4096
"0,014027",89,512,4096
"0,014517",90,512,4096
"0,01398",91,512,4096
"0,01427",92,512,4096
"0,014122",93,512,4096
"0,013954",94,512,4096
"0,014178",95,512,4096
"0,013723",96,512,4096
"0,013992",97,512,4096
"0,014319",98,512,4096
"0,014136",99,512,4096
"0,013854",0,1024,2048
"0,014221",1,1024,2048
"0,014445",2,1024,2048
"0,013881",3,1024,2048
"0,014161",4,1024,2048
"0,014043",5,1024,2048
"0,014198",6,1024,2048
"0,014471",7,1024,2048
"0,014339",8,1024,2048
"0,013975",9,1024,2048
"0,014372",10,1024,2048
"0,013859",11,1024,2048
"0,014106",12,1024,2048
"0,014212",13,1024,2048
"0,014089",14,1024,2048
"0,014082",15,1024,2048
"0,013831",16,1024,2048
"0,014263",17,1024,2048
"0,014303",18,1024,2048
"0,014414",19,1024,2048
"0,014137",20,1024,2048
"0,014237",21,1024,2048
"0,014004",22,1024,2048
"0,014315",23,1024,2048
"0,014337",24,1024,2048
"0,01438",25,1024,2048
"0,014309",26,1024,2048
"0,014372",27,1024,2048
"0,013288",28,1024,2048
"0,014196",29,1024,2048
"0,014321",30,1024,2048
"0,014232",31,1024,2048
"0,014339",32,1024,2048
"0,014281",33,1024,2048
"0,014078",34,1024,2048
"0,01386",35,1024,2048
"0,014506",36,1024,2048
"0,013794",37,1024,2048
"0,014184",38,1024,2048
"0,014281",39,1024,2048
"0,013852",40,1024,2048
"0,014418",41,1024,2048
"0,01407",42,1024,2048
"0,014394",43,1024,2048
"0,014276",44,1024,2048
"0,014187",45,1024,2048
"0,014273",46,1024,2048
"0,014425",47,1024,2048
"0,013907",48,1024,2048
"0,014463",49,1024,2048
"0,014174",50,1024,2048
"0,01398",51,1024,2048
"0,014061",52,1024,2048
"0,014293",53,1024,2048
"0,014003",54,1024,2048
"0,014274",55,1024,2048
"0,013839",56,1024,2048
"0,014095",57,1024,2048
"0,013959",58,1024,2048
"0,014583",59,1024,2048
"0,014151",60,1024,2048
"0,013817",61,1024,2048
"0,01422",62,1024,2048
"0,014333",63,1024,2048
"0,014234",64,1024,2048
"0,014185",65,1024,2048
"0,014338",66,1024,2048
"0,014231",67,1024,2048
"0,014047",68,1024,2048
"0,013842",69,1024,2048
"0,01436",70,1024,2048
"0,014039",71,1024,2048
"0,014215",72,1024,2048
"0,013658",73,1024,2048
"0,014131",74,1024,2048
"0,014366",75,1024,2048
"0,014393",76,1024,2048
"0,014338",77,1024,2048
"0,013871",78,1024,2048
"0,014128",79,1024,2048
"0,014317",80,1024,2048
"0,01418",81,1024,2048
"0,014134",82,1024,2048
"0,014012",83,1024,2048
"0,014106",84,1024,2048
"0,013869",85,1024,2048
"0,014319",86,1024,2048
"0,014345",87,1024,2048
"0,014202",88,1024,2048
"0,014255",89,1024,2048
"0,013953",90,1024,2048
"0,013985",91,1024,2048
"0,01428",92,1024,2048
"0,01459",93,1024,2048
"0,013401",94,1024,2048
"0,01413",95,1024,2048
"0,013779",96,1024,2048
"0,014129",97,1024,2048
"0,014227",98,1024,2048
"0,014361",99,1024,2048
"0,014114",0,2048,1024
"0,014132",1,2048,1024
"0,013227",2,2048,1024
"0,01433",3,2048,1024
"0,014508",4,2048,1024
"0,014019",5,2048,1024
"0,01385",6,2048,1024
"0,014217",7,2048,1024
"0,013749",8,2048,1024
"0,013898",9,2048,1024
"0,013112",10,2048,1024
"0,014208",11,2048,1024
"0,014119",12,2048,1024
"0,012689",13,2048,1024
"0,014384",14,2048,1024
"0,013852",15,2048,1024
"0,01455",16,2048,1024
"0,014159",17,2048,1024
"0,014014",18,2048,1024
"0,014337",19,2048,1024
"0,014161",20,2048,1024
"0,013971",21,2048,1024
"0,014383",22,2048,1024
"0,013942",23,2048,1024
"0,014269",24,2048,1024
"0,01303",25,2048,1024
"0,013779",26,2048,1024
"0,014266",27,2048,1024
"0,014258",28,2048,1024
"0,01416",29,2048,1024
"0,01377",30,2048,1024
"0,013756",31,2048,1024
"0,014282",32,2048,1024
"0,014375",33,2048,1024
"0,014454",34,2048,1024
"0,014157",35,2048,1024
"0,01424",36,2048,1024
"0,014353",37,2048,1024
"0,013606",38,2048,1024
"0,014346",39,2048,1024
"0,014286",40,2048,1024
"0,013913",41,2048,1024
"0,013984",42,2048,1024
"0,01418",43,2048,1024
"0,014302",44,2048,1024
"0,014182",45,2048,1024
"0,013796",46,2048,1024
"0,013835",47,2048,1024
"0,014422",48,2048,1024
"0,01382",49,2048,1024
"0,01436",50,2048,1024
"0,014267",51,2048,1024
"0,014591",52,2048,1024
"0,014319",53,2048,1024
"0,013929",54,2048,1024
"0,014169",55,2048,1024
"0,014443",56,2048,1024
"0,013868",57,2048,1024
"0,014115",58,2048,1024
"0,014174",59,2048,1024
"0,013828",60,2048,1024
"0,01419",61,2048,1024
"0,014222",62,2048,1024
"0,01414",63,2048,1024
"0,013891",64,2048,1024
"0,014192",65,2048,1024
"0,014309",66,2048,1024
"0,014365",67,2048,1024
"0,014036",68,2048,1024
"0,014288",69,2048,1024
"0,014276",70,2048,1024
"0,013883",71,2048,1024
"0,014141",72,2048,1024
"0,014483",73,2048,1024
"0,014271",74,2048,1024
"0,013789",75,2048,1024
"0,014017",76,2048,1024
"0,014459",77,2048,1024
"0,014042",78,2048,1024
"0,01426",79,2048,1024
"0,013977",80,2048,1024
"0,01403",81,2048,1024
"0,01429",82,2048,1024
"0,01347",83,2048,1024
"0,014557",84,2048,1024
"0,014203",85,2048,1024
"0,014187",86,2048,1024
"0,014107",87,2048,1024
"0,014317",88,2048,1024
"0,014057",89,2048,1024
"0,014271",90,2048,1024
"0,013812",91,2048,1024
"0,014383",92,2048,1024
"0,013851",93,2048,1024
"0,01423",94,2048,1024
"0,014299",95,2048,1024
"0,014342",96,2048,1024
"0,014131",97,2048,1024
"0,014351",98,2048,1024
"0,01395",99,2048,1024
"0,014218",0,4096,512
"0,014089",1,4096,512
"0,014255",2,4096,512
"0,013869",3,4096,512
"0,014329",4,4096,512
"0,014092",5,4096,512
"0,014103",6,4096,512
"0,014152",7,4096,512
"0,014221",8,4096,512
"0,013881",9,4096,512
"0,014277",10,4096,512
"0,013822",11,4096,512
"0,015317",12,4096,512
"0,014413",13,4096,512
"0,01354",14,4096,512
"0,014285",15,4096,512
"0,013839",16,4096,512
"0,014303",17,4096,512
"0,013697",18,4096,512
"0,01442",19,4096,512
"0,013902",20,4096,512
"0,014096",21,4096,512
"0,014114",22,4096,512
"0,013763",23,4096,512
"0,014494",24,4096,512
"0,014315",25,4096,512
"0,014162",26,4096,512
"0,013938",27,4096,512
"0,014292",28,4096,512
"0,01387",29,4096,512
"0,013872",30,4096,512
"0,013909",31,4096,512
"0,014329",32,4096,512
"0,013938",33,4096,512
"0,013457",34,4096,512
"0,013793",35,4096,512
"0,014501",36,4096,512
"0,014295",37,4096,512
"0,014035",38,4096,512
"0,014268",39,4096,512
"0,014116",40,4096,512
"0,013819",41,4096,512
"0,014392",42,4096,512
"0,014474",43,4096,512
"0,013978",44,4096,512
"0,014147",45,4096,512
"0,014215",46,4096,512
"0,014402",47,4096,512
"0,014083",48,4096,512
"0,014254",49,4096,512
"0,013866",50,4096,512
"0,014105",51,4096,512
"0,013831",52,4096,512
"0,014381",53,4096,512
"0,014238",54,4096,512
"0,014346",55,4096,512
"0,014085",56,4096,512
"0,01392",57,4096,512
"0,014463",58,4096,512
"0,013931",59,4096,512
"0,014384",60,4096,512
"0,013931",61,4096,512
"0,014207",62,4096,512
"0,013879",63,4096,512
"0,014312",64,4096,512
"0,014336",65,4096,512
"0,014351",66,4096,512
"0,014125",67,4096,512
"0,014152",68,4096,512
"0,013888",69,4096,512
"0,014489",70,4096,512
"0,014195",71,4096,512
"0,013637",72,4096,512
"0,014161",73,4096,512
"0,013883",74,4096,512
"0,014162",75,4096,512
"0,014453",76,4096,512
"0,013897",77,4096,512
"0,014368",78,4096,512
"0,013788",79,4096,512
"0,014303",80,4096,512
"0,013906",81,4096,512
"0,013348",82,4096,512
"0,014255",83,4096,512
"0,014098",84,4096,512
"0,014117",85,4096,512
"0,014279",86,4096,512
"0,014043",87,4096,512
"0,014267",88,4096,512
"0,013966",89,4096,512
"0,014405",90,4096,512
"0,013876",91,4096,512
"0,014141",92,4096,512
"0,014318",93,4096,512
"0,014391",94,4096,512
"0,014307",95,4096,512
"0,013862",96,4096,512
"0,014154",97,4096,512
"0,013876",98,4096,512
"0,014427",99,4096,512
"0,013995",0,8192,256
"0,014383",1,8192,256
"0,013924",2,8192,256
"0,014285",3,8192,256
"0,01437",4,8192,256
"0,014516",5,8192,256
"0,013873",6,8192,256
"0,014165",7,8192,256
"0,013828",8,8192,256
"0,014178",9,8192,256
"0,014126",10,8192,256
"0,014237",11,8192,256
"0,013952",12,8192,256
"0,014331",13,8192,256
"0,013788",14,8192,256
"0,013078",15,8192,256
"0,014404",16,8192,256
"0,014363",17,8192,256
"0,013927",18,8192,256
"0,014361",19,8192,256
"0,013789",20,8192,256
"0,013561",21,8192,256
"0,014617",22,8192,256
"0,013134",23,8192,256
"0,014104",24,8192,256
"0,013786",25,8192,256
"0,013895",26,8192,256
"0,014398",27,8192,256
"0,014396",28,8192,256
"0,013981",29,8192,256
"0,014209",30,8192,256
"0,013794",31,8192,256
"0,013993",32,8192,256
"0,01447",33,8192,256
"0,014027",34,8192,256
"0,014336",35,8192,256
"0,014242",36,8192,256
"0,013845",37,8192,256
"0,014282",38,8192,256
"0,014421",39,8192,256
"0,014238",40,8192,256
"0,014164",41,8192,256
"0,013798",42,8192,256
"0,013889",43,8192,256
"0,014113",44,8192,256
"0,014448",45,8192,256
"0,014325",46,8192,256
"0,013927",47,8192,256
"0,014031",48,8192,256
"0,014123",49,8192,256
"0,014334",50,8192,256
"0,014173",51,8192,256
"0,01406",52,8192,256
"0,014265",53,8192,256
"0,013977",54,8192,256
"0,014092",55,8192,256
"0,014516",56,8192,256
"0,013957",57,8192,256
"0,014146",58,8192,256
"0,014314",59,8192,256
"0,013781",60,8192,256
"0,014268",61,8192,256
"0,01458",62,8192,256
"0,014214",63,8192,256
"0,01414",64,8192,256
"0,01387",65,8192,256
"0,014114",66,8192,256
"0,01438",67,8192,256
"0,014258",68,8192,256
"0,014186",69,8192,256
"0,013792",70,8192,256
"0,014362",71,8192,256
"0,014",72,8192,256
"0,014492",73,8192,256
"0,014216",74,8192,256
"0,014303",75,8192,256
"0,014346",76,8192,256
"0,014005",77,8192,256
"0,014343",78,8192,256
"0,01428",79,8192,256
"0,014075",80,8192,256
"0,014108",81,8192,256
"0,014351",82,8192,256
"0,013871",83,8192,256
"0,014115",84,8192,256
"0,014408",85,8192,256
"0,013142",86,8192,256
"0,013875",87,8192,256
"0,014143",88,8192,256
"0,01388",89,8192,256
"0,014426",90,8192,256
"0,014259",91,8192,256
"0,014084",92,8192,256
"0,013946",93,8192,256
"0,014466",94,8192,256
"0,013906",95,8192,256
"0,014303",96,8192,256
"0,014262",97,8192,256
"0,013853",98,8192,256
"0,01427",99,8192,256
"0,014255",0,16384,128
"0,014067",1,16384,128
"0,014316",2,16384,128
"0,014253",3,16384,128
"0,014157",4,16384,128
"0,014243",5,16384,128
"0,013913",6,16384,128
"0,014228",7,16384,128
"0,014549",8,16384,128
"0,014146",9,16384,128
"0,013803",10,16384,128
"0,014259",11,16384,128
"0,014307",12,16384,128
"0,01437",13,16384,128
"0,014198",14,16384,128
"0,013844",15,16384,128
"0,014148",16,16384,128
"0,014037",17,16384,128
"0,0139",18,16384,128
"0,014155",19,16384,128
"0,014283",20,16384,128
"0,013834",21,16384,128
"0,014118",22,16384,128
"0,014282",23,16384,128
"0,013788",24,16384,128
"0,014468",25,16384,128
"0,014013",26,16384,128
"0,014256",27,16384,128
"0,014222",28,16384,128
"0,013979",29,16384,128
"0,014457",30,16384,128
"0,014128",31,16384,128
"0,014267",32,16384,128
"0,013861",33,16384,128
"0,014381",34,16384,128
"0,013815",35,16384,128
"0,014311",36,16384,128
"0,014109",37,16384,128
"0,014145",38,16384,128
"0,014088",39,16384,128
"0,014137",40,16384,128
"0,014338",41,16384,128
"0,014271",42,16384,128
"0,014235",43,16384,128
"0,013839",44,16384,128
"0,014256",45,16384,128
"0,014275",46,16384,128
"0,014302",47,16384,128
"0,014299",48,16384,128
"0,01429",49,16384,128
"0,01386",50,16384,128
"0,01431",51,16384,128
"0,01387",52,16384,128
"0,014316",53,16384,128
"0,014365",54,16384,128
"0,013943",55,16384,128
"0,014281",56,16384,128
"0,014124",57,16384,128
"0,013876",58,16384,128
"0,014331",59,16384,128
"0,013974",60,16384,128
"0,01384",61,16384,128
"0,014333",62,16384,128
"0,012979",63,16384,128
"0,014132",64,16384,128
"0,014294",65,16384,128
"0,014157",66,16384,128
"0,012873",67,16384,128
"0,014417",68,16384,128
"0,013942",69,16384,128
"0,014363",70,16384,128
"0,014201",71,16384,128
"0,014049",72,16384,128
"0,013469",73,16384,128
"0,014424",74,16384,128
"0,014083",75,16384,128
"0,01426",76,16384,128
"0,013931",77,16384,128
"0,014015",78,16384,128
"0,012623",79,16384,128
"0,014243",80,16384,128
"0,014111",81,16384,128
"0,014634",82,16384,128
"0,01401",83,16384,128
"0,014143",84,16384,128
"0,013237",85,16384,128
"0,01391",86,16384,128
"0,014257",87,16384,128
"0,014278",88,16384,128
"0,014338",89,16384,128
"0,014072",90,16384,128
"0,01418",91,16384,128
"0,014228",92,16384,128
"0,014308",93,16384,128
"0,014206",94,16384,128
"0,014238",95,16384,128
"0,013791",96,16384,128
"0,013878",97,16384,128
"0,015196",98,16384,128
"0,014391",99,16384,128
"0,026388",0,256,16384
"0,02712",1,256,16384
"0,027249",2,256,16384
"0,027519",3,256,16384
"0,026526",4,256,16384
"0,027166",5,256,16384
"0,026583",6,256,16384
"0,026586",7,256,16384
"0,027387",8,256,16384
"0,026738",9,256,16384
"0,027003",10,256,16384
"0,026114",11,256,16384
"0,027462",12,256,16384
"0,027496",13,256,16384
"0,026246",14,256,16384
"0,026836",15,256,16384
"0,027286",16,256,16384
"0,026431",17,256,16384
"0,027068",18,256,16384
"0,026849",19,256,16384
"0,026677",20,256,16384
"0,02725",21,256,16384
"0,026264",22,256,16384
"0,027082",23,256,16384
"0,026872",24,256,16384
"0,026912",25,256,16384
"0,026965",26,256,16384
"0,026993",27,256,16384
"0,026953",28,256,16384
"0,027306",29,256,16384
"0,027077",30,256,16384
"0,026344",31,256,16384
"0,026745",32,256,16384
"0,027542",33,256,16384
"0,026771",34,256,16384
"0,026893",35,256,16384
"0,026386",36,256,16384
"0,027154",37,256,16384
"0,02721",38,256,16384
"0,026239",39,256,16384
"0,026573",40,256,16384
"0,026838",41,256,16384
"0,027124",42,256,16384
"0,026372",43,256,16384
"0,02706",44,256,16384
"0,027123",45,256,16384
"0,027316",46,256,16384
"0,027202",47,256,16384
"0,026501",48,256,16384
"0,026883",49,256,16384
"0,027586",50,256,16384
"0,027153",51,256,16384
"0,027091",52,256,16384
"0,02677",53,256,16384
"0,026953",54,256,16384
"0,026385",55,256,16384
"0,026822",56,256,16384
"0,026857",57,256,16384
"0,026152",58,256,16384
"0,027119",59,256,16384
"0,026616",60,256,16384
"0,027231",61,256,16384
"0,026463",62,256,16384
"0,027709",63,256,16384
"0,027086",64,256,16384
"0,026798",65,256,16384
"0,026896",66,256,16384
"0,027368",67,256,16384
"0,027275",68,256,16384
"0,027158",69,256,16384
"0,026325",70,256,16384
"0,027154",71,256,16384
"0,026551",72,256,16384
"0,027046",73,256,16384
"0,026937",74,256,16384
"0,026235",75,256,16384
"0,027556",76,256,16384
"0,026495",77,256,16384
"0,026992",78,256,16384
"0,026315",79,256,16384
"0,027322",80,256,16384
"0,026969",81,256,16384
"0,026229",82,256,16384
"0,027002",83,256,16384
"0,027106",84,256,16384
"0,027099",85,256,16384
"0,026908",86,256,16384
"0,026656",87,256,16384
"0,027365",88,256,16384
"0,026744",89,256,16384
"0,027576",90,256,16384
"0,026793",91,256,16384
"0,027025",92,256,16384
"0,027145",93,256,16384
"0,026962",94,256,16384
"0,027181",95,256,16384
"0,026606",96,256,16384
"0,027572",97,256,16384
"0,026877",98,256,16384
"0,02694",99,256,16384
"0,026335",0,512,8192
"0,027368",1,512,8192
"0,026491",2,512,8192
"0,026816",3,512,8192
"0,026142",4,512,8192
"0,026905",5,512,8192
"0,026219",6,512,8192
"0,027366",7,512,8192
"0,026358",8,512,8192
"0,026985",9,512,8192
"0,027035",10,512,8192
"0,026043",11,512,8192
"0,026582",12,512,8192
"0,02691",13,512,8192
"0,027118",14,512,8192
"0,027036",15,512,8192
"0,02647",16,512,8192
"0,027008",17,512,8192
"0,027465",18,512,8192
"0,026539",19,512,8192
"0,026796",20,512,8192
"0,026288",21,512,8192
"0,027066",22,512,8192
"0,026872",23,512,8192
"0,026255",24,512,8192
"0,02725",25,512,8192
"0,026949",26,512,8192
"0,027804",27,512,8192
"0,027275",28,512,8192
"0,02708",29,512,8192
"0,027028",30,512,8192
"0,027225",31,512,8192
"0,026764",32,512,8192
"0,027346",33,512,8192
"0,026827",34,512,8192
"0,027109",35,512,8192
"0,02762",36,512,8192
"0,027023",37,512,8192
"0,026837",38,512,8192
"0,026201",39,512,8192
"0,027391",40,512,8192
"0,02652",41,512,8192
"0,026305",42,512,8192
"0,026706",43,512,8192
"0,027282",44,512,8192
"0,026878",45,512,8192
"0,02647",46,512,8192
"0,026813",47,512,8192
"0,027621",48,512,8192
"0,026951",49,512,8192
"0,026194",50,512,8192
"0,027372",51,512,8192
"0,027345",52,512,8192
"0,026724",53,512,8192
"0,027095",54,512,8192
"0,026458",55,512,8192
"0,026539",56,512,8192
"0,027603",57,512,8192
"0,026716",58,512,8192
"0,027003",59,512,8192
"0,026347",60,512,8192
"0,027348",61,512,8192
"0,026266",62,512,8192
"0,026993",63,512,8192
"0,027327",64,512,8192
"0,02782",65,512,8192
"0,027299",66,512,8192
"0,026683",67,512,8192
"0,027098",68,512,8192
"0,027502",69,512,8192
"0,027002",70,512,8192
"0,027018",71,512,8192
"0,026757",72,512,8192
"0,026945",73,512,8192
"0,026738",74,512,8192
"0,027192",75,512,8192
"0,02705",76,512,8192
"0,026494",77,512,8192
"0,02757",78,512,8192
"0,026362",79,512,8192
"0,026789",80,512,8192
"0,027084",81,512,8192
"0,027344",82,512,8192
"0,027273",83,512,8192
"0,026197",84,512,8192
"0,027228",85,512,8192
"0,027154",86,512,8192
"0,026594",87,512,8192
"0,027225",88,512,8192
"0,026827",89,512,8192
"0,026848",90,512,8192
"0,027164",91,512,8192
"0,0268",92,512,8192
"0,026309",93,512,8192
"0,027052",94,512,8192
"0,027658",95,512,8192
"0,027076",96,512,8192
"0,026707",97,512,8192
"0,027197",98,512,8192
"0,027387",99,512,8192
"0,026351",0,1024,4096
"0,026838",1,1024,4096
"0,02632",2,1024,4096
"0,027319",3,1024,4096
"0,027201",4,1024,4096
"0,027096",5,1024,4096
"0,026874",6,1024,4096
"0,026919",7,1024,4096
"0,027047",8,1024,4096
"0,026783",9,1024,4096
"0,027284",10,1024,4096
"0,026276",11,1024,4096
"0,027043",12,1024,4096
"0,026745",13,1024,4096
"0,026923",14,1024,4096
"0,026256",15,1024,4096
"0,027596",16,1024,4096
"0,027078",17,1024,4096
"0,026945",18,1024,4096
"0,026844",19,1024,4096
"0,027575",20,1024,4096
"0,027015",21,1024,4096
"0,027013",22,1024,4096
"0,027129",23,1024,4096
"0,027398",24,1024,4096
"0,026976",25,1024,4096
"0,026835",26,1024,4096
"0,026174",27,1024,4096
"0,027183",28,1024,4096
"0,02714",29,1024,4096
"0,027344",30,1024,4096
"0,026153",31,1024,4096
"0,026786",32,1024,4096
"0,027257",33,1024,4096
"0,027204",34,1024,4096
"0,027087",35,1024,4096
"0,026363",36,1024,4096
"0,027406",37,1024,4096
"0,027015",38,1024,4096
"0,027131",39,1024,4096
"0,027209",40,1024,4096
"0,027522",41,1024,4096
"0,026727",42,1024,4096
"0,026494",43,1024,4096
"0,027047",44,1024,4096
"0,02786",45,1024,4096
"0,027356",46,1024,4096
"0,027096",47,1024,4096
"0,027165",48,1024,4096
"0,026967",49,1024,4096
"0,027347",50,1024,4096
"0,026912",51,1024,4096
"0,026251",52,1024,4096
"0,026699",53,1024,4096
"0,027287",54,1024,4096
"0,027324",55,1024,4096
"0,026712",56,1024,4096
"0,026769",57,1024,4096
"0,027114",58,1024,4096
"0,026402",59,1024,4096
"0,026376",60,1024,4096
"0,027167",61,1024,4096
"0,026622",62,1024,4096
"0,027422",63,1024,4096
"0,026111",64,1024,4096
"0,02698",65,1024,4096
"0,02696",66,1024,4096
"0,027283",67,1024,4096
"0,027085",68,1024,4096
"0,027134",69,1024,4096
"0,02651",70,1024,4096
"0,027277",71,1024,4096
"0,027277",72,1024,4096
"0,026314",73,1024,4096
"0,027059",74,1024,4096
"0,026908",75,1024,4096
"0,027077",76,1024,4096
"0,026066",77,1024,4096
"0,026742",78,1024,4096
"0,026957",79,1024,4096
"0,027256",80,1024,4096
"0,02691",81,1024,4096
"0,026122",82,1024,4096
"0,026963",83,1024,4096
"0,027255",84,1024,4096
"0,027302",85,1024,4096
"0,026301",86,1024,4096
"0,027245",87,1024,4096
"0,027482",88,1024,4096
"0,026955",89,1024,4096
"0,026864",90,1024,4096
"0,027125",91,1024,4096
"0,027294",92,1024,4096
"0,027224",93,1024,4096
"0,026656",94,1024,4096
"0,027013",95,1024,4096
"0,026253",96,1024,4096
"0,027096",97,1024,4096
"0,026077",98,1024,4096
"0,027041",99,1024,4096
"0,027085",0,2048,2048
"0,027507",1,2048,2048
"0,026354",2,2048,2048
"0,027182",3,2048,2048
"0,026641",4,2048,2048
"0,027571",5,2048,2048
"0,02712",6,2048,2048
"0,027356",7,2048,2048
"0,026576",8,2048,2048
"0,027023",9,2048,2048
"0,027307",10,2048,2048
"0,026492",11,2048,2048
"0,026109",12,2048,2048
"0,026946",13,2048,2048
"0,026954",14,2048,2048
"0,026881",15,2048,2048
"0,02703",16,2048,2048
"0,027227",17,2048,2048
"0,027483",18,2048,2048
"0,026829",19,2048,2048
"0,027096",20,2048,2048
"0,02641",21,2048,2048
"0,027284",22,2048,2048
"0,026627",23,2048,2048
"0,026594",24,2048,2048
"0,026821",25,2048,2048
"0,027376",26,2048,2048
"0,026481",27,2048,2048
"0,026226",28,2048,2048
"0,027396",29,2048,2048
"0,026877",30,2048,2048
"0,0275",31,2048,2048
"0,026216",32,2048,2048
"0,02705",33,2048,2048
"0,026213",34,2048,2048
"0,027686",35,2048,2048
"0,027268",36,2048,2048
"0,027063",37,2048,2048
"0,027048",38,2048,2048
"0,027262",39,2048,2048
"0,027199",40,2048,2048
"0,026469",41,2048,2048
"0,027331",42,2048,2048
"0,027065",43,2048,2048
"0,027204",44,2048,2048
"0,026153",45,2048,2048
"0,026585",46,2048,2048
"0,02704",47,2048,2048
"0,026898",48,2048,2048
"0,02723",49,2048,2048
"0,026425",50,2048,2048
"0,026491",51,2048,2048
"0,027609",52,2048,2048
"0,026637",53,2048,2048
"0,027073",54,2048,2048
"0,026985",55,2048,2048
"0,027373",56,2048,2048
"0,027037",57,2048,2048
"0,027314",58,2048,2048
"0,026531",59,2048,2048
"0,027532",60,2048,2048
"0,027276",61,2048,2048
"0,026254",62,2048,2048
"0,026997",63,2048,2048
"0,027466",64,2048,2048
"0,027187",65,2048,2048
"0,0266",66,2048,2048
"0,027084",67,2048,2048
"0,026206",68,2048,2048
"0,027143",69,2048,2048
"0,026421",70,2048,2048
"0,027167",71,2048,2048
"0,026293",72,2048,2048
"0,027623",73,2048,2048
"0,027158",74,2048,2048
"0,026934",75,2048,2048
"0,026273",76,2048,2048
"0,027372",77,2048,2048
"0,027303",78,2048,2048
"0,026419",79,2048,2048
"0,026186",80,2048,2048
"0,027091",81,2048,2048
"0,026771",82,2048,2048
"0,026378",83,2048,2048
"0,026556",84,2048,2048
"0,027136",85,2048,2048
"0,027472",86,2048,2048
"0,026817",87,2048,2048
"0,026193",88,2048,2048
"0,027189",89,2048,2048
"0,027428",90,2048,2048
"0,026955",91,2048,2048
"0,026364",92,2048,2048
"0,026493",93,2048,2048
"0,02742",94,2048,2048
"0,027179",95,2048,2048
"0,027185",96,2048,2048
"0,026272",97,2048,2048
"0,027364",98,2048,2048
"0,027176",99,2048,2048
"0,027213",0,4096,1024
"0,026237",1,4096,1024
"0,027106",2,4096,1024
"0,027113",3,4096,1024
"0,0265",4,4096,1024
"0,027005",5,4096,1024
"0,027315",6,4096,1024
"0,02758",7,4096,1024
"0,026785",8,4096,1024
"0,026451",9,4096,1024
"0,027255",10,4096,1024
"0,027632",11,4096,1024
"0,026791",12,4096,1024
"0,026238",13,4096,1024
"0,026558",14,4096,1024
"0,026181",15,4096,1024
"0,026873",16,4096,1024
"0,026738",17,4096,1024
"0,026878",18,4096,1024
"0,027126",19,4096,1024
"0,026904",20,4096,1024
"0,026753",21,4096,1024
"0,02635",22,4096,1024
"0,026984",23,4096,1024
"0,027222",24,4096,1024
"0,026682",25,4096,1024
"0,026693",26,4096,1024
"0,026314",27,4096,1024
"0,027156",28,4096,1024
"0,026625",29,4096,1024
"0,026473",30,4096,1024
"0,026875",31,4096,1024
"0,026992",32,4096,1024
"0,02699",33,4096,1024
"0,026314",34,4096,1024
"0,027222",35,4096,1024
"0,026324",36,4096,1024
"0,027156",37,4096,1024
"0,027291",38,4096,1024
"0,027327",39,4096,1024
"0,026085",40,4096,1024
"0,027473",41,4096,1024
"0,026835",42,4096,1024
"0,027255",43,4096,1024
"0,02624",44,4096,1024
"0,026923",45,4096,1024
"0,026694",46,4096,1024
"0,027304",47,4096,1024
"0,026351",48,4096,1024
"0,027242",49,4096,1024
"0,027202",50,4096,1024
"0,027191",51,4096,1024
"0,026759",52,4096,1024
"0,026815",53,4096,1024
"0,027215",54,4096,1024
"0,02656",55,4096,1024
"0,026879",56,4096,1024
"0,02611",57,4096,1024
"0,027466",58,4096,1024
"0,027072",59,4096,1024
"0,026159",60,4096,1024
"0,027081",61,4096,1024
"0,026551",62,4096,1024
"0,026553",63,4096,1024
"0,02689",64,4096,1024
"0,026205",65,4096,1024
"0,027294",66,4096,1024
"0,027262",67,4096,1024
"0,026378",68,4096,1024
"0,02693",69,4096,1024
"0,026183",70,4096,1024
"0,027494",71,4096,1024
"0,027344",72,4096,1024
"0,026872",73,4096,1024
"0,026397",74,4096,1024
"0,027577",75,4096,1024
"0,02673",76,4096,1024
"0,026136",77,4096,1024
"0,027172",78,4096,1024
"0,026914",79,4096,1024
"0,027427",80,4096,1024
"0,026268",81,4096,1024
"0,027224",82,4096,1024
"0,026233",83,4096,1024
"0,027272",84,4096,1024
"0,026816",85,4096,1024
"0,027206",86,4096,1024
"0,0263",87,4096,1024
"0,027113",88,4096,1024
"0,027185",89,4096,1024
"0,027059",90,4096,1024
"0,026215",91,4096,1024
"0,027101",92,4096,1024
"0,026889",93,4096,1024
"0,027371",94,4096,1024
"0,026773",95,4096,1024
"0,027223",96,4096,1024
"0,026677",97,4096,1024
"0,027086",98,4096,1024
"0,027209",99,4096,1024
"0,026111",0,8192,512
"0,027273",1,8192,512
"0,026618",2,8192,512
"0,02693",3,8192,512
"0,026105",4,8192,512
"0,027325",5,8192,512
"0,026827",6,8192,512
"0,026817",7,8192,512
"0,026334",8,8192,512
"0,027235",9,8192,512
"0,026824",10,8192,512
"0,02713",11,8192,512
"0,026454",12,8192,512
"0,027265",13,8192,512
"0,027017",14,8192,512
"0,027088",15,8192,512
"0,026827",16,8192,512
"0,026258",17,8192,512
"0,0276",18,8192,512
"0,026305",19,8192,512
"0,027138",20,8192,512
"0,026625",21,8192,512
"0,027618",22,8192,512
"0,026349",23,8192,512
"0,026956",24,8192,512
"0,027113",25,8192,512
"0,027214",26,8192,512
"0,026847",27,8192,512
"0,026268",28,8192,512
"0,027163",29,8192,512
"0,027274",30,8192,512
"0,027357",31,8192,512
"0,027192",32,8192,512
"0,026961",33,8192,512
"0,026367",34,8192,512
"0,027274",35,8192,512
"0,02677",36,8192,512
"0,027136",37,8192,512
"0,026502",38,8192,512
"0,02742",39,8192,512
"0,026586",40,8192,512
"0,027309",41,8192,512
"0,026327",42,8192,512
"0,027123",43,8192,512
"0,026721",44,8192,512
"0,027372",45,8192,512
"0,026432",46,8192,512
"0,027054",47,8192,512
"0,027171",48,8192,512
"0,026796",49,8192,512
"0,027245",50,8192,512
"0,026175",51,8192,512
"0,027719",52,8192,512
"0,026913",53,8192,512
"0,0264",54,8192,512
"0,02681",55,8192,512
"0,027201",56,8192,512
"0,026854",57,8192,512
"0,026974",58,8192,512
"0,026287",59,8192,512
"0,026408",60,8192,512
"0,027363",61,8192,512
"0,026436",62,8192,512
"0,027327",63,8192,512
"0,026283",64,8192,512
"0,02743",65,8192,512
"0,02647",66,8192,512
"0,026965",67,8192,512
"0,026649",68,8192,512
"0,027326",69,8192,512
"0,027016",70,8192,512
"0,026735",71,8192,512
"0,026899",72,8192,512
"0,027101",73,8192,512
"0,027075",74,8192,512
"0,027261",75,8192,512
"0,026312",76,8192,512
"0,026861",77,8192,512
"0,02652",78,8192,512
"0,027383",79,8192,512
"0,026215",80,8192,512
"0,027063",81,8192,512
"0,027593",82,8192,512
"0,027265",83,8192,512
"0,027086",84,8192,512
"0,027079",85,8192,512
"0,027599",86,8192,512
"0,026841",87,8192,512
"0,026787",88,8192,512
"0,026123",89,8192,512
"0,027268",90,8192,512
"0,027243",91,8192,512
"0,026951",92,8192,512
"0,026743",93,8192,512
"0,026846",94,8192,512
"0,026757",95,8192,512
"0,027072",96,8192,512
"0,026417",97,8192,512
"0,026779",98,8192,512
"0,027593",99,8192,512
"0,026847",0,16384,256
"0,026603",1,16384,256
"0,026882",2,16384,256
"0,027382",3,16384,256
"0,02672",4,16384,256
"0,026404",5,16384,256
"0,027159",6,16384,256
"0,027001",7,16384,256
"0,026934",8,16384,256
"0,027281",9,16384,256
"0,026232",10,16384,256
"0,027027",11,16384,256
"0,027101",12,16384,256
"0,026698",13,16384,256
"0,026217",14,16384,256
"0,027077",15,16384,256
"0,026983",16,16384,256
"0,026683",17,16384,256
"0,026169",18,16384,256
"0,027003",19,16384,256
"0,026993",20,16384,256
"0,026938",21,16384,256
"0,027191",22,16384,256
"0,027199",23,16384,256
"0,027214",24,16384,256
"0,02674",25,16384,256
"0,026962",26,16384,256
"0,026191",27,16384,256
"0,026708",28,16384,256
"0,027517",29,16384,256
"0,026355",30,16384,256
"0,026943",31,16384,256
"0,026153",32,16384,256
"0,027579",33,16384,256
"0,02638",34,16384,256
"0,026972",35,16384,256
"0,026685",36,16384,256
"0,027273",37,16384,256
"0,026745",38,16384,256
"0,027132",39,16384,256
"0,027108",40,16384,256
"0,027159",41,16384,256
"0,027045",42,16384,256
"0,026917",43,16384,256
"0,02704",44,16384,256
"0,027181",45,16384,256
"0,026877",46,16384,256
"0,02615",47,16384,256
"0,027081",48,16384,256
"0,026355",49,16384,256
"0,027486",50,16384,256
"0,026401",51,16384,256
"0,027228",52,16384,256
"0,026158",53,16384,256
"0,027228",54,16384,256
"0,02673",55,16384,256
"0,027049",56,16384,256
"0,027149",57,16384,256
"0,027419",58,16384,256
"0,026825",59,16384,256
"0,026369",60,16384,256
"0,027199",61,16384,256
"0,026816",62,16384,256
"0,027422",63,16384,256
"0,027045",64,16384,256
"0,026183",65,16384,256
"0,026944",66,16384,256
"0,027476",67,16384,256
"0,026815",68,16384,256
"0,026147",69,16384,256
"0,027059",70,16384,256
"0,027188",71,16384,256
"0,027457",72,16384,256
"0,027238",73,16384,256
"0,026941",74,16384,256
"0,027029",75,16384,256
"0,026606",76,16384,256
"0,026107",77,16384,256
"0,027209",78,16384,256
"0,026981",79,16384,256
"0,027093",80,16384,256
"0,026857",81,16384,256
"0,026733",82,16384,256
"0,026874",83,16384,256
"0,027457",84,16384,256
"0,02693",85,16384,256
"0,026242",86,16384,256
"0,026943",87,16384,256
"0,027352",88,16384,256
"0,026586",89,16384,256
"0,027089",90,16384,256
"0,026331",91,16384,256
"0,027006",92,16384,256
"0,026871",93,16384,256
"0,026957",94,16384,256
"0,026163",95,16384,256
"0,027542",96,16384,256
"0,027506",97,16384,256
"0,027173",98,16384,256
"0,026592",99,16384,256
"0,026593",0,32768,128
"0,027227",1,32768,128
"0,02712",2,32768,128
"0,027394",3,32768,128
"0,026113",4,32768,128
"0,027431",5,32768,128
"0,026763",6,32768,128
"0,026936",7,32768,128
"0,02604",8,32768,128
"0,027356",9,32768,128
"0,026761",10,32768,128
"0,026717",11,32768,128
"0,026215",12,32768,128
"0,027014",13,32768,128
"0,026986",14,32768,128
"0,027073",15,32768,128
"0,026847",16,32768,128
"0,026151",17,32768,128
"0,027446",18,32768,128
"0,026636",19,32768,128
"0,027308",20,32768,128
"0,02664",21,32768,128
"0,027205",22,32768,128
"0,02646",23,32768,128
"0,027194",24,32768,128
"0,02731",25,32768,128
"0,026825",26,32768,128
"0,0271",27,32768,128
"0,027134",28,32768,128
"0,026241",29,32768,128
"0,026984",30,32768,128
"0,027853",31,32768,128
"0,026959",32,32768,128
"0,02689",33,32768,128
"0,027049",34,32768,128
"0,027452",35,32768,128
"0,027243",36,32768,128
"0,026585",37,32768,128
"0,026435",38,32768,128
"0,026948",39,32768,128
"0,026697",40,32768,128
"0,026932",41,32768,128
"0,02639",42,32768,128
"0,027117",43,32768,128
"0,027081",44,32768,128
"0,027466",45,32768,128
"0,026659",46,32768,128
"0,027121",47,32768,128
"0,027354",48,32768,128
"0,027289",49,32768,128
"0,026673",50,32768,128
"0,026221",51,32768,128
"0,027425",52,32768,128
"0,02647",53,32768,128
"0,026183",54,32768,128
"0,02709",55,32768,128
"0,027445",56,32768,128
"0,027138",57,32768,128
"0,026388",58,32768,128
"0,02706",59,32768,128
"0,027176",60,32768,128
"0,026747",61,32768,128
"0,027027",62,32768,128
"0,026962",63,32768,128
"0,026801",64,32768,128
"0,026779",65,32768,128
"0,026955",66,32768,128
"0,026061",67,32768,128
"0,026957",68,32768,128
"0,027086",69,32768,128
"0,026927",70,32768,128
"0,027293",71,32768,128
"0,02616",72,32768,128
"0,027187",73,32768,128
"0,027219",74,32768,128
"0,026919",75,32768,128
"0,026903",76,32768,128
"0,027197",77,32768,128
"0,026614",78,32768,128
"0,027034",79,32768,128
"0,026758",80,32768,128
"0,027349",81,32768,128
"0,026493",82,32768,128
"0,026952",83,32768,128
"0,026252",84,32768,128
"0,026587",85,32768,128
"0,027035",86,32768,128
"0,02689",87,32768,128
"0,027035",88,32768,128
"0,026332",89,32768,128
"0,02727",90,32768,128
"0,027382",91,32768,128
"0,027243",92,32768,128
"0,026635",93,32768,128
"0,02707",94,32768,128
"0,026681",95,32768,128
"0,027204",96,32768,128
"0,026537",97,32768,128
"0,026922",98,32768,128
"0,026839",99,32768,128
"0,05257",0,256,32768
"0,052697",1,256,32768
"0,053326",2,256,32768
"0,053644",3,256,32768
"0,051004",4,256,32768
"0,05145",5,256,32768
"0,052689",6,256,32768
"0,053669",7,256,32768
"0,052693",8,256,32768
"0,051506",9,256,32768
"0,053853",10,256,32768
"0,051121",11,256,32768
"0,052636",12,256,32768
"0,053801",13,256,32768
"0,050754",14,256,32768
"0,052804",15,256,32768
"0,052226",16,256,32768
"0,052943",17,256,32768
"0,051273",18,256,32768
"0,053026",19,256,32768
"0,052438",20,256,32768
"0,05324",21,256,32768
"0,052367",22,256,32768
"0,053551",23,256,32768
"0,053079",24,256,32768
"0,052266",25,256,32768
"0,052933",26,256,32768
"0,053741",27,256,32768
"0,053004",28,256,32768
"0,05259",29,256,32768
"0,052986",30,256,32768
"0,052551",31,256,32768
"0,050621",32,256,32768
"0,053131",33,256,32768
"0,052909",34,256,32768
"0,051636",35,256,32768
"0,053095",36,256,32768
"0,051124",37,256,32768
"0,052813",38,256,32768
"0,052677",39,256,32768
"0,052326",40,256,32768
"0,05328",41,256,32768
"0,052336",42,256,32768
"0,052629",43,256,32768
"0,053",44,256,32768
"0,053181",45,256,32768
"0,053302",46,256,32768
"0,052992",47,256,32768
"0,053477",48,256,32768
"0,051743",49,256,32768
"0,053616",50,256,32768
"0,052327",51,256,32768
"0,052702",52,256,32768
"0,052131",53,256,32768
"0,051101",54,256,32768
"0,053189",55,256,32768
"0,051638",56,256,32768
"0,052553",57,256,32768
"0,054013",58,256,32768
"0,052341",59,256,32768
"0,051878",60,256,32768
"0,053531",61,256,32768
"0,051565",62,256,32768
"0,05198",63,256,32768
"0,051898",64,256,32768
"0,052204",65,256,32768
"0,052215",66,256,32768
"0,052755",67,256,32768
"0,053027",68,256,32768
"0,051696",69,256,32768
"0,05291",70,256,32768
"0,051087",71,256,32768
"0,053048",72,256,32768
"0,053303",73,256,32768
"0,052062",74,256,32768
"0,052942",75,256,32768
"0,053417",76,256,32768
"0,052941",77,256,32768
"0,05315",78,256,32768
"0,053028",79,256,32768
"0,051603",80,256,32768
"0,052354",81,256,32768
"0,05106",82,256,32768
"0,051906",83,256,32768
"0,051185",84,256,32768
"0,05337",85,256,32768
"0,051542",86,256,32768
"0,052113",87,256,32768
"0,053628",88,256,32768
"0,053034",89,256,32768
"0,052322",90,256,32768
"0,050684",91,256,32768
"0,053444",92,256,32768
"0,051668",93,256,32768
"0,052329",94,256,32768
"0,052803",95,256,32768
"0,051918",96,256,32768
"0,053118",97,256,32768
"0,051462",98,256,32768
"0,051802",99,256,32768
"0,052983",0,512,16384
"0,051946",1,512,16384
"0,052917",2,512,16384
"0,052403",3,512,16384
"0,051947",4,512,16384
"0,052215",5,512,16384
"0,053851",6,512,16384
"0,051188",7,512,16384
"0,052154",8,512,16384
"0,053354",9,512,16384
"0,051555",10,512,16384
"0,053119",11,512,16384
"0,0525",12,512,16384
"0,052387",13,512,16384
"0,050935",14,512,16384
"0,053063",15,512,16384
"0,051362",16,512,16384
"0,052725",17,512,16384
"0,051867",18,512,16384
"0,052133",19,512,16384
"0,053316",20,512,16384
"0,051813",21,512,16384
"0,050961",22,512,16384
"0,053398",23,512,16384
"0,05222",24,512,16384
"0,052784",25,512,16384
"0,053201",26,512,16384
"0,053233",27,512,16384
"0,052374",28,512,16384
"0,053249",29,512,16384
"0,05301",30,512,16384
"0,051577",31,512,16384
"0,05332",32,512,16384
"0,05184",33,512,16384
"0,051468",34,512,16384
"0,053635",35,512,16384
"0,051297",36,512,16384
"0,053707",37,512,16384
"0,053349",38,512,16384
"0,05208",39,512,16384
"0,053041",40,512,16384
"0,052536",41,512,16384
"0,052713",42,512,16384
"0,053615",43,512,16384
"0,053233",44,512,16384
"0,0513",45,512,16384
"0,052823",46,512,16384
"0,051131",47,512,16384
"0,052136",48,512,16384
"0,052491",49,512,16384
"0,053473",50,512,16384
"0,051573",51,512,16384
"0,052157",52,512,16384
"0,053271",53,512,16384
"0,052579",54,512,16384
"0,052822",55,512,16384
"0,050535",56,512,16384
"0,053081",57,512,16384
"0,051426",58,512,16384
"0,053277",59,512,16384
"0,053072",60,512,16384
"0,052343",61,512,16384
"0,052463",62,512,16384
"0,053704",63,512,16384
"0,053763",64,512,16384
"0,052689",65,512,16384
"0,051845",66,512,16384
"0,053058",67,512,16384
"0,053025",68,512,16384
"0,051409",69,512,16384
"0,052607",70,512,16384
"0,053605",71,512,16384
"0,05357",72,512,16384
"0,051814",73,512,16384
"0,053888",74,512,16384
"0,053325",75,512,16384
"0,051371",76,512,16384
"0,0528",77,512,16384
"0,050968",78,512,16384
"0,053427",79,512,16384
"0,051693",80,512,16384
"0,05266",81,512,16384
"0,052501",82,512,16384
"0,05223",83,512,16384
"0,053014",84,512,16384
"0,05368",85,512,16384
"0,051443",86,512,16384
"0,05312",87,512,16384
"0,053138",88,512,16384
"0,05287",89,512,16384
"0,052503",90,512,16384
"0,053602",91,512,16384
"0,052813",92,512,16384
"0,051006",93,512,16384
"0,052462",94,512,16384
"0,051021",95,512,16384
"0,052469",96,512,16384
"0,052159",97,512,16384
"0,052858",98,512,16384
"0,052795",99,512,16384
"0,052588",0,1024,8192
"0,051061",1,1024,8192
"0,053807",2,1024,8192
"0,051655",3,1024,8192
"0,053358",4,1024,8192
"0,053555",5,1024,8192
"0,053028",6,1024,8192
"0,052499",7,1024,8192
"0,052856",8,1024,8192
"0,053799",9,1024,8192
"0,051601",10,1024,8192
"0,053184",11,1024,8192
"0,053521",12,1024,8192
"0,052197",13,1024,8192
"0,052869",14,1024,8192
"0,05255",15,1024,8192
"0,053475",16,1024,8192
"0,052375",17,1024,8192
"0,053002",18,1024,8192
"0,054005",19,1024,8192
"0,052692",20,1024,8192
"0,051989",21,1024,8192
"0,053382",22,1024,8192
"0,052745",23,1024,8192
"0,051684",24,1024,8192
"0,053188",25,1024,8192
"0,050817",26,1024,8192
"0,053657",27,1024,8192
"0,052254",28,1024,8192
"0,052979",29,1024,8192
"0,052206",30,1024,8192
"0,052505",31,1024,8192
"0,052787",32,1024,8192
"0,052782",33,1024,8192
"0,050971",34,1024,8192
"0,052652",35,1024,8192
"0,053835",36,1024,8192
"0,050772",37,1024,8192
"0,052616",38,1024,8192
"0,051863",39,1024,8192
"0,052266",40,1024,8192
"0,050674",41,1024,8192
"0,052808",42,1024,8192
"0,052916",43,1024,8192
"0,051249",44,1024,8192
"0,052767",45,1024,8192
"0,053636",46,1024,8192
"0,053436",47,1024,8192
"0,05144",48,1024,8192
"0,052135",49,1024,8192
"0,053485",50,1024,8192
"0,052759",51,1024,8192
"0,051145",52,1024,8192
"0,053363",53,1024,8192
"0,053039",54,1024,8192
"0,052494",55,1024,8192
"0,052215",56,1024,8192
"0,05319",57,1024,8192
"0,051627",58,1024,8192
"0,053114",59,1024,8192
"0,050918",60,1024,8192
"0,052873",61,1024,8192
"0,052392",62,1024,8192
"0,052998",63,1024,8192
"0,053876",64,1024,8192
"0,051194",65,1024,8192
"0,052159",66,1024,8192
"0,053762",67,1024,8192
"0,052811",68,1024,8192
"0,05092",69,1024,8192
"0,053978",70,1024,8192
"0,051109",71,1024,8192
"0,052613",72,1024,8192
"0,051491",73,1024,8192
"0,052396",74,1024,8192
"0,05308",75,1024,8192
"0,051147",76,1024,8192
"0,05311",77,1024,8192
"0,051946",78,1024,8192
"0,052451",79,1024,8192
"0,050767",80,1024,8192
"0,053437",81,1024,8192
"0,052478",82,1024,8192
"0,052351",83,1024,8192
"0,053252",84,1024,8192
"0,053418",85,1024,8192
"0,051073",86,1024,8192
"0,053002",87,1024,8192
"0,053032",88,1024,8192
"0,050736",89,1024,8192
"0,052272",90,1024,8192
"0,053187",91,1024,8192
"0,052674",92,1024,8192
"0,052609",93,1024,8192
"0,051452",94,1024,8192
"0,053088",95,1024,8192
"0,052145",96,1024,8192
"0,052242",97,1024,8192
"0,052886",98,1024,8192
"0,053085",99,1024,8192
"0,053552",0,2048,4096
"0,053504",1,2048,4096
"0,052479",2,2048,4096
"0,053408",3,2048,4096
"0,053407",4,2048,4096
"0,052835",5,2048,4096
"0,052216",6,2048,4096
"0,052489",7,2048,4096
"0,0526",8,2048,4096
"0,053904",9,2048,4096
"0,051534",10,2048,4096
"0,052747",11,2048,4096
"0,053574",12,2048,4096
"0,051369",13,2048,4096
"0,05324",14,2048,4096
"0,05381",15,2048,4096
"0,052274",16,2048,4096
"0,051371",17,2048,4096
"0,053365",18,2048,4096
"0,052624",19,2048,4096
"0,050655",20,2048,4096
"0,053166",21,2048,4096
"0,05138",22,2048,4096
"0,052665",23,2048,4096
"0,052546",24,2048,4096
"0,051428",25,2048,4096
"0,053408",26,2048,4096
"0,052673",27,2048,4096
"0,050967",28,2048,4096
"0,05336",29,2048,4096
"0,05344",30,2048,4096
"0,052802",31,2048,4096
"0,052909",32,2048,4096
"0,053298",33,2048,4096
"0,051344",34,2048,4096
"0,053235",35,2048,4096
"0,05323",36,2048,4096
"0,053345",37,2048,4096
"0,05295",38,2048,4096
"0,051467",39,2048,4096
"0,053334",40,2048,4096
"0,051192",41,2048,4096
"0,053135",42,2048,4096
"0,053167",43,2048,4096
"0,05303",44,2048,4096
"0,052537",45,2048,4096
"0,053645",46,2048,4096
"0,052097",47,2048,4096
"0,052116",48,2048,4096
"0,053143",49,2048,4096
"0,051506",50,2048,4096
"0,050503",51,2048,4096
"0,053715",52,2048,4096
"0,051311",53,2048,4096
"0,052964",54,2048,4096
"0,053558",55,2048,4096
"0,051291",56,2048,4096
"0,05309",57,2048,4096
"0,052307",58,2048,4096
"0,05157",59,2048,4096
"0,052486",60,2048,4096
"0,052349",61,2048,4096
"0,052889",62,2048,4096
"0,053877",63,2048,4096
"0,051541",64,2048,4096
"0,052137",65,2048,4096
"0,0532",66,2048,4096
"0,050864",67,2048,4096
"0,053033",68,2048,4096
"0,052218",69,2048,4096
"0,053047",70,2048,4096
"0,051071",71,2048,4096
"0,05345",72,2048,4096
"0,051007",73,2048,4096
"0,052199",74,2048,4096
"0,05198",75,2048,4096
"0,053222",76,2048,4096
"0,052755",77,2048,4096
"0,051174",78,2048,4096
"0,052847",79,2048,4096
"0,053609",80,2048,4096
"0,051442",81,2048,4096
"0,050756",82,2048,4096
"0,053639",83,2048,4096
"0,051061",84,2048,4096
"0,051353",85,2048,4096
"0,053515",86,2048,4096
"0,052556",87,2048,4096
"0,051389",88,2048,4096
"0,051892",89,2048,4096
"0,052315",90,2048,4096
"0,050923",91,2048,4096
"0,052706",92,2048,4096
"0,053348",93,2048,4096
"0,050877",94,2048,4096
"0,0517",95,2048,4096
"0,050757",96,2048,4096
"0,053112",97,2048,4096
"0,053682",98,2048,4096
"0,051803",99,2048,4096
"0,054062",0,4096,2048
"0,051336",1,4096,2048
"0,051967",2,4096,2048
"0,053102",3,4096,2048
"0,051161",4,4096,2048
"0,052067",5,4096,2048
"0,053005",6,4096,2048
"0,053118",7,4096,2048
"0,051417",8,4096,2048
"0,052576",9,4096,2048
"0,052032",10,4096,2048
"0,051183",11,4096,2048
"0,052678",12,4096,2048
"0,052171",13,4096,2048
"0,052564",14,4096,2048
"0,052778",15,4096,2048
"0,051438",16,4096,2048
"0,053586",17,4096,2048
"0,051495",18,4096,2048
"0,053042",19,4096,2048
"0,053675",20,4096,2048
"0,051525",21,4096,2048
"0,053284",22,4096,2048
"0,051721",23,4096,2048
"0,052092",24,4096,2048
"0,052227",25,4096,2048
"0,052951",26,4096,2048
"0,05138",27,4096,2048
"0,053103",28,4096,2048
"0,051727",29,4096,2048
"0,053156",30,4096,2048
"0,052576",31,4096,2048
"0,052689",32,4096,2048
"0,052437",33,4096,2048
"0,052896",34,4096,2048
"0,052465",35,4096,2048
"0,052688",36,4096,2048
"0,05422",37,4096,2048
"0,052902",38,4096,2048
"0,052873",39,4096,2048
"0,051711",40,4096,2048
"0,05229",41,4096,2048
"0,052709",42,4096,2048
"0,052126",43,4096,2048
"0,050852",44,4096,2048
"0,052411",45,4096,2048
"0,051821",46,4096,2048
"0,050624",47,4096,2048
"0,053084",48,4096,2048
"0,052203",49,4096,2048
"0,053038",50,4096,2048
"0,053587",51,4096,2048
"0,05125",52,4096,2048
"0,052557",53,4096,2048
"0,053693",54,4096,2048
"0,050977",55,4096,2048
"0,052659",56,4096,2048
"0,052849",57,4096,2048
"0,051371",58,4096,2048
"0,052291",59,4096,2048
"0,051677",60,4096,2048
"0,052229",61,4096,2048
"0,053306",62,4096,2048
"0,051461",63,4096,2048
"0,052869",64,4096,2048
"0,051755",65,4096,2048
"0,052494",66,4096,2048
"0,053018",67,4096,2048
"0,052816",68,4096,2048
"0,051291",69,4096,2048
"0,052862",70,4096,2048
"0,053636",71,4096,2048
"0,05271",72,4096,2048
"0,050997",73,4096,2048
"0,053093",74,4096,2048
"0,052016",75,4096,2048
"0,05121",76,4096,2048
"0,052566",77,4096,2048
"0,051023",78,4096,2048
"0,052569",79,4096,2048
"0,051433",80,4096,2048
"0,053458",81,4096,2048
"0,053135",82,4096,2048
"0,053119",83,4096,2048
"0,052664",84,4096,2048
"0,053626",85,4096,2048
"0,052811",86,4096,2048
"0,053363",87,4096,2048
"0,05396",88,4096,2048
"0,052498",89,4096,2048
"0,052368",90,4096,2048
"0,052398",91,4096,2048
"0,05132",92,4096,2048
"0,052707",93,4096,2048
"0,051646",94,4096,2048
"0,052885",95,4096,2048
"0,051221",96,4096,2048
"0,052119",97,4096,2048
"0,052792",98,4096,2048
"0,052623",99,4096,2048
"0,051267",0,8192,1024
"0,051982",1,8192,1024
"0,053867",2,8192,1024
"0,050791",3,8192,1024
"0,052782",4,8192,1024
"0,053678",5,8192,1024
"0,052453",6,8192,1024
"0,052379",7,8192,1024
"0,051862",8,8192,1024
"0,052596",9,8192,1024
"0,05094",10,8192,1024
"0,052996",11,8192,1024
"0,05223",12,8192,1024
"0,051142",13,8192,1024
"0,052469",14,8192,1024
"0,051394",15,8192,1024
"0,053287",16,8192,1024
"0,051263",17,8192,1024
"0,052625",18,8192,1024
"0,053507",19,8192,1024
"0,052778",20,8192,1024
"0,051116",21,8192,1024
"0,052876",22,8192,1024
"0,052454",23,8192,1024
"0,052202",24,8192,1024
"0,052921",25,8192,1024
"0,051407",26,8192,1024
"0,052386",27,8192,1024
"0,051857",28,8192,1024
"0,053246",29,8192,1024
"0,052028",30,8192,1024
"0,051192",31,8192,1024
"0,052362",32,8192,1024
"0,053296",33,8192,1024
"0,051977",34,8192,1024
"0,051489",35,8192,1024
"0,053287",36,8192,1024
"0,05144",37,8192,1024
"0,053049",38,8192,1024
"0,052594",39,8192,1024
"0,052136",40,8192,1024
"0,052711",41,8192,1024
"0,051667",42,8192,1024
"0,05158",43,8192,1024
"0,051615",44,8192,1024
"0,052816",45,8192,1024
"0,053119",46,8192,1024
"0,052421",47,8192,1024
"0,051693",48,8192,1024
"0,052723",49,8192,1024
"0,053459",50,8192,1024
"0,051682",51,8192,1024
"0,053146",52,8192,1024
"0,054174",53,8192,1024
"0,052597",54,8192,1024
"0,052709",55,8192,1024
"0,053234",56,8192,1024
"0,051538",57,8192,1024
"0,053209",58,8192,1024
"0,051542",59,8192,1024
"0,053035",60,8192,1024
"0,051864",61,8192,1024
"0,051879",62,8192,1024
"0,052634",63,8192,1024
"0,052869",64,8192,1024
"0,051392",65,8192,1024
"0,052849",66,8192,1024
"0,053481",67,8192,1024
"0,052597",68,8192,1024
"0,0517",69,8192,1024
"0,053805",70,8192,1024
"0,052676",71,8192,1024
"0,052625",72,8192,1024
"0,053719",73,8192,1024
"0,052514",74,8192,1024
"0,052729",75,8192,1024
"0,052698",76,8192,1024
"0,052631",77,8192,1024
"0,053075",78,8192,1024
"0,05145",79,8192,1024
"0,052763",80,8192,1024
"0,053116",81,8192,1024
"0,052892",82,8192,1024
"0,052338",83,8192,1024
"0,053667",84,8192,1024
"0,050866",85,8192,1024
"0,053057",86,8192,1024
"0,052809",87,8192,1024
"0,052151",88,8192,1024
"0,05294",89,8192,1024
"0,053287",90,8192,1024
"0,052039",91,8192,1024
"0,052929",92,8192,1024
"0,052304",93,8192,1024
"0,051125",94,8192,1024
"0,051673",95,8192,1024
"0,052946",96,8192,1024
"0,053191",97,8192,1024
"0,052858",98,8192,1024
"0,052712",99,8192,1024
"0,052762",0,16384,512
"0,053768",1,16384,512
"0,052189",2,16384,512
"0,05168",3,16384,512
"0,053215",4,16384,512
"0,051379",5,16384,512
"0,052454",6,16384,512
"0,053428",7,16384,512
"0,052867",8,16384,512
"0,053609",9,16384,512
"0,052718",10,16384,512
"0,052412",11,16384,512
"0,053205",12,16384,512
"0,053311",13,16384,512
"0,051402",14,16384,512
"0,053403",15,16384,512
"0,05118",16,16384,512
"0,052485",17,16384,512
"0,053906",18,16384,512
"0,051798",19,16384,512
"0,051438",20,16384,512
"0,052999",21,16384,512
"0,050894",22,16384,512
"0,053369",23,16384,512
"0,052839",24,16384,512
"0,051955",25,16384,512
"0,05242",26,16384,512
"0,05235",27,16384,512
"0,053443",28,16384,512
"0,053576",29,16384,512
"0,051827",30,16384,512
"0,051269",31,16384,512
"0,054357",32,16384,512
"0,052295",33,16384,512
"0,051585",34,16384,512
"0,052629",35,16384,512
"0,051305",36,16384,512
"0,051353",37,16384,512
"0,052961",38,16384,512
"0,050649",39,16384,512
"0,052846",40,16384,512
"0,052114",41,16384,512
"0,050701",42,16384,512
"0,052123",43,16384,512
"0,052675",44,16384,512
"0,052459",45,16384,512
"0,052807",46,16384,512
"0,052867",47,16384,512
"0,052681",48,16384,512
"0,053856",49,16384,512
"0,054002",50,16384,512
"0,051853",51,16384,512
"0,053766",52,16384,512
"0,052213",53,16384,512
"0,052975",54,16384,512
"0,052937",55,16384,512
"0,051386",56,16384,512
"0,052849",57,16384,512
"0,052245",58,16384,512
"0,051864",59,16384,512
"0,053324",60,16384,512
"0,051298",61,16384,512
"0,052428",62,16384,512
"0,054265",63,16384,512
"0,051516",64,16384,512
"0,052525",65,16384,512
"0,053863",66,16384,512
"0,052911",67,16384,512
"0,05153",68,16384,512
"0,054222",69,16384,512
"0,052873",70,16384,512
"0,050982",71,16384,512
"0,053101",72,16384,512
"0,052808",73,16384,512
"0,051149",74,16384,512
"0,053082",75,16384,512
"0,053333",76,16384,512
"0,052348",77,16384,512
"0,051639",78,16384,512
"0,052626",79,16384,512
"0,052925",80,16384,512
"0,052492",81,16384,512
"0,052316",82,16384,512
"0,053653",83,16384,512
"0,052825",84,16384,512
"0,052862",85,16384,512
"0,053368",86,16384,512
"0,052954",87,16384,512
"0,053392",88,16384,512
"0,053876",89,16384,512
"0,052902",90,16384,512
"0,051967",91,16384,512
"0,053389",92,16384,512
"0,052574",93,16384,512
"0,052778",94,16384,512
"0,052106",95,16384,512
"0,05243",96,16384,512
"0,053894",97,16384,512
"0,052143",98,16384,512
"0,052515",99,16384,512
"0,053475",0,32768,256
"0,051692",1,32768,256
"0,052675",2,32768,256
"0,053029",3,32768,256
"0,052949",4,32768,256
"0,051071",5,32768,256
"0,053326",6,32768,256
"0,052264",7,32768,256
"0,052397",8,32768,256
"0,053845",9,32768,256
"0,050594",10,32768,256
"0,053011",11,32768,256
"0,052898",12,32768,256
"0,052862",13,32768,256
"0,053068",14,32768,256
"0,050856",15,32768,256
"0,052881",16,32768,256
"0,053388",17,32768,256
"0,052363",18,32768,256
"0,052909",19,32768,256
"0,053927",20,32768,256
"0,050659",21,32768,256
"0,052701",22,32768,256
"0,053749",23,32768,256
"0,051604",24,32768,256
"0,052808",25,32768,256
"0,052616",26,32768,256
"0,052988",27,32768,256
"0,052862",28,32768,256
"0,053285",29,32768,256
"0,053012",30,32768,256
"0,054457",31,32768,256
"0,052057",32,32768,256
"0,053529",33,32768,256
"0,053722",34,32768,256
"0,052214",35,32768,256
"0,052771",36,32768,256
"0,053011",37,32768,256
"0,052229",38,32768,256
"0,05133",39,32768,256
"0,05344",40,32768,256
"0,051784",41,32768,256
"0,053615",42,32768,256
"0,052681",43,32768,256
"0,051541",44,32768,256
"0,053255",45,32768,256
"0,053015",46,32768,256
"0,052287",47,32768,256
"0,053178",48,32768,256
"0,051468",49,32768,256
"0,052544",50,32768,256
"0,053327",51,32768,256
"0,051836",52,32768,256
"0,052483",53,32768,256
"0,051257",54,32768,256
"0,052585",55,32768,256
"0,05269",56,32768,256
"0,051652",57,32768,256
"0,052951",58,32768,256
"0,052784",59,32768,256
"0,053204",60,32768,256
"0,05235",61,32768,256
"0,054006",62,32768,256
"0,052307",63,32768,256
"0,051169",64,32768,256
"0,053885",65,32768,256
"0,052392",66,32768,256
"0,052858",67,32768,256
"0,053099",68,32768,256
"0,050828",69,32768,256
"0,053132",70,32768,256
"0,052537",71,32768,256
"0,052521",72,32768,256
"0,051451",73,32768,256
"0,051074",74,32768,256
"0,052003",75,32768,256
"0,052224",76,32768,256
"0,05171",77,32768,256
"0,051569",78,32768,256
"0,053112",79,32768,256
"0,05333",80,32768,256
"0,050934",81,32768,256
"0,053832",82,32768,256
"0,052365",83,32768,256
"0,052515",84,32768,256
"0,052623",85,32768,256
"0,0507",86,32768,256
"0,052503",87,32768,256
"0,05315",88,32768,256
"0,051873",89,32768,256
"0,051709",90,32768,256
"0,052754",91,32768,256
"0,051115",92,32768,256
"0,052805",93,32768,256
"0,052311",94,32768,256
"0,05098",95,32768,256
"0,053932",96,32768,256
"0,051143",97,32768,256
"0,053353",98,32768,256
"0,05421",99,32768,256
"0,106403",0,512,32768
"0,105559",1,512,32768
"0,106319",2,512,32768
"0,10625",3,512,32768
"0,10839",4,512,32768
"0,104066",5,512,32768
"0,108034",6,512,32768
"0,10718",7,512,32768
"0,105151",8,512,32768
"0,107377",9,512,32768
"0,103948",10,512,32768
"0,107437",11,512,32768
"0,104044",12,512,32768
"0,104812",13,512,32768
"0,107609",14,512,32768
"0,103366",15,512,32768
"0,107986",16,512,32768
"0,106673",17,512,32768
"0,107286",18,512,32768
"0,107955",19,512,32768
"0,107421",20,512,32768
"0,109116",21,512,32768
"0,106748",22,512,32768
"0,104355",23,512,32768
"0,107727",24,512,32768
"0,104117",25,512,32768
"0,107821",26,512,32768
"0,106482",27,512,32768
"0,107561",28,512,32768
"0,107471",29,512,32768
"0,106933",30,512,32768
"0,108441",31,512,32768
"0,104028",32,512,32768
"0,106807",33,512,32768
"0,106654",34,512,32768
"0,103685",35,512,32768
"0,109425",36,512,32768
"0,103522",37,512,32768
"0,107548",38,512,32768
"0,107039",39,512,32768
"0,104333",40,512,32768
"0,108802",41,512,32768
"0,104025",42,512,32768
"0,105054",43,512,32768
"0,104678",44,512,32768
"0,108196",45,512,32768
"0,10949",46,512,32768
"0,104283",47,512,32768
"0,108676",48,512,32768
"0,106319",49,512,32768
"0,106368",50,512,32768
"0,107498",51,512,32768
"0,105471",52,512,32768
"0,10865",53,512,32768
"0,102414",54,512,32768
"0,106425",55,512,32768
"0,105827",56,512,32768
"0,10644",57,512,32768
"0,108073",58,512,32768
"0,103358",59,512,32768
"0,108322",60,512,32768
"0,104713",61,512,32768
"0,107705",62,512,32768
"0,107971",63,512,32768
"0,105052",64,512,32768
"0,103945",65,512,32768
"0,104238",66,512,32768
"0,107048",67,512,32768
"0,109291",68,512,32768
"0,107269",69,512,32768
"0,106398",70,512,32768
"0,107546",71,512,32768
"0,103534",72,512,32768
"0,108996",73,512,32768
"0,107042",74,512,32768
"0,104455",75,512,32768
"0,107867",76,512,32768
"0,104304",77,512,32768
"0,10871",78,512,32768
"0,103912",79,512,32768
"0,107293",80,512,32768
"0,103237",81,512,32768
"0,107285",82,512,32768
"0,106707",83,512,32768
"0,107257",84,512,32768
"0,106359",85,512,32768
"0,106426",86,512,32768
"0,103178",87,512,32768
"0,106871",88,512,32768
"0,103439",89,512,32768
"0,109122",90,512,32768
"0,107184",91,512,32768
"0,105094",92,512,32768
"0,106558",93,512,32768
"0,107095",94,512,32768
"0,107764",95,512,32768
"0,106443",96,512,32768
"0,103764",97,512,32768
"0,106918",98,512,32768
"0,104251",99,512,32768
"0,108441",0,1024,16384
"0,103759",1,1024,16384
"0,106033",2,1024,16384
"0,107716",3,1024,16384
"0,10377",4,1024,16384
"0,108195",5,1024,16384
"0,104282",6,1024,16384
"0,107188",7,1024,16384
"0,103193",8,1024,16384
"0,106415",9,1024,16384
"0,108928",10,1024,16384
"0,104275",11,1024,16384
"0,108184",12,1024,16384
"0,103251",13,1024,16384
"0,10646",14,1024,16384
"0,105161",15,1024,16384
"0,105146",16,1024,16384
"0,107222",17,1024,16384
"0,106434",18,1024,16384
"0,105182",19,1024,16384
"0,107468",20,1024,16384
"0,10631",21,1024,16384
"0,109028",22,1024,16384
"0,103849",23,1024,16384
"0,107179",24,1024,16384
"0,105203",25,1024,16384
"0,104039",26,1024,16384
"0,10864",27,1024,16384
"0,103504",28,1024,16384
"0,104813",29,1024,16384
"0,106527",30,1024,16384
"0,104924",31,1024,16384
"0,107496",32,1024,16384
"0,103214",33,1024,16384
"0,107908",34,1024,16384
"0,107274",35,1024,16384
"0,103698",36,1024,16384
"0,108682",37,1024,16384
"0,104314",38,1024,16384
"0,107487",39,1024,16384
"0,107039",40,1024,16384
"0,103784",41,1024,16384
"0,10731",42,1024,16384
"0,105572",43,1024,16384
"0,10761",44,1024,16384
"0,106348",45,1024,16384
"0,107399",46,1024,16384
"0,107213",47,1024,16384
"0,104344",48,1024,16384
"0,108836",49,1024,16384
"0,107513",50,1024,16384
"0,108201",51,1024,16384
"0,104959",52,1024,16384
"0,106329",53,1024,16384
"0,107741",54,1024,16384
"0,105032",55,1024,16384
"0,107804",56,1024,16384
"0,103784",57,1024,16384
"0,105231",58,1024,16384
"0,109649",59,1024,16384
"0,103248",60,1024,16384
"0,107826",61,1024,16384
"0,106728",62,1024,16384
"0,105253",63,1024,16384
"0,109732",64,1024,16384
"0,106632",65,1024,16384
"0,106827",66,1024,16384
"0,107862",67,1024,16384
"0,105065",68,1024,16384
"0,107908",69,1024,16384
"0,106551",70,1024,16384
"0,107839",71,1024,16384
"0,104007",72,1024,16384
"0,104278",73,1024,16384
"0,10941",74,1024,16384
"0,105099",75,1024,16384
"0,108366",76,1024,16384
"0,104234",77,1024,16384
"0,106412",78,1024,16384
"0,106997",79,1024,16384
"0,106419",80,1024,16384
"0,107482",81,1024,16384
"0,103396",82,1024,16384
"0,107538",83,1024,16384
"0,106035",84,1024,16384
"0,106333",85,1024,16384
"0,10672",86,1024,16384
"0,106601",87,1024,16384
"0,104232",88,1024,16384
"0,108323",89,1024,16384
"0,103739",90,1024,16384
"0,107631",91,1024,16384
"0,106667",92,1024,16384
"0,103602",93,1024,16384
"0,107941",94,1024,16384
"0,106517",95,1024,16384
"0,108124",96,1024,16384
"0,106577",97,1024,16384
"0,103733",98,1024,16384
"0,107803",99,1024,16384
"0,103372",0,2048,8192
"0,108312",1,2048,8192
"0,104212",2,2048,8192
"0,107934",3,2048,8192
"0,103147",4,2048,8192
"0,107156",5,2048,8192
"0,108208",6,2048,8192
"0,107207",7,2048,8192
"0,103896",8,2048,8192
"0,10641",9,2048,8192
"0,103564",10,2048,8192
"0,107332",11,2048,8192
"0,106989",12,2048,8192
"0,104962",13,2048,8192
"0,107358",14,2048,8192
"0,104669",15,2048,8192
"0,107427",16,2048,8192
"0,104164",17,2048,8192
"0,108581",18,2048,8192
"0,106414",19,2048,8192
"0,103537",20,2048,8192
"0,108468",21,2048,8192
"0,105175",22,2048,8192
"0,107936",23,2048,8192
"0,10643",24,2048,8192
"0,103998",25,2048,8192
"0,108501",26,2048,8192
"0,104001",27,2048,8192
"0,107728",28,2048,8192
"0,106546",29,2048,8192
"0,103549",30,2048,8192
"0,106598",31,2048,8192
"0,105148",32,2048,8192
"0,109083",33,2048,8192
"0,103465",34,2048,8192
"0,107163",35,2048,8192
"0,103669",36,2048,8192
"0,106295",37,2048,8192
"0,108587",38,2048,8192
"0,107848",39,2048,8192
"0,106475",40,2048,8192
"0,105117",41,2048,8192
"0,103837",42,2048,8192
"0,10908",43,2048,8192
"0,103385",44,2048,8192
"0,107945",45,2048,8192
"0,103133",46,2048,8192
"0,105109",47,2048,8192
"0,107853",48,2048,8192
"0,107218",49,2048,8192
"0,107552",50,2048,8192
"0,103185",51,2048,8192
"0,105975",52,2048,8192
"0,106609",53,2048,8192
"0,107915",54,2048,8192
"0,107893",55,2048,8192
"0,106851",56,2048,8192
"0,104393",57,2048,8192
"0,106491",58,2048,8192
"0,106693",59,2048,8192
"0,106812",60,2048,8192
"0,10753",61,2048,8192
"0,10659",62,2048,8192
"0,10724",63,2048,8192
"0,106404",64,2048,8192
"0,108788",65,2048,8192
"0,107941",66,2048,8192
"0,103989",67,2048,8192
"0,107039",68,2048,8192
"0,105158",69,2048,8192
"0,109321",70,2048,8192
"0,10754",71,2048,8192
"0,107431",72,2048,8192
"0,103349",73,2048,8192
"0,107125",74,2048,8192
"0,108744",75,2048,8192
"0,104218",76,2048,8192
"0,107926",77,2048,8192
"0,104025",78,2048,8192
"0,105227",79,2048,8192
"0,107973",80,2048,8192
"0,106767",81,2048,8192
"0,105765",82,2048,8192
"0,107433",83,2048,8192
"0,103635",84,2048,8192
"0,107647",85,2048,8192
"0,107648",86,2048,8192
"0,106005",87,2048,8192
"0,106974",88,2048,8192
"0,103524",89,2048,8192
"0,106158",90,2048,8192
"0,104725",91,2048,8192
"0,108204",92,2048,8192
"0,104646",93,2048,8192
"0,10725",94,2048,8192
"0,104097",95,2048,8192
"0,107204",96,2048,8192
"0,109187",97,2048,8192
"0,106682",98,2048,8192
"0,104056",99,2048,8192
"0,103985",0,4096,4096
"0,107339",1,4096,4096
"0,108997",2,4096,4096
"0,104777",3,4096,4096
"0,106905",4,4096,4096
"0,103392",5,4096,4096
"0,105906",6,4096,4096
"0,108262",7,4096,4096
"0,104368",8,4096,4096
"0,106548",9,4096,4096
"0,10494",10,4096,4096
"0,10637",11,4096,4096
"0,108564",12,4096,4096
"0,104078",13,4096,4096
"0,107952",14,4096,4096
"0,10725",15,4096,4096
"0,103838",16,4096,4096
"0,108148",17,4096,4096
"0,107479",18,4096,4096
"0,108116",19,4096,4096
"0,106469",20,4096,4096
"0,106429",21,4096,4096
"0,103409",22,4096,4096
"0,106322",23,4096,4096
"0,108365",24,4096,4096
"0,103523",25,4096,4096
"0,108201",26,4096,4096
"0,103086",27,4096,4096
"0,104681",28,4096,4096
"0,107533",29,4096,4096
"0,107239",30,4096,4096
"0,105702",31,4096,4096
"0,104191",32,4096,4096
"0,106954",33,4096,4096
"0,105207",34,4096,4096
"0,107623",35,4096,4096
"0,108418",36,4096,4096
"0,103045",37,4096,4096
"0,10436",38,4096,4096
"0,108005",39,4096,4096
"0,104188",40,4096,4096
"0,107785",41,4096,4096
"0,107192",42,4096,4096
"0,104029",43,4096,4096
"0,107515",44,4096,4096
"0,103997",45,4096,4096
"0,108342",46,4096,4096
"0,106623",47,4096,4096
"0,107396",48,4096,4096
"0,104391",49,4096,4096
"0,108055",50,4096,4096
"0,10779",51,4096,4096
"0,10653",52,4096,4096
"0,104172",53,4096,4096
"0,107653",54,4096,4096
"0,103816",55,4096,4096
"0,108678",56,4096,4096
"0,104507",57,4096,4096
"0,106905",58,4096,4096
"0,103976",59,4096,4096
"0,103367",60,4096,4096
"0,107665",61,4096,4096
"0,104332",62,4096,4096
"0,105786",63,4096,4096
"0,107624",64,4096,4096
"0,107989",65,4096,4096
"0,105965",66,4096,4096
"0,107056",67,4096,4096
"0,106165",68,4096,4096
"0,107836",69,4096,4096
"0,103668",70,4096,4096
"0,105845",71,4096,4096
"0,103417",72,4096,4096
"0,108259",73,4096,4096
"0,107255",74,4096,4096
"0,10726",75,4096,4096
"0,107626",76,4096,4096
"0,105289",77,4096,4096
"0,108504",78,4096,4096
"0,107063",79,4096,4096
"0,107036",80,4096,4096
"0,104745",81,4096,4096
"0,1076",82,4096,4096
"0,108483",83,4096,4096
"0,107674",84,4096,4096
"0,107373",85,4096,4096
"0,103552",86,4096,4096
"0,103664",87,4096,4096
"0,108673",88,4096,4096
"0,104299",89,4096,4096
"0,1071",90,4096,4096
"0,107091",91,4096,4096
"0,103147",92,4096,4096
"0,107892",93,4096,4096
"0,103258",94,4096,4096
"0,107771",95,4096,4096
"0,107548",96,4096,4096
"0,106683",97,4096,4096
"0,106714",98,4096,4096
"0,106524",99,4096,4096
"0,106138",0,8192,2048
"0,106377",1,8192,2048
"0,103606",2,8192,2048
"0,107426",3,8192,2048
"0,103467",4,8192,2048
"0,107788",5,8192,2048
"0,104893",6,8192,2048
"0,106473",7,8192,2048
"0,107221",8,8192,2048
"0,104991",9,8192,2048
"0,108509",10,8192,2048
"0,106492",11,8192,2048
"0,103965",12,8192,2048
"0,108239",13,8192,2048
"0,104928",14,8192,2048
"0,108068",15,8192,2048
"0,106833",16,8192,2048
"0,107807",17,8192,2048
"0,103761",18,8192,2048
"0,107593",19,8192,2048
"0,108675",20,8192,2048
"0,105046",21,8192,2048
"0,107174",22,8192,2048
"0,103496",23,8192,2048
"0,106227",24,8192,2048
"0,108517",25,8192,2048
"0,103888",26,8192,2048
"0,104539",27,8192,2048
"0,106404",28,8192,2048
"0,104041",29,8192,2048
"0,107505",30,8192,2048
"0,107607",31,8192,2048
"0,105991",32,8192,2048
"0,1066",33,8192,2048
"0,103193",34,8192,2048
"0,107325",35,8192,2048
"0,10699",36,8192,2048
"0,106619",37,8192,2048
"0,107015",38,8192,2048
"0,103283",39,8192,2048
"0,108273",40,8192,2048
"0,104187",41,8192,2048
"0,107801",42,8192,2048
"0,106042",43,8192,2048
"0,106258",44,8192,2048
"0,104644",45,8192,2048
"0,105027",46,8192,2048
"0,10908",47,8192,2048
"0,103528",48,8192,2048
"0,106937",49,8192,2048
"0,106861",50,8192,2048
"0,106457",51,8192,2048
"0,107859",52,8192,2048
"0,10775",53,8192,2048
"0,107232",54,8192,2048
"0,106411",55,8192,2048
"0,103502",56,8192,2048
"0,107479",57,8192,2048
"0,104188",58,8192,2048
"0,107932",59,8192,2048
"0,103054",60,8192,2048
"0,106333",61,8192,2048
"0,109176",62,8192,2048
"0,103703",63,8192,2048
"0,105",64,8192,2048
"0,1038",65,8192,2048
"0,107995",66,8192,2048
"0,109123",67,8192,2048
"0,107342",68,8192,2048
"0,106753",69,8192,2048
"0,104717",70,8192,2048
"0,106277",71,8192,2048
"0,107662",72,8192,2048
"0,106361",73,8192,2048
"0,10672",74,8192,2048
"0,106495",75,8192,2048
"0,105077",76,8192,2048
"0,108113",77,8192,2048
"0,104329",78,8192,2048
"0,108729",79,8192,2048
"0,107256",80,8192,2048
"0,107822",81,8192,2048
"0,105937",82,8192,2048
"0,106951",83,8192,2048
"0,106873",84,8192,2048
"0,107575",85,8192,2048
"0,105111",86,8192,2048
"0,107259",87,8192,2048
"0,106543",88,8192,2048
"0,108677",89,8192,2048
"0,10614",90,8192,2048
"0,10664",91,8192,2048
"0,105411",92,8192,2048
"0,107584",93,8192,2048
"0,107831",94,8192,2048
"0,106997",95,8192,2048
"0,103888",96,8192,2048
"0,107093",97,8192,2048
"0,103809",98,8192,2048
"0,108483",99,8192,2048
"0,107062",0,16384,1024
"0,104299",1,16384,1024
"0,103702",2,16384,1024
"0,107706",3,16384,1024
"0,109625",4,16384,1024
"0,105216",5,16384,1024
"0,107185",6,16384,1024
"0,105165",7,16384,1024
"0,107678",8,16384,1024
"0,106655",9,16384,1024
"0,104049",10,16384,1024
"0,108694",11,16384,1024
"0,105708",12,16384,1024
"0,1039",13,16384,1024
"0,106473",14,16384,1024
"0,104424",15,16384,1024
"0,107996",16,16384,1024
"0,103442",17,16384,1024
"0,107934",18,16384,1024
"0,103196",19,16384,1024
"0,106964",20,16384,1024
"0,108544",21,16384,1024
"0,106976",22,16384,1024
"0,103921",23,16384,1024
"0,10663",24,16384,1024
"0,105067",25,16384,1024
"0,108937",26,16384,1024
"0,103817",27,16384,1024
"0,108516",28,16384,1024
"0,107926",29,16384,1024
"0,106444",30,16384,1024
"0,10749",31,16384,1024
"0,106489",32,16384,1024
"0,105236",33,16384,1024
"0,106553",34,16384,1024
"0,10367",35,16384,1024
"0,108799",36,16384,1024
"0,103358",37,16384,1024
"0,108296",38,16384,1024
"0,105099",39,16384,1024
"0,107141",40,16384,1024
"0,107962",41,16384,1024
"0,104633",42,16384,1024
"0,107959",43,16384,1024
"0,106641",44,16384,1024
"0,104784",45,16384,1024
"0,102484",46,16384,1024
"0,10772",47,16384,1024
"0,108507",48,16384,1024
"0,105071",49,16384,1024
"0,107379",50,16384,1024
"0,105333",51,16384,1024
"0,108034",52,16384,1024
"0,108784",53,16384,1024
"0,104008",54,16384,1024
"0,10847",55,16384,1024
"0,103889",56,16384,1024
"0,107054",57,16384,1024
"0,107559",58,16384,1024
"0,107094",59,16384,1024
"0,106812",60,16384,1024
"0,107195",61,16384,1024
"0,10359",62,16384,1024
"0,107742",63,16384,1024
"0,10411",64,16384,1024
"0,108742",65,16384,1024
"0,104602",66,16384,1024
"0,107124",67,16384,1024
"0,106137",68,16384,1024
"0,107733",69,16384,1024
"0,106972",70,16384,1024
"0,107046",71,16384,1024
"0,1049",72,16384,1024
"0,10389",73,16384,1024
"0,106027",74,16384,1024
"0,108317",75,16384,1024
"0,104632",76,16384,1024
"0,106625",77,16384,1024
"0,103392",78,16384,1024
"0,104958",79,16384,1024
"0,108071",80,16384,1024
"0,103944",81,16384,1024
"0,10687",82,16384,1024
"0,103229",83,16384,1024
"0,106532",84,16384,1024
"0,107967",85,16384,1024
"0,105109",86,16384,1024
"0,107236",87,16384,1024
"0,106557",88,16384,1024
"0,103523",89,16384,1024
"0,107057",90,16384,1024
"0,106983",91,16384,1024
"0,108287",92,16384,1024
"0,104095",93,16384,1024
"0,107751",94,16384,1024
"0,105519",95,16384,1024
"0,104914",96,16384,1024
"0,108907",97,16384,1024
"0,103287",98,16384,1024
"0,107684",99,16384,1024
"0,106525",0,32768,512
"0,103994",1,32768,512
"0,108124",2,32768,512
"0,103862",3,32768,512
"0,106582",4,32768,512
"0,106024",5,32768,512
"0,103481",6,32768,512
"0,109299",7,32768,512
"0,106763",8,32768,512
"0,104149",9,32768,512
"0,106932",10,32768,512
"0,103738",11,32768,512
"0,10885",12,32768,512
"0,104341",13,32768,512
"0,105514",14,32768,512
"0,107717",15,32768,512
"0,10777",16,32768,512
"0,107171",17,32768,512
"0,107675",18,32768,512
"0,108039",19,32768,512
"0,103308",20,32768,512
"0,105114",21,32768,512
"0,104779",22,32768,512
"0,106412",23,32768,512
"0,107369",24,32768,512
"0,10668",25,32768,512
"0,104159",26,32768,512
"0,105358",27,32768,512
"0,107053",28,32768,512
"0,108021",29,32768,512
"0,103311",30,32768,512
"0,105473",31,32768,512
"0,103625",32,32768,512
"0,107606",33,32768,512
"0,108182",34,32768,512
"0,104198",35,32768,512
"0,106023",36,32768,512
"0,103487",37,32768,512
"0,107179",38,32768,512
"0,104957",39,32768,512
"0,106632",40,32768,512
"0,107617",41,32768,512
"0,107459",42,32768,512
"0,10568",43,32768,512
"0,104354",44,32768,512
"0,106346",45,32768,512
"0,107749",46,32768,512
"0,108257",47,32768,512
"0,103645",48,32768,512
"0,104996",49,32768,512
"0,106914",50,32768,512
"0,108434",51,32768,512
"0,107572",52,32768,512
"0,10492",53,32768,512
"0,107122",54,32768,512
"0,105081",55,32768,512
"0,108323",56,32768,512
"0,104921",57,32768,512
"0,106524",58,32768,512
"0,106854",59,32768,512
"0,103711",60,32768,512
"0,106489",61,32768,512
"0,103456",62,32768,512
"0,107077",63,32768,512
"0,103295",64,32768,512
"0,105168",65,32768,512
"0,104836",66,32768,512
"0,105278",67,32768,512
"0,108138",68,32768,512
"0,103174",69,32768,512
"0,107537",70,32768,512
"0,104641",71,32768,512
"0,107723",72,32768,512
"0,107828",73,32768,512
"0,10703",74,32768,512
"0,104632",75,32768,512
"0,104611",76,32768,512
"0,107436",77,32768,512
"0,108402",78,32768,512
"0,103388",79,32768,512
"0,104645",80,32768,512
"0,107087",81,32768,512
"0,104185",82,32768,512
"0,107331",83,32768,512
"0,106655",84,32768,512
"0,106304",85,32768,512
"0,105889",86,32768,512
"0,106885",87,32768,512
"0,104782",88,32768,512
"0,108226",89,32768,512
"0,107089",90,32768,512
"0,102241",91,32768,512
"0,10498",92,32768,512
"0,107599",93,32768,512
"0,106783",94,32768,512
"0,107667",95,32768,512
"0,106441",96,32768,512
"0,104015",97,32768,512
"0,106824",98,32768,512
"0,103678",99,32768,512
"0,108236",0,65536,256
"0,107466",1,65536,256
"0,106051",2,65536,256
"0,10286",3,65536,256
"0,10777",4,65536,256
"0,107829",5,65536,256
"0,106959",6,65536,256
"0,105392",7,65536,256
"0,107167",8,65536,256
"0,104021",9,65536,256
"0,105503",10,65536,256
"0,104182",11,65536,256
"0,107632",12,65536,256
"0,106442",13,65536,256
"0,108286",14,65536,256
"0,104346",15,65536,256
"0,107852",16,65536,256
"0,108157",17,65536,256
"0,104485",18,65536,256
"0,104311",19,65536,256
"0,105006",20,65536,256
"0,103956",21,65536,256
"0,108143",22,65536,256
"0,104468",23,65536,256
"0,108298",24,65536,256
"0,103298",25,65536,256
"0,10502",26,65536,256
"0,108862",27,65536,256
"0,103717",28,65536,256
"0,108362",29,65536,256
"0,103361",30,65536,256
"0,104031",31,65536,256
"0,104821",32,65536,256
"0,104323",33,65536,256
"0,107888",34,65536,256
"0,105113",35,65536,256
"0,107812",36,65536,256
"0,105773",37,65536,256
"0,104413",38,65536,256
"0,109393",39,65536,256
"0,104885",40,65536,256
"0,106276",41,65536,256
"0,104324",42,65536,256
"0,107575",43,65536,256
"0,108332",44,65536,256
"0,10725",45,65536,256
"0,104132",46,65536,256
"0,104817",47,65536,256
"0,10704",48,65536,256
"0,107669",49,65536,256
"0,106386",50,65536,256
"0,106461",51,65536,256
"0,103403",52,65536,256
"0,105196",53,65536,256
"0,10537",54,65536,256
"0,107687",55,65536,256
"0,10681",56,65536,256
"0,103747",57,65536,256
"0,105314",58,65536,256
"0,106993",59,65536,256
"0,10786",60,65536,256
"0,107982",61,65536,256
"0,107272",62,65536,256
"0,103671",63,65536,256
"0,105587",64,65536,256
"0,107796",65,65536,256
"0,106886",66,65536,256
"0,103399",67,65536,256
"0,105288",68,65536,256
"0,106845",69,65536,256
"0,104993",70,65536,256
"0,109466",71,65536,256
"0,105202",72,65536,256
"0,103723",73,65536,256
"0,103849",74,65536,256
"0,106546",75,65536,256
"0,108516",76,65536,256
"0,107493",77,65536,256
"0,106673",78,65536,256
"0,105336",79,65536,256
"0,103494",80,65536,256
"0,107092",81,65536,256
"0,104192",82,65536,256
"0,10623",83,65536,256
"0,107076",84,65536,256
"0,103695",85,65536,256
"0,106039",86,65536,256
"0,105033",87,65536,256
"0,109177",88,65536,256
"0,106541",89,65536,256
"0,104799",90,65536,256
"0,1076",91,65536,256
"0,107256",92,65536,256
"0,107535",93,65536,256
"0,10717",94,65536,256
"0,10421",95,65536,256
"0,107617",96,65536,256
"0,104476",97,65536,256
"0,108038",98,65536,256
"0,104846",99,65536,256
"0,201527",0,512,65536
"0,204195",1,512,65536
"0,199178",2,512,65536
"0,20212",3,512,65536
"0,196977",4,512,65536
"0,206692",5,512,65536
"0,201386",6,512,65536
"0,203793",7,512,65536
"0,208193",8,512,65536
"0,202989",9,512,65536
"0,204381",10,512,65536
"0,199834",11,512,65536
"0,200351",12,512,65536
"0,204356",13,512,65536
"0,198693",14,512,65536
"0,199668",15,512,65536
"0,204281",16,512,65536
"0,203167",17,512,65536
"0,195958",18,512,65536
"0,198034",19,512,65536
"0,204085",20,512,65536
"0,202459",21,512,65536
"0,196953",22,512,65536
"0,20397",23,512,65536
"0,200525",24,512,65536
"0,206714",25,512,65536
"0,204393",26,512,65536
"0,204148",27,512,65536
"0,203976",28,512,65536
"0,206669",29,512,65536
"0,199945",30,512,65536
"0,200309",31,512,65536
"0,205764",32,512,65536
"0,196854",33,512,65536
"0,197857",34,512,65536
"0,204596",35,512,65536
"0,195554",36,512,65536
"0,197621",37,512,65536
"0,202614",38,512,65536
"0,197417",39,512,65536
"0,197315",40,512,65536
"0,199089",41,512,65536
"0,205284",42,512,65536
"0,201875",43,512,65536
"0,20606",44,512,65536
"0,203403",45,512,65536
"0,20228",46,512,65536
"0,201501",47,512,65536
"0,205888",48,512,65536
"0,197933",49,512,65536
"0,204394",50,512,65536
"0,197601",51,512,65536
"0,205867",52,512,65536
"0,197741",53,512,65536
"0,2021",54,512,65536
"0,19615",55,512,65536
"0,198571",56,512,65536
"0,203566",57,512,65536
"0,203909",58,512,65536
"0,200683",59,512,65536
"0,203402",60,512,65536
"0,20119",61,512,65536
"0,204639",62,512,65536
"0,203637",63,512,65536
"0,202772",64,512,65536
"0,201633",65,512,65536
"0,200956",66,512,65536
"0,203236",67,512,65536
"0,19922",68,512,65536
"0,202981",69,512,65536
"0,196718",70,512,65536
"0,202903",71,512,65536
"0,197402",72,512,65536
"0,202417",73,512,65536
"0,196673",74,512,65536
"0,197896",75,512,65536
"0,202327",76,512,65536
"0,201681",77,512,65536
"0,197689",78,512,65536
"0,201285",79,512,65536
"0,204689",80,512,65536
"0,206941",81,512,65536
"0,204142",82,512,65536
"0,205757",83,512,65536
"0,202674",84,512,65536
"0,199471",85,512,65536
"0,203031",86,512,65536
"0,197342",87,512,65536
"0,202402",88,512,65536
"0,197928",89,512,65536
"0,197427",90,512,65536
"0,204478",91,512,65536
"0,195752",92,512,65536
"0,202221",93,512,65536
"0,204044",94,512,65536
"0,198651",95,512,65536
"0,199092",96,512,65536
"0,204229",97,512,65536
"0,202357",98,512,65536
"0,205673",99,512,65536
"0,205994",0,1024,32768
"0,205376",1,1024,32768
"0,206336",2,1024,32768
"0,204527",3,1024,32768
"0,20298",4,1024,32768
"0,199675",5,1024,32768
"0,204501",6,1024,32768
"0,196974",7,1024,32768
"0,203638",8,1024,32768
"0,202949",9,1024,32768
"0,195214",10,1024,32768
"0,197401",11,1024,32768
"0,199464",12,1024,32768
"0,201285",13,1024,32768
"0,204831",14,1024,32768
"0,203707",15,1024,32768
"0,205546",16,1024,32768
"0,206694",17,1024,32768
"0,207386",18,1024,32768
"0,206361",19,1024,32768
"0,200025",20,1024,32768
"0,205299",21,1024,32768
"0,202464",22,1024,32768
"0,204066",23,1024,32768
"0,203658",24,1024,32768
"0,201094",25,1024,32768
"0,197894",26,1024,32768
"0,196447",27,1024,32768
"0,202304",28,1024,32768
"0,202098",29,1024,32768
"0,206705",30,1024,32768
"0,207538",31,1024,32768
"0,202886",32,1024,32768
"0,205",33,1024,32768
"0,202668",34,1024,32768
"0,204228",35,1024,32768
"0,203326",36,1024,32768
"0,205812",37,1024,32768
"0,199965",38,1024,32768
"0,202536",39,1024,32768
"0,205573",40,1024,32768
"0,20276",41,1024,32768
"0,202282",42,1024,32768
"0,202576",43,1024,32768
"0,195438",44,1024,32768
"0,203844",45,1024,32768
"0,199515",46,1024,32768
"0,205339",47,1024,32768
"0,204037",48,1024,32768
"0,204986",49,1024,32768
"0,205045",50,1024,32768
"0,206421",51,1024,32768
"0,204645",52,1024,32768
"0,204327",53,1024,32768
"0,203457",54,1024,32768
"0,197695",55,1024,32768
"0,200033",56,1024,32768
"0,204494",57,1024,32768
"0,202659",58,1024,32768
"0,196174",59,1024,32768
"0,199104",60,1024,32768
"0,201843",61,1024,32768
"0,20043",62,1024,32768
"0,201174",63,1024,32768
"0,204041",64,1024,32768
"0,206387",65,1024,32768
"0,203259",66,1024,32768
"0,206396",67,1024,32768
"0,202367",68,1024,32768
"0,203748",69,1024,32768
"0,205167",70,1024,32768
"0,199587",71,1024,32768
"0,205108",72,1024,32768
"0,203161",73,1024,32768
"0,197189",74,1024,32768
"0,202681",75,1024,32768
"0,202595",76,1024,32768
"0,195743",77,1024,32768
"0,204574",78,1024,32768
"0,196359",79,1024,32768
"0,20002",80,1024,32768
"0,20615",81,1024,32768
"0,20394",82,1024,32768
"0,203902",83,1024,32768
"0,205984",84,1024,32768
"0,20611",85,1024,32768
"0,20403",86,1024,32768
"0,19826",87,1024,32768
"0,206042",88,1024,32768
"0,205319",89,1024,32768
"0,199305",90,1024,32768
"0,202954",91,1024,32768
"0,196671",92,1024,32768
"0,204063",93,1024,32768
"0,202087",94,1024,32768
"0,195397",95,1024,32768
"0,20347",96,1024,32768
"0,204497",97,1024,32768
"0,201757",98,1024,32768
"0,204628",99,1024,32768
"0,2062",0,2048,16384
"0,203827",1,2048,16384
"0,205102",2,2048,16384
"0,19966",3,2048,16384
"0,200365",4,2048,16384
"0,205973",5,2048,16384
"0,205419",6,2048,16384
"0,199984",7,2048,16384
"0,2065",8,2048,16384
"0,204435",9,2048,16384
"0,198127",10,2048,16384
"0,203361",11,2048,16384
"0,197432",12,2048,16384
"0,205041",13,2048,16384
"0,206378",14,2048,16384
"0,205422",15,2048,16384
"0,203866",16,2048,16384
"0,206899",17,2048,16384
"0,207356",18,2048,16384
"0,200755",19,2048,16384
"0,20446",20,2048,16384
"0,197629",21,2048,16384
"0,204276",22,2048,16384
"0,198733",23,2048,16384
"0,20264",24,2048,16384
"0,19666",25,2048,16384
"0,204044",26,2048,16384
"0,202835",27,2048,16384
"0,199069",28,2048,16384
"0,203783",29,2048,16384
"0,203102",30,2048,16384
"0,206272",31,2048,16384
"0,203888",32,2048,16384
"0,203534",33,2048,16384
"0,207258",34,2048,16384
"0,200148",35,2048,16384
"0,205859",36,2048,16384
"0,203124",37,2048,16384
"0,199995",38,2048,16384
"0,204949",39,2048,16384
"0,200049",40,2048,16384
"0,204715",41,2048,16384
"0,203595",42,2048,16384
"0,195766",43,2048,16384
"0,203269",44,2048,16384
"0,20108",45,2048,16384
"0,197725",46,2048,16384
"0,199695",47,2048,16384
"0,206429",48,2048,16384
"0,204921",49,2048,16384
"0,205234",50,2048,16384
"0,206733",51,2048,16384
"0,202952",52,2048,16384
"0,205143",53,2048,16384
"0,198073",54,2048,16384
"0,204269",55,2048,16384
"0,203399",56,2048,16384
"0,197538",57,2048,16384
"0,202857",58,2048,16384
"0,20496",59,2048,16384
"0,202393",60,2048,16384
"0,196441",61,2048,16384
"0,204738",62,2048,16384
"0,200517",63,2048,16384
"0,197375",64,2048,16384
"0,201558",65,2048,16384
"0,203665",66,2048,16384
"0,203427",67,2048,16384
"0,206485",68,2048,16384
"0,206122",69,2048,16384
"0,206712",70,2048,16384
"0,204279",71,2048,16384
"0,197898",72,2048,16384
"0,202567",73,2048,16384
"0,196278",74,2048,16384
"0,204177",75,2048,16384
"0,19683",76,2048,16384
"0,20451",77,2048,16384
"0,195127",78,2048,16384
"0,197913",79,2048,16384
"0,203208",80,2048,16384
"0,198693",81,2048,16384
"0,198112",82,2048,16384
"0,202505",83,2048,16384
"0,204964",84,2048,16384
"0,203097",85,2048,16384
"0,206048",86,2048,16384
"0,205757",87,2048,16384
"0,200177",88,2048,16384
"0,204019",89,2048,16384
"0,20402",90,2048,16384
"0,19904",91,2048,16384
"0,203905",92,2048,16384
"0,196687",93,2048,16384
"0,203484",94,2048,16384
"0,198145",95,2048,16384
"0,202453",96,2048,16384
"0,200835",97,2048,16384
"0,200511",98,2048,16384
"0,199689",99,2048,16384
"0,205613",0,4096,8192
"0,202409",1,4096,8192
"0,206696",2,4096,8192
"0,205676",3,4096,8192
"0,202659",4,4096,8192
"0,20402",5,4096,8192
"0,205463",6,4096,8192
"0,199171",7,4096,8192
"0,198934",8,4096,8192
"0,202364",9,4096,8192
"0,196962",10,4096,8192
"0,203445",11,4096,8192
"0,195182",12,4096,8192
"0,202706",13,4096,8192
"0,202927",14,4096,8192
"0,197433",15,4096,8192
"0,20273",16,4096,8192
"0,199329",17,4096,8192
"0,205146",18,4096,8192
"0,203557",19,4096,8192
"0,205544",20,4096,8192
"0,205384",21,4096,8192
"0,206039",22,4096,8192
"0,206859",23,4096,8192
"0,2049",24,4096,8192
"0,203589",25,4096,8192
"0,203695",26,4096,8192
"0,198703",27,4096,8192
"0,20235",28,4096,8192
"0,195489",29,4096,8192
"0,200821",30,4096,8192
"0,204103",31,4096,8192
"0,194716",32,4096,8192
"0,204",33,4096,8192
"0,19943",34,4096,8192
"0,205104",35,4096,8192
"0,20144",36,4096,8192
"0,205046",37,4096,8192
"0,204996",38,4096,8192
"0,204654",39,4096,8192
"0,206527",40,4096,8192
"0,199984",41,4096,8192
"0,203127",42,4096,8192
"0,204281",43,4096,8192
"0,1972",44,4096,8192
"0,202476",45,4096,8192
"0,205051",46,4096,8192
"0,195165",47,4096,8192
"0,203567",48,4096,8192
"0,203335",49,4096,8192
"0,195677",50,4096,8192
"0,197625",51,4096,8192
"0,205142",52,4096,8192
"0,200035",53,4096,8192
"0,205267",54,4096,8192
"0,206205",55,4096,8192
"0,203327",56,4096,8192
"0,206774",57,4096,8192
"0,200635",58,4096,8192
"0,198897",59,4096,8192
"0,203858",60,4096,8192
"0,198142",61,4096,8192
"0,202881",62,4096,8192
"0,196352",63,4096,8192
"0,204131",64,4096,8192
"0,195351",65,4096,8192
"0,199075",66,4096,8192
"0,205305",67,4096,8192
"0,196084",68,4096,8192
"0,194605",69,4096,8192
"0,20499",70,4096,8192
"0,198197",71,4096,8192
"0,205446",72,4096,8192
"0,203837",73,4096,8192
"0,202927",74,4096,8192
"0,205868",75,4096,8192
"0,207489",76,4096,8192
"0,201665",77,4096,8192
"0,205664",78,4096,8192
"0,204396",79,4096,8192
"0,197353",80,4096,8192
"0,198994",81,4096,8192
"0,205308",82,4096,8192
"0,196419",83,4096,8192
"0,203923",84,4096,8192
"0,203314",85,4096,8192
"0,202471",86,4096,8192
"0,195747",87,4096,8192
"0,204121",88,4096,8192
"0,200666",89,4096,8192
"0,20197",90,4096,8192
"0,206128",91,4096,8192
"0,203146",92,4096,8192
"0,20343",93,4096,8192
"0,204739",94,4096,8192
"0,200515",95,4096,8192
"0,203216",96,4096,8192
"0,204732",97,4096,8192
"0,198784",98,4096,8192
"0,203991",99,4096,8192
"0,205408",0,8192,4096
"0,197803",1,8192,4096
"0,198191",2,8192,4096
"0,20278",3,8192,4096
"0,202287",4,8192,4096
"0,202118",5,8192,4096
"0,199187",6,8192,4096
"0,199475",7,8192,4096
"0,203155",8,8192,4096
"0,204752",9,8192,4096
"0,207216",10,8192,4096
"0,202363",11,8192,4096
"0,207719",12,8192,4096
"0,203645",13,8192,4096
"0,20289",14,8192,4096
"0,198699",15,8192,4096
"0,2024",16,8192,4096
"0,204714",17,8192,4096
"0,197878",18,8192,4096
"0,20474",19,8192,4096
"0,195205",20,8192,4096
"0,201461",21,8192,4096
"0,194486",22,8192,4096
"0,198942",23,8192,4096
"0,199702",24,8192,4096
"0,204132",25,8192,4096
"0,201504",26,8192,4096
"0,205139",27,8192,4096
"0,205424",28,8192,4096
"0,20136",29,8192,4096
"0,203738",30,8192,4096
"0,199009",31,8192,4096
"0,203055",32,8192,4096
"0,19795",33,8192,4096
"0,202621",34,8192,4096
"0,204981",35,8192,4096
"0,197098",36,8192,4096
"0,201683",37,8192,4096
"0,197582",38,8192,4096
"0,201149",39,8192,4096
"0,197335",40,8192,4096
"0,198656",41,8192,4096
"0,199591",42,8192,4096
"0,203983",43,8192,4096
"0,203165",44,8192,4096
"0,208102",45,8192,4096
"0,204429",46,8192,4096
"0,205227",47,8192,4096
"0,204596",48,8192,4096
"0,198385",49,8192,4096
"0,202365",50,8192,4096
"0,202567",51,8192,4096
"0,203805",52,8192,4096
"0,203847",53,8192,4096
"0,198606",54,8192,4096
"0,203644",55,8192,4096
"0,20406",56,8192,4096
"0,195635",57,8192,4096
"0,20425",58,8192,4096
"0,205108",59,8192,4096
"0,20234",60,8192,4096
"0,20187",61,8192,4096
"0,207136",62,8192,4096
"0,203077",63,8192,4096
"0,202834",64,8192,4096
"0,1996",65,8192,4096
"0,203217",66,8192,4096
"0,203929",67,8192,4096
"0,197174",68,8192,4096
"0,20245",69,8192,4096
"0,202968",70,8192,4096
"0,196684",71,8192,4096
"0,200943",72,8192,4096
"0,197989",73,8192,4096
"0,202037",74,8192,4096
"0,197824",75,8192,4096
"0,203241",76,8192,4096
"0,199696",77,8192,4096
"0,205561",78,8192,4096
"0,206558",79,8192,4096
"0,204987",80,8192,4096
"0,204853",81,8192,4096
"0,206694",82,8192,4096
"0,200129",83,8192,4096
"0,197508",84,8192,4096
"0,2041",85,8192,4096
"0,197",86,8192,4096
"0,201613",87,8192,4096
"0,205036",88,8192,4096
"0,198569",89,8192,4096
"0,201037",90,8192,4096
"0,201085",91,8192,4096
"0,1968",92,8192,4096
"0,202232",93,8192,4096
"0,201917",94,8192,4096
"0,200485",95,8192,4096
"0,204451",96,8192,4096
"0,206734",97,8192,4096
"0,203202",98,8192,4096
"0,205349",99,8192,4096
"0,205805",0,16384,2048
"0,20376",1,16384,2048
"0,203106",2,16384,2048
"0,204474",3,16384,2048
"0,197292",4,16384,2048
"0,198117",5,16384,2048
"0,20445",6,16384,2048
"0,203663",7,16384,2048
"0,199694",8,16384,2048
"0,204962",9,16384,2048
"0,203025",10,16384,2048
"0,197265",11,16384,2048
"0,204414",12,16384,2048
"0,202964",13,16384,2048
"0,205589",14,16384,2048
"0,206877",15,16384,2048
"0,206247",16,16384,2048
"0,201176",17,16384,2048
"0,204693",18,16384,2048
"0,197976",19,16384,2048
"0,20439",20,16384,2048
"0,205059",21,16384,2048
"0,203371",22,16384,2048
"0,195662",23,16384,2048
"0,202177",24,16384,2048
"0,197122",25,16384,2048
"0,202532",26,16384,2048
"0,19467",27,16384,2048
"0,205146",28,16384,2048
"0,20475",29,16384,2048
"0,201209",30,16384,2048
"0,205421",31,16384,2048
"0,205047",32,16384,2048
"0,20595",33,16384,2048
"0,200799",34,16384,2048
"0,203217",35,16384,2048
"0,204343",36,16384,2048
"0,197902",37,16384,2048
"0,202536",38,16384,2048
"0,203133",39,16384,2048
"0,196762",40,16384,2048
"0,201498",41,16384,2048
"0,204353",42,16384,2048
"0,19735",43,16384,2048
"0,197004",44,16384,2048
"0,203325",45,16384,2048
"0,202266",46,16384,2048
"0,200852",47,16384,2048
"0,207313",48,16384,2048
"0,204398",49,16384,2048
"0,205482",50,16384,2048
"0,204847",51,16384,2048
"0,198697",52,16384,2048
"0,202988",53,16384,2048
"0,205539",54,16384,2048
"0,197547",55,16384,2048
"0,203954",56,16384,2048
"0,198201",57,16384,2048
"0,204828",58,16384,2048
"0,195248",59,16384,2048
"0,201089",60,16384,2048
"0,203067",61,16384,2048
"0,204578",62,16384,2048
"0,204488",63,16384,2048
"0,206471",64,16384,2048
"0,207305",65,16384,2048
"0,206226",66,16384,2048
"0,207054",67,16384,2048
"0,204817",68,16384,2048
"0,204422",69,16384,2048
"0,19799",70,16384,2048
"0,202498",71,16384,2048
"0,198246",72,16384,2048
"0,202461",73,16384,2048
"0,20445",74,16384,2048
"0,203344",75,16384,2048
"0,197067",76,16384,2048
"0,200293",77,16384,2048
"0,201892",78,16384,2048
"0,205185",79,16384,2048
"0,201503",80,16384,2048
"0,202395",81,16384,2048
"0,204885",82,16384,2048
"0,206436",83,16384,2048
"0,20561",84,16384,2048
"0,200283",85,16384,2048
"0,203057",86,16384,2048
"0,205821",87,16384,2048
"0,197739",88,16384,2048
"0,202741",89,16384,2048
"0,197635",90,16384,2048
"0,199",91,16384,2048
"0,20164",92,16384,2048
"0,196012",93,16384,2048
"0,202686",94,16384,2048
"0,202909",95,16384,2048
"0,19604",96,16384,2048
"0,204604",97,16384,2048
"0,20447",98,16384,2048
"0,206117",99,16384,2048
"0,205759",0,32768,1024
"0,204134",1,32768,1024
"0,205139",2,32768,1024
"0,201356",3,32768,1024
"0,19912",4,32768,1024
"0,203974",5,32768,1024
"0,198396",6,32768,1024
"0,20209",7,32768,1024
"0,203186",8,32768,1024
"0,19778",9,32768,1024
"0,203408",10,32768,1024
"0,200701",11,32768,1024
"0,198028",12,32768,1024
"0,201968",13,32768,1024
"0,195731",14,32768,1024
"0,204092",15,32768,1024
"0,200073",16,32768,1024
"0,206794",17,32768,1024
"0,202563",18,32768,1024
"0,205334",19,32768,1024
"0,201486",20,32768,1024
"0,204454",21,32768,1024
"0,2057",22,32768,1024
"0,204681",23,32768,1024
"0,205514",24,32768,1024
"0,205285",25,32768,1024
"0,195736",26,32768,1024
"0,204297",27,32768,1024
"0,195287",28,32768,1024
"0,201593",29,32768,1024
"0,197512",30,32768,1024
"0,201833",31,32768,1024
"0,201591",32,32768,1024
"0,204114",33,32768,1024
"0,202407",34,32768,1024
"0,2059",35,32768,1024
"0,206275",36,32768,1024
"0,203187",37,32768,1024
"0,20183",38,32768,1024
"0,205472",39,32768,1024
"0,20567",40,32768,1024
"0,198125",41,32768,1024
"0,205384",42,32768,1024
"0,204077",43,32768,1024
"0,195975",44,32768,1024
"0,20328",45,32768,1024
"0,19714",46,32768,1024
"0,195166",47,32768,1024
"0,203761",48,32768,1024
"0,198044",49,32768,1024
"0,203961",50,32768,1024
"0,201089",51,32768,1024
"0,204183",52,32768,1024
"0,207047",53,32768,1024
"0,205159",54,32768,1024
"0,205109",55,32768,1024
"0,204177",56,32768,1024
"0,205429",57,32768,1024
"0,19796",58,32768,1024
"0,202439",59,32768,1024
"0,205373",60,32768,1024
"0,201406",61,32768,1024
"0,202378",62,32768,1024
"0,2054",63,32768,1024
"0,202371",64,32768,1024
"0,202066",65,32768,1024
"0,199944",66,32768,1024
"0,202753",67,32768,1024
"0,205603",68,32768,1024
"0,202973",69,32768,1024
"0,206278",70,32768,1024
"0,20212",71,32768,1024
"0,206114",72,32768,1024
"0,204717",73,32768,1024
"0,204323",74,32768,1024
"0,202947",75,32768,1024
"0,202982",76,32768,1024
"0,202274",77,32768,1024
"0,204212",78,32768,1024
"0,195775",79,32768,1024
"0,202627",80,32768,1024
"0,197926",81,32768,1024
"0,202259",82,32768,1024
"0,202482",83,32768,1024
"0,202127",84,32768,1024
"0,204034",85,32768,1024
"0,206543",86,32768,1024
"0,208032",87,32768,1024
"0,205545",88,32768,1024
"0,206195",89,32768,1024
"0,198789",90,32768,1024
"0,203912",91,32768,1024
"0,201924",92,32768,1024
"0,198102",93,32768,1024
"0,204187",94,32768,1024
"0,202849",95,32768,1024
"0,203315",96,32768,1024
"0,203507",97,32768,1024
"0,197951",98,32768,1024
"0,198358",99,32768,1024
"0,204548",0,65536,512
"0,206216",1,65536,512
"0,203858",2,65536,512
"0,206703",3,65536,512
"0,204082",4,65536,512
"0,206702",5,65536,512
"0,203492",6,65536,512
"0,203617",7,65536,512
"0,204215",8,65536,512
"0,20022",9,65536,512
"0,197292",10,65536,512
"0,198777",11,65536,512
"0,203136",12,65536,512
"0,201202",13,65536,512
"0,197235",14,65536,512
"0,202298",15,65536,512
"0,202944",16,65536,512
"0,201294",17,65536,512
"0,205039",18,65536,512
"0,204798",19,65536,512
"0,207592",20,65536,512
"0,201353",21,65536,512
"0,204577",22,65536,512
"0,198351",23,65536,512
"0,205239",24,65536,512
"0,202516",25,65536,512
"0,204342",26,65536,512
"0,196183",27,65536,512
"0,20268",28,65536,512
"0,197807",29,65536,512
"0,203654",30,65536,512
"0,201092",31,65536,512
"0,203184",32,65536,512
"0,204854",33,65536,512
"0,205826",34,65536,512
"0,206813",35,65536,512
"0,204866",36,65536,512
"0,207067",37,65536,512
"0,200069",38,65536,512
"0,205744",39,65536,512
"0,197743",40,65536,512
"0,203305",41,65536,512
"0,19734",42,65536,512
"0,20369",43,65536,512
"0,20542",44,65536,512
"0,19532",45,65536,512
"0,203536",46,65536,512
"0,200357",47,65536,512
"0,203111",48,65536,512
"0,196865",49,65536,512
"0,206337",50,65536,512
"0,204678",51,65536,512
"0,20282",52,65536,512
"0,20591",53,65536,512
"0,203503",54,65536,512
"0,205941",55,65536,512
"0,204438",56,65536,512
"0,203025",57,65536,512
"0,202921",58,65536,512
"0,20178",59,65536,512
"0,199476",60,65536,512
"0,202493",61,65536,512
"0,197841",62,65536,512
"0,198386",63,65536,512
"0,202688",64,65536,512
"0,197454",65,65536,512
"0,200901",66,65536,512
"0,199474",67,65536,512
"0,203937",68,65536,512
"0,201587",69,65536,512
"0,20519",70,65536,512
"0,202848",71,65536,512
"0,207383",72,65536,512
"0,204545",73,65536,512
"0,205071",74,65536,512
"0,200547",75,65536,512
"0,204309",76,65536,512
"0,197443",77,65536,512
"0,203363",78,65536,512
"0,196973",79,65536,512
"0,205202",80,65536,512
"0,200646",81,65536,512
"0,202217",82,65536,512
"0,203633",83,65536,512
"0,19723",84,65536,512
"0,204495",85,65536,512
"0,204359",86,65536,512
"0,207283",87,65536,512
"0,205029",88,65536,512
"0,205521",89,65536,512
"0,205351",90,65536,512
"0,20023",91,65536,512
"0,205416",92,65536,512
"0,198089",93,65536,512
"0,20347",94,65536,512
"0,198085",95,65536,512
"0,198316",96,65536,512
"0,202486",97,65536,512
"0,200424",98,65536,512
"0,204316",99,65536,512
"0,406629",0,1024,65536
"0,395019",1,1024,65536
"0,396524",2,1024,65536
"0,391394",3,1024,65536
"0,410457",4,1024,65536
"0,395556",5,1024,65536
"0,392684",6,1024,65536
"0,405901",7,1024,65536
"0,394384",8,1024,65536
"0,406753",9,1024,65536
"0,40378",10,1024,65536
"0,405206",11,1024,65536
"0,409536",12,1024,65536
"0,407657",13,1024,65536
"0,393259",14,1024,65536
"0,404819",15,1024,65536
"0,394354",16,1024,65536
"0,408531",17,1024,65536
"0,40762",18,1024,65536
"0,396822",19,1024,65536
"0,406883",20,1024,65536
"0,404315",21,1024,65536
"0,407395",22,1024,65536
"0,404533",23,1024,65536
"0,407346",24,1024,65536
"0,402564",25,1024,65536
"0,405408",26,1024,65536
"0,405594",27,1024,65536
"0,398098",28,1024,65536
"0,404938",29,1024,65536
"0,39677",30,1024,65536
"0,404171",31,1024,65536
"0,395514",32,1024,65536
"0,390615",33,1024,65536
"0,405812",34,1024,65536
"0,395946",35,1024,65536
"0,398481",36,1024,65536
"0,407471",37,1024,65536
"0,391194",38,1024,65536
"0,39846",39,1024,65536
"0,394884",40,1024,65536
"0,405274",41,1024,65536
"0,406314",42,1024,65536
"0,404166",43,1024,65536
"0,392977",44,1024,65536
"0,405683",45,1024,65536
"0,394208",46,1024,65536
"0,405975",47,1024,65536
"0,396846",48,1024,65536
"0,404723",49,1024,65536
"0,406885",50,1024,65536
"0,405636",51,1024,65536
"0,406399",52,1024,65536
"0,396215",53,1024,65536
"0,4083",54,1024,65536
"0,408163",55,1024,65536
"0,398143",56,1024,65536
"0,398069",57,1024,65536
"0,404674",58,1024,65536
"0,400045",59,1024,65536
"0,409505",60,1024,65536
"0,39558",61,1024,65536
"0,407099",62,1024,65536
"0,398574",63,1024,65536
"0,407477",64,1024,65536
"0,396962",65,1024,65536
"0,407173",66,1024,65536
"0,408354",67,1024,65536
"0,408235",68,1024,65536
"0,395586",69,1024,65536
"0,411617",70,1024,65536
"0,397971",71,1024,65536
"0,406295",72,1024,65536
"0,407571",73,1024,65536
"0,410652",74,1024,65536
"0,398802",75,1024,65536
"0,399654",76,1024,65536
"0,407534",77,1024,65536
"0,397442",78,1024,65536
"0,408896",79,1024,65536
"0,404396",80,1024,65536
"0,395541",81,1024,65536
"0,397408",82,1024,65536
"0,405397",83,1024,65536
"0,399274",84,1024,65536
"0,408527",85,1024,65536
"0,397832",86,1024,65536
"0,409842",87,1024,65536
"0,407845",88,1024,65536
"0,399555",89,1024,65536
"0,409625",90,1024,65536
"0,397551",91,1024,65536
"0,409513",92,1024,65536
"0,410719",93,1024,65536
"0,398574",94,1024,65536
"0,407952",95,1024,65536
"0,39845",96,1024,65536
"0,408501",97,1024,65536
"0,398303",98,1024,65536
"0,407316",99,1024,65536
"0,409015",0,2048,32768
"0,401769",1,2048,32768
"0,407607",2,2048,32768
"0,407567",3,2048,32768
"0,407859",4,2048,32768
"0,402501",5,2048,32768
"0,397758",6,2048,32768
"0,405252",7,2048,32768
"0,398509",8,2048,32768
"0,399968",9,2048,32768
"0,4053",10,2048,32768
"0,399335",11,2048,32768
"0,39968",12,2048,32768
"0,408959",13,2048,32768
"0,398812",14,2048,32768
"0,399031",15,2048,32768
"0,409764",16,2048,32768
"0,399574",17,2048,32768
"0,408241",18,2048,32768
"0,408137",19,2048,32768
"0,39906",20,2048,32768
"0,410562",21,2048,32768
"0,410176",22,2048,32768
"0,399702",23,2048,32768
"0,408649",24,2048,32768
"0,407997",25,2048,32768
"0,398345",26,2048,32768
"0,409076",27,2048,32768
"0,401279",28,2048,32768
"0,408353",29,2048,32768
"0,407447",30,2048,32768
"0,40682",31,2048,32768
"0,398174",32,2048,32768
"0,40662",33,2048,32768
"0,408272",34,2048,32768
"0,407029",35,2048,32768
"0,408553",36,2048,32768
"0,404696",37,2048,32768
"0,392715",38,2048,32768
"0,39922",39,2048,32768
"0,407104",40,2048,32768
"0,395861",41,2048,32768
"0,408499",42,2048,32768
"0,397235",43,2048,32768
"0,404985",44,2048,32768
"0,395604",45,2048,32768
"0,400122",46,2048,32768
"0,397604",47,2048,32768
"0,400111",48,2048,32768
"0,397857",49,2048,32768
"0,409879",50,2048,32768
"0,40042",51,2048,32768
"0,397449",52,2048,32768
"0,408645",53,2048,32768
"0,400536",54,2048,32768
"0,405487",55,2048,32768
"0,399186",56,2048,32768
"0,41043",57,2048,32768
"0,39749",58,2048,32768
"0,402493",59,2048,32768
"0,399197",60,2048,32768
"0,398987",61,2048,32768
"0,402096",62,2048,32768
"0,409572",63,2048,32768
"0,40324",64,2048,32768
"0,399403",65,2048,32768
"0,409901",66,2048,32768
"0,39827",67,2048,32768
"0,408008",68,2048,32768
"0,398568",69,2048,32768
"0,401369",70,2048,32768
"0,400165",71,2048,32768
"0,400047",72,2048,32768
"0,397778",73,2048,32768
"0,400356",74,2048,32768
"0,40871",75,2048,32768
"0,399311",76,2048,32768
"0,400127",77,2048,32768
"0,397168",78,2048,32768
"0,40124",79,2048,32768
"0,406633",80,2048,32768
"0,396897",81,2048,32768
"0,408712",82,2048,32768
"0,411587",83,2048,32768
"0,402067",84,2048,32768
"0,40847",85,2048,32768
"0,396957",86,2048,32768
"0,409058",87,2048,32768
"0,401605",88,2048,32768
"0,400019",89,2048,32768
"0,409317",90,2048,32768
"0,398798",91,2048,32768
"0,401296",92,2048,32768
"0,403256",93,2048,32768
"0,397961",94,2048,32768
"0,398466",95,2048,32768
"0,401134",96,2048,32768
"0,40664",97,2048,32768
"0,397679",98,2048,32768
"0,405292",99,2048,32768
"0,399146",0,4096,16384
"0,406378",1,4096,16384
"0,396245",2,4096,16384
"0,400076",3,4096,16384
"0,405251",4,4096,16384
"0,397554",5,4096,16384
"0,409132",6,4096,16384
"0,396413",7,4096,16384
"0,396337",8,4096,16384
"0,393055",9,4096,16384
"0,398066",10,4096,16384
"0,396003",11,4096,16384
"0,405122",12,4096,16384
"0,391393",13,4096,16384
"0,40803",14,4096,16384
"0,393771",15,4096,16384
"0,396364",16,4096,16384
"0,389494",17,4096,16384
"0,407688",18,4096,16384
"0,396296",19,4096,16384
"0,40242",20,4096,16384
"0,395756",21,4096,16384
"0,394001",22,4096,16384
"0,409172",23,4096,16384
"0,406316",24,4096,16384
"0,395379",25,4096,16384
"0,40752",26,4096,16384
"0,402897",27,4096,16384
"0,392629",28,4096,16384
"0,406449",29,4096,16384
"0,40006",30,4096,16384
"0,407342",31,4096,16384
"0,390041",32,4096,16384
"0,393031",33,4096,16384
"0,40936",34,4096,16384
"0,405929",35,4096,16384
"0,395797",36,4096,16384
"0,390305",37,4096,16384
"0,399919",38,4096,16384
"0,403942",39,4096,16384
"0,391892",40,4096,16384
"0,406229",41,4096,16384
"0,406435",42,4096,16384
"0,406609",43,4096,16384
"0,396384",44,4096,16384
"0,406736",45,4096,16384
"0,407456",46,4096,16384
"0,409717",47,4096,16384
"0,392572",48,4096,16384
"0,402108",49,4096,16384
"0,410867",50,4096,16384
"0,393752",51,4096,16384
"0,391441",52,4096,16384
"0,402179",53,4096,16384
"0,396011",54,4096,16384
"0,395321",55,4096,16384
"0,394473",56,4096,16384
"0,407936",57,4096,16384
"0,395392",58,4096,16384
"0,40229",59,4096,16384
"0,396628",60,4096,16384
"0,395984",61,4096,16384
"0,395988",62,4096,16384
"0,39384",63,4096,16384
"0,407423",64,4096,16384
"0,398375",65,4096,16384
"0,409415",66,4096,16384
"0,402462",67,4096,16384
"0,390428",68,4096,16384
"0,395995",69,4096,16384
"0,408562",70,4096,16384
"0,397121",71,4096,16384
"0,39169",72,4096,16384
"0,406014",73,4096,16384
"0,395203",74,4096,16384
"0,394976",75,4096,16384
"0,396104",76,4096,16384
"0,406551",77,4096,16384
"0,395641",78,4096,16384
"0,392841",79,4096,16384
"0,394333",80,4096,16384
"0,409315",81,4096,16384
"0,393485",82,4096,16384
"0,40343",83,4096,16384
"0,393797",84,4096,16384
"0,408313",85,4096,16384
"0,408815",86,4096,16384
"0,398709",87,4096,16384
"0,394506",88,4096,16384
"0,399584",89,4096,16384
"0,396962",90,4096,16384
"0,401076",91,4096,16384
"0,398724",92,4096,16384
"0,3989",93,4096,16384
"0,408346",94,4096,16384
"0,41034",95,4096,16384
"0,398098",96,4096,16384
"0,403824",97,4096,16384
"0,410641",98,4096,16384
"0,401478",99,4096,16384
"0,398737",0,8192,8192
"0,406665",1,8192,8192
"0,399736",2,8192,8192
"0,400694",3,8192,8192
"0,406581",4,8192,8192
"0,399324",5,8192,8192
"0,408551",6,8192,8192
"0,399367",7,8192,8192
"0,410172",8,8192,8192
"0,402396",9,8192,8192
"0,410172",10,8192,8192
"0,399499",11,8192,8192
"0,405819",12,8192,8192
"0,398585",13,8192,8192
"0,405953",14,8192,8192
"0,400985",15,8192,8192
"0,40809",16,8192,8192
"0,397902",17,8192,8192
"0,402605",18,8192,8192
"0,409565",19,8192,8192
"0,398991",20,8192,8192
"0,399803",21,8192,8192
"0,409523",22,8192,8192
"0,398077",23,8192,8192
"0,408137",24,8192,8192
"0,397447",25,8192,8192
"0,401195",26,8192,8192
"0,405235",27,8192,8192
"0,401754",28,8192,8192
"0,408191",29,8192,8192
"0,398031",30,8192,8192
"0,409465",31,8192,8192
"0,401614",32,8192,8192
"0,411196",33,8192,8192
"0,412397",34,8192,8192
"0,399119",35,8192,8192
"0,405522",36,8192,8192
"0,399393",37,8192,8192
"0,410759",38,8192,8192
"0,400786",39,8192,8192
"0,407957",40,8192,8192
"0,403849",41,8192,8192
"0,398783",42,8192,8192
"0,40437",43,8192,8192
"0,396892",44,8192,8192
"0,408217",45,8192,8192
"0,398295",46,8192,8192
"0,396934",47,8192,8192
"0,397227",48,8192,8192
"0,402401",49,8192,8192
"0,397343",50,8192,8192
"0,401759",51,8192,8192
"0,404082",52,8192,8192
"0,39893",53,8192,8192
"0,407893",54,8192,8192
"0,396423",55,8192,8192
"0,404292",56,8192,8192
"0,398314",57,8192,8192
"0,403465",58,8192,8192
"0,400818",59,8192,8192
"0,39852",60,8192,8192
"0,401704",61,8192,8192
"0,395653",62,8192,8192
"0,397817",63,8192,8192
"0,398042",64,8192,8192
"0,399684",65,8192,8192
"0,408771",66,8192,8192
"0,401204",67,8192,8192
"0,398709",68,8192,8192
"0,407105",69,8192,8192
"0,394077",70,8192,8192
"0,409439",71,8192,8192
"0,400181",72,8192,8192
"0,409698",73,8192,8192
"0,396335",74,8192,8192
"0,407159",75,8192,8192
"0,4002",76,8192,8192
"0,403142",77,8192,8192
"0,394218",78,8192,8192
"0,407822",79,8192,8192
"0,397033",80,8192,8192
"0,398958",81,8192,8192
"0,392891",82,8192,8192
"0,403992",83,8192,8192
"0,396044",84,8192,8192
"0,40755",85,8192,8192
"0,407142",86,8192,8192
"0,394504",87,8192,8192
"0,404374",88,8192,8192
"0,407745",89,8192,8192
"0,39356",90,8192,8192
"0,394912",91,8192,8192
"0,405385",92,8192,8192
"0,393182",93,8192,8192
"0,407815",94,8192,8192
"0,409386",95,8192,8192
"0,392889",96,8192,8192
"0,39669",97,8192,8192
"0,395641",98,8192,8192
"0,408267",99,8192,8192
"0,395109",0,16384,4096
"0,406544",1,16384,4096
"0,391638",2,16384,4096
"0,410024",3,16384,4096
"0,393901",4,16384,4096
"0,407841",5,16384,4096
"0,403401",6,16384,4096
"0,395194",7,16384,4096
"0,406255",8,16384,4096
"0,392507",9,16384,4096
"0,392645",10,16384,4096
"0,40517",11,16384,4096
"0,400288",12,16384,4096
"0,405671",13,16384,4096
"0,402523",14,16384,4096
"0,408108",15,16384,4096
"0,395528",16,16384,4096
"0,407542",17,16384,4096
"0,394128",18,16384,4096
"0,410331",19,16384,4096
"0,390818",20,16384,4096
"0,396935",21,16384,4096
"0,406945",22,16384,4096
"0,394263",23,16384,4096
"0,406256",24,16384,4096
"0,391418",25,16384,4096
"0,402858",26,16384,4096
"0,406335",27,16384,4096
"0,404111",28,16384,4096
"0,410227",29,16384,4096
"0,392509",30,16384,4096
"0,405095",31,16384,4096
"0,406055",32,16384,4096
"0,402064",33,16384,4096
"0,397468",34,16384,4096
"0,407246",35,16384,4096
"0,405895",36,16384,4096
"0,400327",37,16384,4096
"0,398914",38,16384,4096
"0,405478",39,16384,4096
"0,39264",40,16384,4096
"0,390716",41,16384,4096
"0,408409",42,16384,4096
"0,406828",43,16384,4096
"0,393199",44,16384,4096
"0,403136",45,16384,4096
"0,405995",46,16384,4096
"0,396626",47,16384,4096
"0,405339",48,16384,4096
"0,399608",49,16384,4096
"0,39843",50,16384,4096
"0,410474",51,16384,4096
"0,395653",52,16384,4096
"0,404571",53,16384,4096
"0,403596",54,16384,4096
"0,405887",55,16384,4096
"0,39198",56,16384,4096
"0,404233",57,16384,4096
"0,40547",58,16384,4096
"0,390285",59,16384,4096
"0,397256",60,16384,4096
"0,408686",61,16384,4096
"0,394448",62,16384,4096
"0,393157",63,16384,4096
"0,403619",64,16384,4096
"0,409145",65,16384,4096
"0,393273",66,16384,4096
"0,405322",67,16384,4096
"0,391748",68,16384,4096
"0,404146",69,16384,4096
"0,393335",70,16384,4096
"0,401505",71,16384,4096
"0,407047",72,16384,4096
"0,408796",73,16384,4096
"0,401361",74,16384,4096
"0,405411",75,16384,4096
"0,407042",76,16384,4096
"0,409143",77,16384,4096
"0,4067",78,16384,4096
"0,39482",79,16384,4096
"0,403891",80,16384,4096
"0,39425",81,16384,4096
"0,405834",82,16384,4096
"0,389618",83,16384,4096
"0,406841",84,16384,4096
"0,395568",85,16384,4096
"0,404803",86,16384,4096
"0,406037",87,16384,4096
"0,408483",88,16384,4096
"0,40755",89,16384,4096
"0,389747",90,16384,4096
"0,390689",91,16384,4096
"0,39284",92,16384,4096
"0,396594",93,16384,4096
"0,391076",94,16384,4096
"0,396463",95,16384,4096
"0,407781",96,16384,4096
"0,395966",97,16384,4096
"0,402351",98,16384,4096
"0,396915",99,16384,4096
"0,396122",0,32768,2048
"0,402529",1,32768,2048
"0,406932",2,32768,2048
"0,402948",3,32768,2048
"0,408563",4,32768,2048
"0,403715",5,32768,2048
"0,404613",6,32768,2048
"0,395879",7,32768,2048
"0,405484",8,32768,2048
"0,393333",9,32768,2048
"0,406485",10,32768,2048
"0,395879",11,32768,2048
"0,39503",12,32768,2048
"0,401153",13,32768,2048
"0,409041",14,32768,2048
"0,407205",15,32768,2048
"0,403847",16,32768,2048
"0,390815",17,32768,2048
"0,401352",18,32768,2048
"0,407913",19,32768,2048
"0,404877",20,32768,2048
"0,407129",21,32768,2048
"0,390739",22,32768,2048
"0,405906",23,32768,2048
"0,392801",24,32768,2048
"0,403372",25,32768,2048
"0,392662",26,32768,2048
"0,395197",27,32768,2048
"0,403316",28,32768,2048
"0,397003",29,32768,2048
"0,407398",30,32768,2048
"0,397909",31,32768,2048
"0,406745",32,32768,2048
"0,405147",33,32768,2048
"0,397774",34,32768,2048
"0,39702",35,32768,2048
"0,40627",36,32768,2048
"0,396074",37,32768,2048
"0,40656",38,32768,2048
"0,409404",39,32768,2048
"0,40795",40,32768,2048
"0,403437",41,32768,2048
"0,399019",42,32768,2048
"0,408706",43,32768,2048
"0,40768",44,32768,2048
"0,405723",45,32768,2048
"0,40436",46,32768,2048
"0,397875",47,32768,2048
"0,402234",48,32768,2048
"0,408176",49,32768,2048
"0,399591",50,32768,2048
"0,403422",51,32768,2048
"0,405008",52,32768,2048
"0,40874",53,32768,2048
"0,396971",54,32768,2048
"0,395012",55,32768,2048
"0,403438",56,32768,2048
"0,40599",57,32768,2048
"0,399465",58,32768,2048
"0,408255",59,32768,2048
"0,40766",60,32768,2048
"0,396675",61,32768,2048
"0,409587",62,32768,2048
"0,406042",63,32768,2048
"0,405966",64,32768,2048
"0,396077",65,32768,2048
"0,406921",66,32768,2048
"0,395291",67,32768,2048
"0,407826",68,32768,2048
"0,408196",69,32768,2048
"0,396788",70,32768,2048
"0,407765",71,32768,2048
"0,397179",72,32768,2048
"0,408993",73,32768,2048
"0,406678",74,32768,2048
"0,406204",75,32768,2048
"0,392034",76,32768,2048
"0,398194",77,32768,2048
"0,402224",78,32768,2048
"0,408178",79,32768,2048
"0,395078",80,32768,2048
"0,407195",81,32768,2048
"0,39224",82,32768,2048
"0,393346",83,32768,2048
"0,40867",84,32768,2048
"0,394146",85,32768,2048
"0,406295",86,32768,2048
"0,399106",87,32768,2048
"0,407811",88,32768,2048
"0,400243",89,32768,2048
"0,395365",90,32768,2048
"0,406404",91,32768,2048
"0,404962",92,32768,2048
"0,397369",93,32768,2048
"0,39845",94,32768,2048
"0,404477",95,32768,2048
"0,401303",96,32768,2048
"0,408648",97,32768,2048
"0,395706",98,32768,2048
"0,403913",99,32768,2048
"0,405378",0,65536,1024
"0,40082",1,65536,1024
"0,404795",2,65536,1024
"0,395417",3,65536,1024
"0,405583",4,65536,1024
"0,406557",5,65536,1024
"0,4034",6,65536,1024
"0,407759",7,65536,1024
"0,396036",8,65536,1024
"0,406704",9,65536,1024
"0,408474",10,65536,1024
"0,404482",11,65536,1024
"0,394833",12,65536,1024
"0,40504",13,65536,1024
"0,410275",14,65536,1024
"0,39843",15,65536,1024
"0,406866",16,65536,1024
"0,408508",17,65536,1024
"0,403552",18,65536,1024
"0,396655",19,65536,1024
"0,40622",20,65536,1024
"0,403363",21,65536,1024
"0,403411",22,65536,1024
"0,404765",23,65536,1024
"0,409574",24,65536,1024
"0,406478",25,65536,1024
"0,404787",26,65536,1024
"0,407126",27,65536,1024
"0,404906",28,65536,1024
"0,406261",29,65536,1024
"0,404289",30,65536,1024
"0,407681",31,65536,1024
"0,405162",32,65536,1024
"0,396662",33,65536,1024
"0,404969",34,65536,1024
"0,39524",35,65536,1024
"0,397714",36,65536,1024
"0,407664",37,65536,1024
"0,397556",38,65536,1024
"0,399098",39,65536,1024
"0,40926",40,65536,1024
"0,398676",41,65536,1024
"0,410185",42,65536,1024
"0,398219",43,65536,1024
"0,409023",44,65536,1024
"0,407559",45,65536,1024
"0,407574",46,65536,1024
"0,40857",47,65536,1024
"0,405482",48,65536,1024
"0,406687",49,65536,1024
"0,397246",50,65536,1024
"0,406744",51,65536,1024
"0,396929",52,65536,1024
"0,396074",53,65536,1024
"0,405941",54,65536,1024
"0,407881",55,65536,1024
"0,393459",56,65536,1024
"0,399126",57,65536,1024
"0,407469",58,65536,1024
"0,4021",59,65536,1024
"0,406764",60,65536,1024
"0,407821",61,65536,1024
"0,394525",62,65536,1024
"0,407824",63,65536,1024
"0,39618",64,65536,1024
"0,394021",65,65536,1024
"0,396353",66,65536,1024
"0,405529",67,65536,1024
"0,395311",68,65536,1024
"0,40803",69,65536,1024
"0,396198",70,65536,1024
"0,395614",71,65536,1024
"0,395987",72,65536,1024
"0,405511",73,65536,1024
"0,396418",74,65536,1024
"0,400293",75,65536,1024
"0,398433",76,65536,1024
"0,410446",77,65536,1024
"0,400427",78,65536,1024
"0,397859",79,65536,1024
"0,4019",80,65536,1024
"0,397523",81,65536,1024
"0,401432",82,65536,1024
"0,397316",83,65536,1024
"0,400338",84,65536,1024
"0,410058",85,65536,1024
"0,400576",86,65536,1024
"0,397564",87,65536,1024
"0,409512",88,65536,1024
"0,401904",89,65536,1024
"0,410838",90,65536,1024
"0,396054",91,65536,1024
"0,404794",92,65536,1024
"0,401441",93,65536,1024
"0,407127",94,65536,1024
"0,400473",95,65536,1024
"0,40713",96,65536,1024
"0,39891",97,65536,1024
"0,398092",98,65536,1024
"0,406064",99,65536,1024
"0,402963",0,131072,512
"0,408651",1,131072,512
"0,400102",2,131072,512
"0,397431",3,131072,512
"0,40713",4,131072,512
"0,399526",5,131072,512
"0,399675",6,131072,512
"0,403429",7,131072,512
"0,398297",8,131072,512
"0,400037",9,131072,512
"0,405982",10,131072,512
"0,397377",11,131072,512
"0,40562",12,131072,512
"0,400394",13,131072,512
"0,404801",14,131072,512
"0,398148",15,131072,512
"0,409305",16,131072,512
"0,400778",17,131072,512
"0,404647",18,131072,512
"0,396931",19,131072,512
"0,409952",20,131072,512
"0,400084",21,131072,512
"0,403584",22,131072,512
"0,396658",23,131072,512
"0,407747",24,131072,512
"0,393848",25,131072,512
"0,402452",26,131072,512
"0,403408",27,131072,512
"0,400231",28,131072,512
"0,391237",29,131072,512
"0,403384",30,131072,512
"0,39057",31,131072,512
"0,404332",32,131072,512
"0,390224",33,131072,512
"0,395791",34,131072,512
"0,392261",35,131072,512
"0,394568",36,131072,512
"0,404273",37,131072,512
"0,39172",38,131072,512
"0,401817",39,131072,512
"0,403962",40,131072,512
"0,404867",41,131072,512
"0,392275",42,131072,512
"0,395257",43,131072,512
"0,394877",44,131072,512
"0,393377",45,131072,512
"0,391815",46,131072,512
"0,391516",47,131072,512
"0,398078",48,131072,512
"0,405214",49,131072,512
"0,396728",50,131072,512
"0,406177",51,131072,512
"0,3944",52,131072,512
"0,398728",53,131072,512
"0,408256",54,131072,512
"0,394332",55,131072,512
"0,407234",56,131072,512
"0,397063",57,131072,512
"0,408531",58,131072,512
"0,396608",59,131072,512
"0,409403",60,131072,512
"0,405736",61,131072,512
"0,399124",62,131072,512
"0,396053",63,131072,512
"0,407785",64,131072,512
"0,397386",65,131072,512
"0,397984",66,131072,512
"0,408241",67,131072,512
"0,39868",68,131072,512
"0,397416",69,131072,512
"0,398237",70,131072,512
"0,401355",71,131072,512
"0,406142",72,131072,512
"0,401692",73,131072,512
"0,407289",74,131072,512
"0,402004",75,131072,512
"0,407844",76,131072,512
"0,400431",77,131072,512
"0,407136",78,131072,512
"0,399162",79,131072,512
"0,410934",80,131072,512
"0,397316",81,131072,512
"0,397788",82,131072,512
"0,398621",83,131072,512
"0,405744",84,131072,512
"0,399183",85,131072,512
"0,397678",86,131072,512
"0,401564",87,131072,512
"0,405869",88,131072,512
"0,400653",89,131072,512
"0,399697",90,131072,512
"0,407995",91,131072,512
"0,397332",92,131072,512
"0,400703",93,131072,512
"0,407411",94,131072,512
"0,399003",95,131072,512
"0,402507",96,131072,512
"0,403944",97,131072,512
"0,397169",98,131072,512
"0,409871",99,131072,512
"0,794773",0,1024,131072
"0,798337",1,1024,131072
"0,788474",2,1024,131072
"0,794764",3,1024,131072
"0,805672",4,1024,131072
"0,809622",5,1024,131072
"0,793741",6,1024,131072
"0,794506",7,1024,131072
"0,808629",8,1024,131072
"0,791924",9,1024,131072
"0,813118",10,1024,131072
"0,790278",11,1024,131072
"0,808085",12,1024,131072
"0,790654",13,1024,131072
"0,799495",14,1024,131072
"0,806423",15,1024,131072
"0,795162",16,1024,131072
"0,812777",17,1024,131072
"0,792069",18,1024,131072
"0,817808",19,1024,131072
"0,792212",20,1024,131072
"0,818831",21,1024,131072
"0,812363",22,1024,131072
"0,790402",23,1024,131072
"0,804883",24,1024,131072
"0,790828",25,1024,131072
"0,797304",26,1024,131072
"0,811947",27,1024,131072
"0,788428",28,1024,131072
"0,809396",29,1024,131072
"0,795155",30,1024,131072
"0,797118",31,1024,131072
"0,788107",32,1024,131072
"0,799733",33,1024,131072
"0,793295",34,1024,131072
"0,799506",35,1024,131072
"0,792635",36,1024,131072
"0,795279",37,1024,131072
"0,791329",38,1024,131072
"0,788976",39,1024,131072
"0,81824",40,1024,131072
"0,790108",41,1024,131072
"0,81888",42,1024,131072
"0,791453",43,1024,131072
"0,801221",44,1024,131072
"0,816759",45,1024,131072
"0,791875",46,1024,131072
"0,794795",47,1024,131072
"0,815747",48,1024,131072
"0,793295",49,1024,131072
"0,811803",50,1024,131072
"0,802001",51,1024,131072
"0,81402",52,1024,131072
"0,793641",53,1024,131072
"0,805604",54,1024,131072
"0,787945",55,1024,131072
"0,798992",56,1024,131072
"0,789486",57,1024,131072
"0,796265",58,1024,131072
"0,789065",59,1024,131072
"0,796312",60,1024,131072
"0,789613",61,1024,131072
"0,816553",62,1024,131072
"0,792123",63,1024,131072
"0,814519",64,1024,131072
"0,794634",65,1024,131072
"0,788416",66,1024,131072
"0,810747",67,1024,131072
"0,790694",68,1024,131072
"0,812151",69,1024,131072
"0,789153",70,1024,131072
"0,82212",71,1024,131072
"0,794924",72,1024,131072
"0,809751",73,1024,131072
"0,788288",74,1024,131072
"0,812779",75,1024,131072
"0,809667",76,1024,131072
"0,813264",77,1024,131072
"0,787793",78,1024,131072
"0,802404",79,1024,131072
"0,791884",80,1024,131072
"0,805657",81,1024,131072
"0,792179",82,1024,131072
"0,81031",83,1024,131072
"0,795246",84,1024,131072
"0,806619",85,1024,131072
"0,788569",86,1024,131072
"0,818327",87,1024,131072
"0,793621",88,1024,131072
"0,799316",89,1024,131072
"0,816885",90,1024,131072
"0,796638",91,1024,131072
"0,79158",92,1024,131072
"0,812178",93,1024,131072
"0,792369",94,1024,131072
"0,79661",95,1024,131072
"0,807694",96,1024,131072
"0,815077",97,1024,131072
"0,7874",98,1024,131072
"0,798782",99,1024,131072
"0,817254",0,2048,65536
"0,791189",1,2048,65536
"0,807495",2,2048,65536
"0,790741",3,2048,65536
"0,802297",4,2048,65536
"0,815832",5,2048,65536
"0,788223",6,2048,65536
"0,809321",7,2048,65536
"0,810429",8,2048,65536
"0,817683",9,2048,65536
"0,789599",10,2048,65536
"0,813817",11,2048,65536
"0,799679",12,2048,65536
"0,806495",13,2048,65536
"0,787327",14,2048,65536
"0,812212",15,2048,65536
"0,808313",16,2048,65536
"0,816204",17,2048,65536
"0,803568",18,2048,65536
"0,791763",19,2048,65536
"0,799428",20,2048,65536
"0,806957",21,2048,65536
"0,79341",22,2048,65536
"0,816302",23,2048,65536
"0,806153",24,2048,65536
"0,814125",25,2048,65536
"0,817672",26,2048,65536
"0,816937",27,2048,65536
"0,79124",28,2048,65536
"0,817471",29,2048,65536
"0,818361",30,2048,65536
"0,807693",31,2048,65536
"0,787445",32,2048,65536
"0,793138",33,2048,65536
"0,79231",34,2048,65536
"0,799072",35,2048,65536
"0,793533",36,2048,65536
"0,814137",37,2048,65536
"0,811852",38,2048,65536
"0,786121",39,2048,65536
"0,813732",40,2048,65536
"0,791179",41,2048,65536
"0,79541",42,2048,65536
"0,807561",43,2048,65536
"0,791859",44,2048,65536
"0,792156",45,2048,65536
"0,814804",46,2048,65536
"0,787535",47,2048,65536
"0,808638",48,2048,65536
"0,792577",49,2048,65536
"0,806507",50,2048,65536
"0,791142",51,2048,65536
"0,797005",52,2048,65536
"0,798743",53,2048,65536
"0,791891",54,2048,65536
"0,812726",55,2048,65536
"0,790822",56,2048,65536
"0,818995",57,2048,65536
"0,808407",58,2048,65536
"0,797103",59,2048,65536
"0,807053",60,2048,65536
"0,79628",61,2048,65536
"0,789198",62,2048,65536
"0,795697",63,2048,65536
"0,817645",64,2048,65536
"0,790874",65,2048,65536
"0,817835",66,2048,65536
"0,808231",67,2048,65536
"0,814089",68,2048,65536
"0,815977",69,2048,65536
"0,785891",70,2048,65536
"0,810943",71,2048,65536
"0,815544",72,2048,65536
"0,807298",73,2048,65536
"0,809959",74,2048,65536
"0,817674",75,2048,65536
"0,818182",76,2048,65536
"0,814167",77,2048,65536
"0,817259",78,2048,65536
"0,791325",79,2048,65536
"0,815174",80,2048,65536
"0,816446",81,2048,65536
"0,811605",82,2048,65536
"0,789075",83,2048,65536
"0,81288",84,2048,65536
"0,814015",85,2048,65536
"0,790845",86,2048,65536
"0,810149",87,2048,65536
"0,809567",88,2048,65536
"0,787858",89,2048,65536
"0,813775",90,2048,65536
"0,811268",91,2048,65536
"0,804643",92,2048,65536
"0,808813",93,2048,65536
"0,809526",94,2048,65536
"0,817512",95,2048,65536
"0,817059",96,2048,65536
"0,809241",97,2048,65536
"0,794078",98,2048,65536
"0,814017",99,2048,65536
"0,786842",0,4096,32768
"0,815066",1,4096,32768
"0,810754",2,4096,32768
"0,809374",3,4096,32768
"0,808512",4,4096,32768
"0,812369",5,4096,32768
"0,805144",6,4096,32768
"0,816104",7,4096,32768
"0,814643",8,4096,32768
"0,812204",9,4096,32768
"0,812448",10,4096,32768
"0,815356",11,4096,32768
"0,7929",12,4096,32768
"0,817351",13,4096,32768
"0,801085",14,4096,32768
"0,814415",15,4096,32768
"0,815193",16,4096,32768
"0,804685",17,4096,32768
"0,805292",18,4096,32768
"0,798293",19,4096,32768
"0,810094",20,4096,32768
"0,812559",21,4096,32768
"0,791462",22,4096,32768
"0,797929",23,4096,32768
"0,812728",24,4096,32768
"0,810638",25,4096,32768
"0,815268",26,4096,32768
"0,79173",27,4096,32768
"0,811078",28,4096,32768
"0,788107",29,4096,32768
"0,810597",30,4096,32768
"0,809355",31,4096,32768
"0,799245",32,4096,32768
"0,809917",33,4096,32768
"0,796763",34,4096,32768
"0,789513",35,4096,32768
"0,816239",36,4096,32768
"0,797215",37,4096,32768
"0,811819",38,4096,32768
"0,799156",39,4096,32768
"0,816743",40,4096,32768
"0,798997",41,4096,32768
"0,811873",42,4096,32768
"0,791144",43,4096,32768
"0,793036",44,4096,32768
"0,815935",45,4096,32768
"0,790838",46,4096,32768
"0,794107",47,4096,32768
"0,809514",48,4096,32768
"0,794463",49,4096,32768
"0,810683",50,4096,32768
"0,817154",51,4096,32768
"0,798283",52,4096,32768
"0,810866",53,4096,32768
"0,792111",54,4096,32768
"0,818653",55,4096,32768
"0,795395",56,4096,32768
"0,80616",57,4096,32768
"0,791362",58,4096,32768
"0,812292",59,4096,32768
"0,79824",60,4096,32768
"0,815354",61,4096,32768
"0,795692",62,4096,32768
"0,799515",63,4096,32768
"0,799376",64,4096,32768
"0,81324",65,4096,32768
"0,789831",66,4096,32768
"0,797505",67,4096,32768
"0,787831",68,4096,32768
"0,801532",69,4096,32768
"0,814562",70,4096,32768
"0,797546",71,4096,32768
"0,816314",72,4096,32768
"0,79329",73,4096,32768
"0,813158",74,4096,32768
"0,817296",75,4096,32768
"0,790256",76,4096,32768
"0,815376",77,4096,32768
"0,799636",78,4096,32768
"0,817925",79,4096,32768
"0,796155",80,4096,32768
"0,814186",81,4096,32768
"0,792167",82,4096,32768
"0,790462",83,4096,32768
"0,792843",84,4096,32768
"0,818546",85,4096,32768
"0,808114",86,4096,32768
"0,809574",87,4096,32768
"0,795585",88,4096,32768
"0,793855",89,4096,32768
"0,811622",90,4096,32768
"0,813292",91,4096,32768
"0,813104",92,4096,32768
"0,797891",93,4096,32768
"0,81022",94,4096,32768
"0,792439",95,4096,32768
"0,802505",96,4096,32768
"0,808271",97,4096,32768
"0,798032",98,4096,32768
"0,808799",99,4096,32768
"0,794019",0,8192,16384
"0,794301",1,8192,16384
"0,808691",2,8192,16384
"0,799096",3,8192,16384
"0,812963",4,8192,16384
"0,808714",5,8192,16384
"0,789289",6,8192,16384
"0,811534",7,8192,16384
"0,791303",8,8192,16384
"0,811839",9,8192,16384
"0,795579",10,8192,16384
"0,807351",11,8192,16384
"0,814481",12,8192,16384
"0,791821",13,8192,16384
"0,791512",14,8192,16384
"0,811106",15,8192,16384
"0,818397",16,8192,16384
"0,793366",17,8192,16384
"0,811671",18,8192,16384
"0,815074",19,8192,16384
"0,791841",20,8192,16384
"0,814347",21,8192,16384
"0,815326",22,8192,16384
"0,794496",23,8192,16384
"0,814583",24,8192,16384
"0,812078",25,8192,16384
"0,791175",26,8192,16384
"0,80896",27,8192,16384
"0,813895",28,8192,16384
"0,790124",29,8192,16384
"0,813281",30,8192,16384
"0,806761",31,8192,16384
"0,807355",32,8192,16384
"0,798901",33,8192,16384
"0,816167",34,8192,16384
"0,814232",35,8192,16384
"0,818411",36,8192,16384
"0,820592",37,8192,16384
"0,789604",38,8192,16384
"0,791339",39,8192,16384
"0,812083",40,8192,16384
"0,805912",41,8192,16384
"0,812514",42,8192,16384
"0,788504",43,8192,16384
"0,802153",44,8192,16384
"0,79257",45,8192,16384
"0,812054",46,8192,16384
"0,791027",47,8192,16384
"0,818033",48,8192,16384
"0,797982",49,8192,16384
"0,815104",50,8192,16384
"0,793371",51,8192,16384
"0,8071",52,8192,16384
"0,819493",53,8192,16384
"0,79801",54,8192,16384
"0,808233",55,8192,16384
"0,809696",56,8192,16384
"0,791795",57,8192,16384
"0,816468",58,8192,16384
"0,805465",59,8192,16384
"0,794676",60,8192,16384
"0,815301",61,8192,16384
"0,821327",62,8192,16384
"0,813423",63,8192,16384
"0,805175",64,8192,16384
"0,816459",65,8192,16384
"0,813474",66,8192,16384
"0,792055",67,8192,16384
"0,818749",68,8192,16384
"0,81333",69,8192,16384
"0,795077",70,8192,16384
"0,816956",71,8192,16384
"0,812361",72,8192,16384
"0,797963",73,8192,16384
"0,81532",74,8192,16384
"0,811941",75,8192,16384
"0,81813",76,8192,16384
"0,796986",77,8192,16384
"0,807279",78,8192,16384
"0,798993",79,8192,16384
"0,812256",80,8192,16384
"0,789603",81,8192,16384
"0,814432",82,8192,16384
"0,797593",83,8192,16384
"0,811529",84,8192,16384
"0,788677",85,8192,16384
"0,797944",86,8192,16384
"0,804689",87,8192,16384
"0,80691",88,8192,16384
"0,818988",89,8192,16384
"0,808255",90,8192,16384
"0,812245",91,8192,16384
"0,805499",92,8192,16384
"0,811446",93,8192,16384
"0,817612",94,8192,16384
"0,80732",95,8192,16384
"0,808698",96,8192,16384
"0,811832",97,8192,16384
"0,790439",98,8192,16384
"0,817755",99,8192,16384
"0,813187",0,16384,8192
"0,797274",1,16384,8192
"0,806336",2,16384,8192
"0,814274",3,16384,8192
"0,807585",4,16384,8192
"0,795762",5,16384,8192
"0,812738",6,16384,8192
"0,799884",7,16384,8192
"0,79774",8,16384,8192
"0,812671",9,16384,8192
"0,816803",10,16384,8192
"0,816049",11,16384,8192
"0,808696",12,16384,8192
"0,812521",13,16384,8192
"0,792463",14,16384,8192
"0,806246",15,16384,8192
"0,811848",16,16384,8192
"0,816443",17,16384,8192
"0,813655",18,16384,8192
"0,818561",19,16384,8192
"0,79693",20,16384,8192
"0,809156",21,16384,8192
"0,81398",22,16384,8192
"0,7898",23,16384,8192
"0,818968",24,16384,8192
"0,788556",25,16384,8192
"0,815964",26,16384,8192
"0,812217",27,16384,8192
"0,808356",28,16384,8192
"0,818932",29,16384,8192
"0,79122",30,16384,8192
"0,816146",31,16384,8192
"0,810382",32,16384,8192
"0,785551",33,16384,8192
"0,799723",34,16384,8192
"0,810688",35,16384,8192
"0,793308",36,16384,8192
"0,814579",37,16384,8192
"0,791089",38,16384,8192
"0,816437",39,16384,8192
"0,789363",40,16384,8192
"0,809862",41,16384,8192
"0,815327",42,16384,8192
"0,806493",43,16384,8192
"0,815184",44,16384,8192
"0,819613",45,16384,8192
"0,816722",46,16384,8192
"0,794612",47,16384,8192
"0,806861",48,16384,8192
"0,806998",49,16384,8192
"0,807225",50,16384,8192
"0,795859",51,16384,8192
"0,806353",52,16384,8192
"0,806648",53,16384,8192
"0,793578",54,16384,8192
"0,806026",55,16384,8192
"0,81051",56,16384,8192
"0,817706",57,16384,8192
"0,789628",58,16384,8192
"0,790809",59,16384,8192
"0,80637",60,16384,8192
"0,812864",61,16384,8192
"0,807494",62,16384,8192
"0,81699",63,16384,8192
"0,810812",64,16384,8192
"0,805021",65,16384,8192
"0,785794",66,16384,8192
"0,81271",67,16384,8192
"0,815194",68,16384,8192
"0,790287",69,16384,8192
"0,811884",70,16384,8192
"0,813313",71,16384,8192
"0,792944",72,16384,8192
"0,789785",73,16384,8192
"0,81115",74,16384,8192
"0,812434",75,16384,8192
"0,791599",76,16384,8192
"0,808316",77,16384,8192
"0,816276",78,16384,8192
"0,818005",79,16384,8192
"0,808181",80,16384,8192
"0,805767",81,16384,8192
"0,815299",82,16384,8192
"0,810741",83,16384,8192
"0,810556",84,16384,8192
"0,810834",85,16384,8192
"0,797427",86,16384,8192
"0,816901",87,16384,8192
"0,799421",88,16384,8192
"0,813389",89,16384,8192
"0,793666",90,16384,8192
"0,81209",91,16384,8192
"0,795742",92,16384,8192
"0,789841",93,16384,8192
"0,816084",94,16384,8192
"0,80805",95,16384,8192
"0,806532",96,16384,8192
"0,794318",97,16384,8192
"0,812756",98,16384,8192
"0,812418",99,16384,8192
"0,807406",0,32768,4096
"0,791409",1,32768,4096
"0,790567",2,32768,4096
"0,807209",3,32768,4096
"0,791253",4,32768,4096
"0,809871",5,32768,4096
"0,79053",6,32768,4096
"0,812419",7,32768,4096
"0,814584",8,32768,4096
"0,799996",9,32768,4096
"0,805179",10,32768,4096
"0,798527",11,32768,4096
"0,801689",12,32768,4096
"0,813079",13,32768,4096
"0,792846",14,32768,4096
"0,806452",15,32768,4096
"0,813418",16,32768,4096
"0,797525",17,32768,4096
"0,812485",18,32768,4096
"0,799936",19,32768,4096
"0,792845",20,32768,4096
"0,79259",21,32768,4096
"0,817329",22,32768,4096
"0,791535",23,32768,4096
"0,792911",24,32768,4096
"0,81082",25,32768,4096
"0,799511",26,32768,4096
"0,794664",27,32768,4096
"0,795194",28,32768,4096
"0,797999",29,32768,4096
"0,790174",30,32768,4096
"0,813668",31,32768,4096
"0,796228",32,32768,4096
"0,817235",33,32768,4096
"0,79066",34,32768,4096
"0,797233",35,32768,4096
"0,806158",36,32768,4096
"0,788167",37,32768,4096
"0,815824",38,32768,4096
"0,791094",39,32768,4096
"0,813884",40,32768,4096
"0,79061",41,32768,4096
"0,819857",42,32768,4096
"0,812833",43,32768,4096
"0,800329",44,32768,4096
"0,80443",45,32768,4096
"0,809102",46,32768,4096
"0,79398",47,32768,4096
"0,805428",48,32768,4096
"0,800733",49,32768,4096
"0,806691",50,32768,4096
"0,804092",51,32768,4096
"0,792363",52,32768,4096
"0,789425",53,32768,4096
"0,790329",54,32768,4096
"0,805067",55,32768,4096
"0,793817",56,32768,4096
"0,807133",57,32768,4096
"0,796595",58,32768,4096
"0,811696",59,32768,4096
"0,808062",60,32768,4096
"0,816381",61,32768,4096
"0,818467",62,32768,4096
"0,814578",63,32768,4096
"0,816728",64,32768,4096
"0,79376",65,32768,4096
"0,795768",66,32768,4096
"0,811802",67,32768,4096
"0,818272",68,32768,4096
"0,818132",69,32768,4096
"0,789656",70,32768,4096
"0,817057",71,32768,4096
"0,792716",72,32768,4096
"0,807183",73,32768,4096
"0,810445",74,32768,4096
"0,794699",75,32768,4096
"0,816002",76,32768,4096
"0,788623",77,32768,4096
"0,790901",78,32768,4096
"0,809747",79,32768,4096
"0,807757",80,32768,4096
"0,8171",81,32768,4096
"0,793964",82,32768,4096
"0,795429",83,32768,4096
"0,807419",84,32768,4096
"0,787391",85,32768,4096
"0,806927",86,32768,4096
"0,793708",87,32768,4096
"0,795103",88,32768,4096
"0,815781",89,32768,4096
"0,820227",90,32768,4096
"0,794754",91,32768,4096
"0,808741",92,32768,4096
"0,79487",93,32768,4096
"0,81287",94,32768,4096
"0,817561",95,32768,4096
"0,81273",96,32768,4096
"0,792178",97,32768,4096
"0,81693",98,32768,4096
"0,79585",99,32768,4096
"0,819317",0,65536,2048
"0,79434",1,65536,2048
"0,809539",2,65536,2048
"0,790668",3,65536,2048
"0,810468",4,65536,2048
"0,81305",5,65536,2048
"0,818211",6,65536,2048
"0,789373",7,65536,2048
"0,811085",8,65536,2048
"0,809566",9,65536,2048
"0,791339",10,65536,2048
"0,78869",11,65536,2048
"0,795737",12,65536,2048
"0,791826",13,65536,2048
"0,808065",14,65536,2048
"0,813357",15,65536,2048
"0,808561",16,65536,2048
"0,793447",17,65536,2048
"0,816499",18,65536,2048
"0,794021",19,65536,2048
"0,808504",20,65536,2048
"0,816036",21,65536,2048
"0,807477",22,65536,2048
"0,819061",23,65536,2048
"0,808988",24,65536,2048
"0,793462",25,65536,2048
"0,811199",26,65536,2048
"0,795088",27,65536,2048
"0,808037",28,65536,2048
"0,814403",29,65536,2048
"0,816158",30,65536,2048
"0,790296",31,65536,2048
"0,817294",32,65536,2048
"0,795773",33,65536,2048
"0,812557",34,65536,2048
"0,809449",35,65536,2048
"0,797874",36,65536,2048
"0,808719",37,65536,2048
"0,808979",38,65536,2048
"0,792545",39,65536,2048
"0,794561",40,65536,2048
"0,818645",41,65536,2048
"0,791784",42,65536,2048
"0,807616",43,65536,2048
"0,798043",44,65536,2048
"0,796144",45,65536,2048
"0,788441",46,65536,2048
"0,794708",47,65536,2048
"0,807476",48,65536,2048
"0,810449",49,65536,2048
"0,817055",50,65536,2048
"0,790931",51,65536,2048
"0,815132",52,65536,2048
"0,788779",53,65536,2048
"0,791591",54,65536,2048
"0,806267",55,65536,2048
"0,813897",56,65536,2048
"0,79153",57,65536,2048
"0,817465",58,65536,2048
"0,789293",59,65536,2048
"0,805149",60,65536,2048
"0,812958",61,65536,2048
"0,787849",62,65536,2048
"0,807211",63,65536,2048
"0,791777",64,65536,2048
"0,813523",65,65536,2048
"0,814896",66,65536,2048
"0,786999",67,65536,2048
"0,791519",68,65536,2048
"0,808143",69,65536,2048
"0,811618",70,65536,2048
"0,793326",71,65536,2048
"0,81778",72,65536,2048
"0,79874",73,65536,2048
"0,78967",74,65536,2048
"0,78817",75,65536,2048
"0,790853",76,65536,2048
"0,816444",77,65536,2048
"0,790777",78,65536,2048
"0,812537",79,65536,2048
"0,816731",80,65536,2048
"0,807735",81,65536,2048
"0,81188",82,65536,2048
"0,787229",83,65536,2048
"0,805516",84,65536,2048
"0,810988",85,65536,2048
"0,789248",86,65536,2048
"0,814496",87,65536,2048
"0,817067",88,65536,2048
"0,789776",89,65536,2048
"0,813782",90,65536,2048
"0,814923",91,65536,2048
"0,805063",92,65536,2048
"0,793096",93,65536,2048
"0,815437",94,65536,2048
"0,789126",95,65536,2048
"0,81226",96,65536,2048
"0,788866",97,65536,2048
"0,812123",98,65536,2048
"0,792289",99,65536,2048
"0,812283",0,131072,1024
"0,809772",1,131072,1024
"0,788745",2,131072,1024
"0,813014",3,131072,1024
"0,819137",4,131072,1024
"0,811964",5,131072,1024
"0,791209",6,131072,1024
"0,813869",7,131072,1024
"0,79662",8,131072,1024
"0,81616",9,131072,1024
"0,79694",10,131072,1024
"0,813419",11,131072,1024
"0,794798",12,131072,1024
"0,793233",13,131072,1024
"0,791774",14,131072,1024
"0,792654",15,131072,1024
"0,804981",16,131072,1024
"0,809392",17,131072,1024
"0,789639",18,131072,1024
"0,797082",19,131072,1024
"0,790704",20,131072,1024
"0,796604",21,131072,1024
"0,811385",22,131072,1024
"0,798031",23,131072,1024
"0,813168",24,131072,1024
"0,787744",25,131072,1024
"0,815136",26,131072,1024
"0,791747",27,131072,1024
"0,792561",28,131072,1024
"0,791501",29,131072,1024
"0,818625",30,131072,1024
"0,815764",31,131072,1024
"0,815332",32,131072,1024
"0,790004",33,131072,1024
"0,816708",34,131072,1024
"0,793462",35,131072,1024
"0,816901",36,131072,1024
"0,786499",37,131072,1024
"0,815953",38,131072,1024
"0,81531",39,131072,1024
"0,7913",40,131072,1024
"0,805503",41,131072,1024
"0,796625",42,131072,1024
"0,801633",43,131072,1024
"0,788811",44,131072,1024
"0,806417",45,131072,1024
"0,79118",46,131072,1024
"0,812749",47,131072,1024
"0,816802",48,131072,1024
"0,798071",49,131072,1024
"0,79374",50,131072,1024
"0,7933",51,131072,1024
"0,788089",52,131072,1024
"0,796347",53,131072,1024
"0,818705",54,131072,1024
"0,797363",55,131072,1024
"0,795631",56,131072,1024
"0,807018",57,131072,1024
"0,790755",58,131072,1024
"0,817196",59,131072,1024
"0,80877",60,131072,1024
"0,789829",61,131072,1024
"0,795301",62,131072,1024
"0,810614",63,131072,1024
"0,78998",64,131072,1024
"0,796277",65,131072,1024
"0,809098",66,131072,1024
"0,819238",67,131072,1024
"0,788378",68,131072,1024
"0,806737",69,131072,1024
"0,815893",70,131072,1024
"0,794564",71,131072,1024
"0,801849",72,131072,1024
"0,78868",73,131072,1024
"0,81978",74,131072,1024
"0,809818",75,131072,1024
"0,816811",76,131072,1024
"0,791342",77,131072,1024
"0,812876",78,131072,1024
"0,794594",79,131072,1024
"0,806312",80,131072,1024
"0,788095",81,131072,1024
"0,817316",82,131072,1024
"0,792705",83,131072,1024
"0,807974",84,131072,1024
"0,796336",85,131072,1024
"0,817111",86,131072,1024
"0,80826",87,131072,1024
"0,812504",88,131072,1024
"0,792745",89,131072,1024
"0,80872",90,131072,1024
"0,790875",91,131072,1024
"0,813457",92,131072,1024
"0,798056",93,131072,1024
"0,787871",94,131072,1024
"0,817172",95,131072,1024
"0,791281",96,131072,1024
"0,794495",97,131072,1024
"0,78929",98,131072,1024
"0,798147",99,131072,1024
"1,619083",0,2048,131072
"1,622949",1,2048,131072
"1,640104",2,2048,131072
"1,598724",3,2048,131072
"1,633601",4,2048,131072
"1,589374",5,2048,131072
"1,613801",6,2048,131072
"1,586234",7,2048,131072
"1,63049",8,2048,131072
"1,574134",9,2048,131072
"1,597578",10,2048,131072
"1,58124",11,2048,131072
"1,583659",12,2048,131072
"1,624641",13,2048,131072
"1,587971",14,2048,131072
"1,58721",15,2048,131072
"1,577682",16,2048,131072
"1,614641",17,2048,131072
"1,634169",18,2048,131072
"1,575841",19,2048,131072
"1,598352",20,2048,131072
"1,622576",21,2048,131072
"1,612032",22,2048,131072
"1,623471",23,2048,131072
"1,623126",24,2048,131072
"1,629477",25,2048,131072
"1,612117",26,2048,131072
"1,591654",27,2048,131072
"1,630376",28,2048,131072
"1,634474",29,2048,131072
"1,589186",30,2048,131072
"1,610606",31,2048,131072
"1,635119",32,2048,131072
"1,596095",33,2048,131072
"1,630433",34,2048,131072
"1,632803",35,2048,131072
"1,590468",36,2048,131072
"1,621132",37,2048,131072
"1,612721",38,2048,131072
"1,633922",39,2048,131072
"1,633023",40,2048,131072
"1,629353",41,2048,131072
"1,634032",42,2048,131072
"1,63037",43,2048,131072
"1,629192",44,2048,131072
"1,613383",45,2048,131072
"1,624055",46,2048,131072
"1,581724",47,2048,131072
"1,586069",48,2048,131072
"1,611818",49,2048,131072
"1,629051",50,2048,131072
"1,635296",51,2048,131072
"1,591675",52,2048,131072
"1,620633",53,2048,131072
"1,623655",54,2048,131072
"1,623121",55,2048,131072
"1,623996",56,2048,131072
"1,596446",57,2048,131072
"1,63409",58,2048,131072
"1,628543",59,2048,131072
"1,611692",60,2048,131072
"1,633808",61,2048,131072
"1,593662",62,2048,131072
"1,610923",63,2048,131072
"1,626859",64,2048,131072
"1,629394",65,2048,131072
"1,608131",66,2048,131072
"1,614168",67,2048,131072
"1,621992",68,2048,131072
"1,624893",69,2048,131072
"1,634392",70,2048,131072
"1,632859",71,2048,131072
"1,580421",72,2048,131072
"1,631104",73,2048,131072
"1,619949",74,2048,131072
"1,593213",75,2048,131072
"1,61477",76,2048,131072
"1,589705",77,2048,131072
"1,629481",78,2048,131072
"1,620601",79,2048,131072
"1,634595",80,2048,131072
"1,62262",81,2048,131072
"1,629845",82,2048,131072
"1,599934",83,2048,131072
"1,613688",84,2048,131072
"1,620278",85,2048,131072
"1,631704",86,2048,131072
"1,580902",87,2048,131072
"1,611174",88,2048,131072
"1,626544",89,2048,131072
"1,585603",90,2048,131072
"1,609649",91,2048,131072
"1,632032",92,2048,131072
"1,632357",93,2048,131072
"1,610219",94,2048,131072
"1,600852",95,2048,131072
"1,611457",96,2048,131072
"1,628424",97,2048,131072
"1,587338",98,2048,131072
"1,587608",99,2048,131072
"1,612585",0,4096,65536
"1,622474",1,4096,65536
"1,632566",2,4096,65536
"1,593065",3,4096,65536
"1,633675",4,4096,65536
"1,633624",5,4096,65536
"1,611344",6,4096,65536
"1,625775",7,4096,65536
"1,597957",8,4096,65536
"1,607946",9,4096,65536
"1,632165",10,4096,65536
"1,625658",11,4096,65536
"1,611092",12,4096,65536
"1,575824",13,4096,65536
"1,618469",14,4096,65536
"1,576772",15,4096,65536
"1,623687",16,4096,65536
"1,63415",17,4096,65536
"1,620124",18,4096,65536
"1,612471",19,4096,65536
"1,633466",20,4096,65536
"1,622938",21,4096,65536
"1,577291",22,4096,65536
"1,634789",23,4096,65536
"1,620082",24,4096,65536
"1,579668",25,4096,65536
"1,62057",26,4096,65536
"1,630819",27,4096,65536
"1,576716",28,4096,65536
"1,636097",29,4096,65536
"1,619919",30,4096,65536
"1,574201",31,4096,65536
"1,624543",32,4096,65536
"1,618843",33,4096,65536
"1,611761",34,4096,65536
"1,632849",35,4096,65536
"1,621119",36,4096,65536
"1,630526",37,4096,65536
"1,580106",38,4096,65536
"1,624138",39,4096,65536
"1,578041",40,4096,65536
"1,618347",41,4096,65536
"1,612511",42,4096,65536
"1,631342",43,4096,65536
"1,624792",44,4096,65536
"1,616874",45,4096,65536
"1,618099",46,4096,65536
"1,626498",47,4096,65536
"1,584263",48,4096,65536
"1,629701",49,4096,65536
"1,580228",50,4096,65536
"1,622108",51,4096,65536
"1,624183",52,4096,65536
"1,626983",53,4096,65536
"1,585341",54,4096,65536
"1,619093",55,4096,65536
"1,618083",56,4096,65536
"1,588865",57,4096,65536
"1,579034",58,4096,65536
"1,626244",59,4096,65536
"1,576416",60,4096,65536
"1,614358",61,4096,65536
"1,579748",62,4096,65536
"1,631518",63,4096,65536
"1,624813",64,4096,65536
"1,630988",65,4096,65536
"1,635079",66,4096,65536
"1,586498",67,4096,65536
"1,621271",68,4096,65536
"1,574443",69,4096,65536
"1,63467",70,4096,65536
"1,623644",71,4096,65536
"1,593725",72,4096,65536
"1,626561",73,4096,65536
"1,616247",74,4096,65536
"1,577178",75,4096,65536
"1,633134",76,4096,65536
"1,625035",77,4096,65536
"1,61844",78,4096,65536
"1,584531",79,4096,65536
"1,610295",80,4096,65536
"1,611152",81,4096,65536
"1,581946",82,4096,65536
"1,611491",83,4096,65536
"1,614293",84,4096,65536
"1,623835",85,4096,65536
"1,619938",86,4096,65536
"1,624654",87,4096,65536
"1,626337",88,4096,65536
"1,624099",89,4096,65536
"1,574932",90,4096,65536
"1,636058",91,4096,65536
"1,595578",92,4096,65536
"1,628146",93,4096,65536
"1,625442",94,4096,65536
"1,63561",95,4096,65536
"1,574364",96,4096,65536
"1,597594",97,4096,65536
"1,618604",98,4096,65536
"1,578125",99,4096,65536
"1,590142",0,8192,32768
"1,622754",1,8192,32768
"1,588554",2,8192,32768
"1,586983",3,8192,32768
"1,575049",4,8192,32768
"1,598121",5,8192,32768
"1,613307",6,8192,32768
"1,577726",7,8192,32768
"1,619634",8,8192,32768
"1,590509",9,8192,32768
"1,624406",10,8192,32768
"1,597939",11,8192,32768
"1,608191",12,8192,32768
"1,580047",13,8192,32768
"1,584556",14,8192,32768
"1,581206",15,8192,32768
"1,584155",16,8192,32768
"1,578141",17,8192,32768
"1,636114",18,8192,32768
"1,574816",19,8192,32768
"1,596498",20,8192,32768
"1,590205",21,8192,32768
"1,631892",22,8192,32768
"1,583854",23,8192,32768
"1,633499",24,8192,32768
"1,575624",25,8192,32768
"1,635324",26,8192,32768
"1,595217",27,8192,32768
"1,578215",28,8192,32768
"1,630771",29,8192,32768
"1,628972",30,8192,32768
"1,579956",31,8192,32768
"1,585474",32,8192,32768
"1,579002",33,8192,32768
"1,617417",34,8192,32768
"1,613489",35,8192,32768
"1,582108",36,8192,32768
"1,58205",37,8192,32768
"1,593292",38,8192,32768
"1,626474",39,8192,32768
"1,586523",40,8192,32768
"1,612734",41,8192,32768
"1,636764",42,8192,32768
"1,627311",43,8192,32768
"1,619989",44,8192,32768
"1,582804",45,8192,32768
"1,591395",46,8192,32768
"1,636463",47,8192,32768
"1,591465",48,8192,32768
"1,622291",49,8192,32768
"1,634248",50,8192,32768
"1,587533",51,8192,32768
"1,63183",52,8192,32768
"1,584269",53,8192,32768
"1,59172",54,8192,32768
"1,618417",55,8192,32768
"1,588257",56,8192,32768
"1,609776",57,8192,32768
"1,57863",58,8192,32768
"1,633614",59,8192,32768
"1,584743",60,8192,32768
"1,582004",61,8192,32768
"1,613857",62,8192,32768
"1,587282",63,8192,32768
"1,585866",64,8192,32768
"1,593609",65,8192,32768
"1,63136",66,8192,32768
"1,584336",67,8192,32768
"1,616832",68,8192,32768
"1,63377",69,8192,32768
"1,636594",70,8192,32768
"1,625549",71,8192,32768
"1,610575",72,8192,32768
"1,62454",73,8192,32768
"1,609378",74,8192,32768
"1,577995",75,8192,32768
"1,584588",76,8192,32768
"1,614163",77,8192,32768
"1,624142",78,8192,32768
"1,57911",79,8192,32768
"1,632909",80,8192,32768
"1,580655",81,8192,32768
"1,609697",82,8192,32768
"1,587117",83,8192,32768
"1,617962",84,8192,32768
"1,582663",85,8192,32768
"1,612807",86,8192,32768
"1,622646",87,8192,32768
"1,588125",88,8192,32768
"1,630796",89,8192,32768
"1,624088",90,8192,32768
"1,622724",91,8192,32768
"1,589492",92,8192,32768
"1,610344",93,8192,32768
"1,586028",94,8192,32768
"1,612957",95,8192,32768
"1,573807",96,8192,32768
"1,632687",97,8192,32768
"1,576936",98,8192,32768
"1,584941",99,8192,32768
"1,612521",0,16384,16384
"1,577379",1,16384,16384
"1,628138",2,16384,16384
"1,576838",3,16384,16384
"1,634814",4,16384,16384
"1,597926",5,16384,16384
"1,621503",6,16384,16384
"1,578224",7,16384,16384
"1,616393",8,16384,16384
"1,61886",9,16384,16384
"1,584523",10,16384,16384
"1,58469",11,16384,16384
"1,581348",12,16384,16384
"1,627497",13,16384,16384
"1,633672",14,16384,16384
"1,581386",15,16384,16384
"1,628369",16,16384,16384
"1,621346",17,16384,16384
"1,579483",18,16384,16384
"1,597573",19,16384,16384
"1,624997",20,16384,16384
"1,580856",21,16384,16384
"1,616331",22,16384,16384
"1,625438",23,16384,16384
"1,587281",24,16384,16384
"1,610335",25,16384,16384
"1,5783",26,16384,16384
"1,596238",27,16384,16384
"1,631575",28,16384,16384
"1,62723",29,16384,16384
"1,599013",30,16384,16384
"1,583975",31,16384,16384
"1,583605",32,16384,16384
"1,581197",33,16384,16384
"1,579794",34,16384,16384
"1,634514",35,16384,16384
"1,574574",36,16384,16384
"1,632367",37,16384,16384
"1,5932",38,16384,16384
"1,615509",39,16384,16384
"1,581005",40,16384,16384
"1,611485",41,16384,16384
"1,632084",42,16384,16384
"1,631442",43,16384,16384
"1,631407",44,16384,16384
"1,581248",45,16384,16384
"1,624937",46,16384,16384
"1,582924",47,16384,16384
"1,621627",48,16384,16384
"1,580851",49,16384,16384
"1,610486",50,16384,16384
"1,612927",51,16384,16384
"1,581396",52,16384,16384
"1,63378",53,16384,16384
"1,630634",54,16384,16384
"1,583117",55,16384,16384
"1,607845",56,16384,16384
"1,631673",57,16384,16384
"1,584687",58,16384,16384
"1,628122",59,16384,16384
"1,616457",60,16384,16384
"1,586756",61,16384,16384
"1,576211",62,16384,16384
"1,635163",63,16384,16384
"1,585515",64,16384,16384
"1,624206",65,16384,16384
"1,623812",66,16384,16384
"1,587185",67,16384,16384
"1,623443",68,16384,16384
"1,633559",69,16384,16384
"1,612914",70,16384,16384
"1,631168",71,16384,16384
"1,63749",72,16384,16384
"1,588748",73,16384,16384
"1,619393",74,16384,16384
"1,612242",75,16384,16384
"1,631989",76,16384,16384
"1,61973",77,16384,16384
"1,583487",78,16384,16384
"1,635533",79,16384,16384
"1,621956",80,16384,16384
"1,5912",81,16384,16384
"1,587255",82,16384,16384
"1,611075",83,16384,16384
"1,627504",84,16384,16384
"1,632892",85,16384,16384
"1,577036",86,16384,16384
"1,624448",87,16384,16384
"1,596063",88,16384,16384
"1,622116",89,16384,16384
"1,629204",90,16384,16384
"1,635202",91,16384,16384
"1,591424",92,16384,16384
"1,614783",93,16384,16384
"1,593002",94,16384,16384
"1,624225",95,16384,16384
"1,625746",96,16384,16384
"1,588188",97,16384,16384
"1,57502",98,16384,16384
"1,619964",99,16384,16384
"1,625725",0,32768,8192
"1,61646",1,32768,8192
"1,599451",2,32768,8192
"1,626968",3,32768,8192
"1,580416",4,32768,8192
"1,586615",5,32768,8192
"1,632345",6,32768,8192
"1,590054",7,32768,8192
"1,587228",8,32768,8192
"1,582865",9,32768,8192
"1,608149",10,32768,8192
"1,632599",11,32768,8192
"1,579339",12,32768,8192
"1,597079",13,32768,8192
"1,572837",14,32768,8192
"1,640187",15,32768,8192
"1,594815",16,32768,8192
"1,611992",17,32768,8192
"1,579763",18,32768,8192
"1,632873",19,32768,8192
"1,580397",20,32768,8192
"1,627931",21,32768,8192
"1,6326",22,32768,8192
"1,617477",23,32768,8192
"1,613734",24,32768,8192
"1,630308",25,32768,8192
"1,630208",26,32768,8192
"1,587852",27,32768,8192
"1,622847",28,32768,8192
"1,610826",29,32768,8192
"1,632831",30,32768,8192
"1,616962",31,32768,8192
"1,593532",32,32768,8192
"1,633392",33,32768,8192
"1,631406",34,32768,8192
"1,621317",35,32768,8192
"1,624803",36,32768,8192
"1,588286",37,32768,8192
"1,612627",38,32768,8192
"1,623048",39,32768,8192
"1,615356",40,32768,8192
"1,631008",41,32768,8192
"1,630985",42,32768,8192
"1,633817",43,32768,8192
"1,625494",44,32768,8192
"1,628475",45,32768,8192
"1,617297",46,32768,8192
"1,599764",47,32768,8192
"1,628319",48,32768,8192
"1,631532",49,32768,8192
"1,624027",50,32768,8192
"1,603713",51,32768,8192
"1,622421",52,32768,8192
"1,624981",53,32768,8192
"1,6239",54,32768,8192
"1,574862",55,32768,8192
"1,634861",56,32768,8192
"1,631601",57,32768,8192
"1,618802",58,32768,8192
"1,61793",59,32768,8192
"1,592346",60,32768,8192
"1,612847",61,32768,8192
"1,624374",62,32768,8192
"1,580796",63,32768,8192
"1,624053",64,32768,8192
"1,635339",65,32768,8192
"1,595866",66,32768,8192
"1,609641",67,32768,8192
"1,586953",68,32768,8192
"1,593827",69,32768,8192
"1,622288",70,32768,8192
"1,634421",71,32768,8192
"1,578569",72,32768,8192
"1,61392",73,32768,8192
"1,582576",74,32768,8192
"1,63261",75,32768,8192
"1,605046",76,32768,8192
"1,612291",77,32768,8192
"1,633342",78,32768,8192
"1,633552",79,32768,8192
"1,633482",80,32768,8192
"1,598222",81,32768,8192
"1,622879",82,32768,8192
"1,635373",83,32768,8192
"1,625916",84,32768,8192
"1,57896",85,32768,8192
"1,616006",86,32768,8192
"1,632985",87,32768,8192
"1,621222",88,32768,8192
"1,587667",89,32768,8192
"1,633655",90,32768,8192
"1,630974",91,32768,8192
"1,616016",92,32768,8192
"1,627606",93,32768,8192
"1,62312",94,32768,8192
"1,620923",95,32768,8192
"1,584092",96,32768,8192
"1,620258",97,32768,8192
"1,618427",98,32768,8192
"1,583318",99,32768,8192
"1,611497",0,65536,4096
"1,621382",1,65536,4096
"1,599041",2,65536,4096
"1,63252",3,65536,4096
"1,633227",4,65536,4096
"1,619325",5,65536,4096
"1,599524",6,65536,4096
"1,6325",7,65536,4096
"1,628668",8,65536,4096
"1,627897",9,65536,4096
"1,582011",10,65536,4096
"1,621374",11,65536,4096
"1,629628",12,65536,4096
"1,623209",13,65536,4096
"1,624851",14,65536,4096
"1,615242",15,65536,4096
"1,632797",16,65536,4096
"1,574881",17,65536,4096
"1,625109",18,65536,4096
"1,583041",19,65536,4096
"1,624157",20,65536,4096
"1,626804",21,65536,4096
"1,626619",22,65536,4096
"1,582774",23,65536,4096
"1,624158",24,65536,4096
"1,580517",25,65536,4096
"1,622239",26,65536,4096
"1,632823",27,65536,4096
"1,585667",28,65536,4096
"1,622787",29,65536,4096
"1,618367",30,65536,4096
"1,631768",31,65536,4096
"1,622134",32,65536,4096
"1,613341",33,65536,4096
"1,583861",34,65536,4096
"1,582903",35,65536,4096
"1,617423",36,65536,4096
"1,611428",37,65536,4096
"1,594434",38,65536,4096
"1,616392",39,65536,4096
"1,621551",40,65536,4096
"1,634295",41,65536,4096
"1,623485",42,65536,4096
"1,620068",43,65536,4096
"1,622732",44,65536,4096
"1,597722",45,65536,4096
"1,634031",46,65536,4096
"1,631627",47,65536,4096
"1,616928",48,65536,4096
"1,609542",49,65536,4096
"1,635086",50,65536,4096
"1,584007",51,65536,4096
"1,612259",52,65536,4096
"1,634018",53,65536,4096
"1,622921",54,65536,4096
"1,616382",55,65536,4096
"1,613623",56,65536,4096
"1,595431",57,65536,4096
"1,589",58,65536,4096
"1,629123",59,65536,4096
"1,58775",60,65536,4096
"1,612711",61,65536,4096
"1,616855",62,65536,4096
"1,630364",63,65536,4096
"1,630327",64,65536,4096
"1,610707",65,65536,4096
"1,616066",66,65536,4096
"1,6311",67,65536,4096
"1,623308",68,65536,4096
"1,626738",69,65536,4096
"1,628801",70,65536,4096
"1,610729",71,65536,4096
"1,580389",72,65536,4096
"1,609542",73,65536,4096
"1,585796",74,65536,4096
"1,583651",75,65536,4096
"1,623736",76,65536,4096
"1,595624",77,65536,4096
"1,615829",78,65536,4096
"1,577529",79,65536,4096
"1,617412",80,65536,4096
"1,633665",81,65536,4096
"1,631946",82,65536,4096
"1,62987",83,65536,4096
"1,580638",84,65536,4096
"1,621397",85,65536,4096
"1,626891",86,65536,4096
"1,614422",87,65536,4096
"1,595991",88,65536,4096
"1,63408",89,65536,4096
"1,626046",90,65536,4096
"1,586117",91,65536,4096
"1,634791",92,65536,4096
"1,620986",93,65536,4096
"1,612756",94,65536,4096
"1,621721",95,65536,4096
"1,622582",96,65536,4096
"1,582277",97,65536,4096
"1,625071",98,65536,4096
"1,579119",99,65536,4096
"1,621251",0,131072,2048
"1,583792",1,131072,2048
"1,628528",2,131072,2048
"1,625042",3,131072,2048
"1,623807",4,131072,2048
"1,581312",5,131072,2048
"1,62606",6,131072,2048
"1,583844",7,131072,2048
"1,631615",8,131072,2048
"1,610357",9,131072,2048
"1,587565",10,131072,2048
"1,610247",11,131072,2048
"1,63374",12,131072,2048
"1,599555",13,131072,2048
"1,622423",14,131072,2048
"1,597329",15,131072,2048
"1,631506",16,131072,2048
"1,617934",17,131072,2048
"1,626353",18,131072,2048
"1,617547",19,131072,2048
"1,577833",20,131072,2048
"1,628718",21,131072,2048
"1,61613",22,131072,2048
"1,609856",23,131072,2048
"1,632928",24,131072,2048
"1,634746",25,131072,2048
"1,622618",26,131072,2048
"1,632169",27,131072,2048
"1,635629",28,131072,2048
"1,583225",29,131072,2048
"1,610571",30,131072,2048
"1,588916",31,131072,2048
"1,606904",32,131072,2048
"1,634274",33,131072,2048
"1,628442",34,131072,2048
"1,613187",35,131072,2048
"1,614048",36,131072,2048
"1,584849",37,131072,2048
"1,623144",38,131072,2048
"1,589322",39,131072,2048
"1,635768",40,131072,2048
"1,631205",41,131072,2048
"1,616756",42,131072,2048
"1,599507",43,131072,2048
"1,623534",44,131072,2048
"1,633809",45,131072,2048
"1,592955",46,131072,2048
"1,620195",47,131072,2048
"1,585669",48,131072,2048
"1,587729",49,131072,2048
"1,625356",50,131072,2048
"1,636427",51,131072,2048
"1,616568",52,131072,2048
"1,582393",53,131072,2048
"1,61701",54,131072,2048
"1,615365",55,131072,2048
"1,594047",56,131072,2048
"1,618486",57,131072,2048
"1,578115",58,131072,2048
"1,594842",59,131072,2048
"1,634206",60,131072,2048
"1,591038",61,131072,2048
"1,629074",62,131072,2048
"1,616973",63,131072,2048
"1,578664",64,131072,2048
"1,636097",65,131072,2048
"1,579095",66,131072,2048
"1,63004",67,131072,2048
"1,626079",68,131072,2048
"1,626859",69,131072,2048
"1,576399",70,131072,2048
"1,617215",71,131072,2048
"1,585108",72,131072,2048
"1,622284",73,131072,2048
"1,597625",74,131072,2048
"1,615137",75,131072,2048
"1,583477",76,131072,2048
"1,624514",77,131072,2048
"1,613273",78,131072,2048
"1,587281",79,131072,2048
"1,632133",80,131072,2048
"1,630154",81,131072,2048
"1,623657",82,131072,2048
"1,635486",83,131072,2048
"1,62107",84,131072,2048
"1,574446",85,131072,2048
"1,624052",86,131072,2048
"1,593054",87,131072,2048
"1,631171",88,131072,2048
"1,615889",89,131072,2048
"1,634022",90,131072,2048
"1,613357",91,131072,2048
"1,586928",92,131072,2048
"1,595406",93,131072,2048
"1,623363",94,131072,2048
"1,6375",95,131072,2048
"1,579786",96,131072,2048
"1,623012",97,131072,2048
"1,588868",98,131072,2048
"1,634735",99,131072,2048
"1,630683",0,262144,1024
"1,634887",1,262144,1024
"1,581733",2,262144,1024
"1,594548",3,262144,1024
"1,624838",4,262144,1024
"1,58181",5,262144,1024
"1,630591",6,262144,1024
"1,618589",7,262144,1024
"1,624219",8,262144,1024
"1,574672",9,262144,1024
"1,633698",10,262144,1024
"1,612678",11,262144,1024
"1,63398",12,262144,1024
"1,589891",13,262144,1024
"1,632365",14,262144,1024
"1,580943",15,262144,1024
"1,599808",16,262144,1024
"1,631077",17,262144,1024
"1,583552",18,262144,1024
"1,629509",19,262144,1024
"1,624412",20,262144,1024
"1,601437",21,262144,1024
"1,589909",22,262144,1024
"1,631323",23,262144,1024
"1,586947",24,262144,1024
"1,637172",25,262144,1024
"1,576458",26,262144,1024
"1,618425",27,262144,1024
"1,619452",28,262144,1024
"1,592897",29,262144,1024
"1,631861",30,262144,1024
"1,573642",31,262144,1024
"1,600721",32,262144,1024
"1,616565",33,262144,1024
"1,575174",34,262144,1024
"1,622017",35,262144,1024
"1,572091",36,262144,1024
"1,586854",37,262144,1024
"1,595737",38,262144,1024
"1,615473",39,262144,1024
"1,581158",40,262144,1024
"1,578505",41,262144,1024
"1,633875",42,262144,1024
"1,590104",43,262144,1024
"1,586225",44,262144,1024
"1,626551",45,262144,1024
"1,627503",46,262144,1024
"1,622389",47,262144,1024
"1,579231",48,262144,1024
"1,617029",49,262144,1024
"1,620172",50,262144,1024
"1,623944",51,262144,1024
"1,59975",52,262144,1024
"1,585539",53,262144,1024
"1,615492",54,262144,1024
"1,635071",55,262144,1024
"1,613036",56,262144,1024
"1,579385",57,262144,1024
"1,609402",58,262144,1024
"1,619918",59,262144,1024
"1,584752",60,262144,1024
"1,611541",61,262144,1024
"1,607421",62,262144,1024
"1,580855",63,262144,1024
"1,610479",64,262144,1024
"1,5945",65,262144,1024
"1,575954",66,262144,1024
"1,624288",67,262144,1024
"1,581081",68,262144,1024
"1,582853",69,262144,1024
"1,593145",70,262144,1024
"1,586571",71,262144,1024
"1,623199",72,262144,1024
"1,588235",73,262144,1024
"1,633982",74,262144,1024
"1,633635",75,262144,1024
"1,576711",76,262144,1024
"1,617989",77,262144,1024
"1,573996",78,262144,1024
"1,625895",79,262144,1024
"1,57764",80,262144,1024
"1,623637",81,262144,1024
"1,592545",82,262144,1024
"1,630462",83,262144,1024
"1,581392",84,262144,1024
"1,590848",85,262144,1024
"1,578592",86,262144,1024
"1,59843",87,262144,1024
"1,578203",88,262144,1024
"1,634765",89,262144,1024
"1,594538",90,262144,1024
"1,634489",91,262144,1024
"1,59923",92,262144,1024
"1,635903",93,262144,1024
"1,623874",94,262144,1024
"1,623175",95,262144,1024
"1,582635",96,262144,1024
"1,62467",97,262144,1024
"1,586469",98,262144,1024
"1,614475",99,262144,1024
"3,167701",0,2048,262144
"3,233663",1,2048,262144
"3,208484",2,2048,262144
"3,169112",3,2048,262144
"3,269617",4,2048,262144
"3,169383",5,2048,262144
"3,24706",6,2048,262144
"3,166158",7,2048,262144
"3,178195",8,2048,262144
"3,263959",9,2048,262144
"3,187946",10,2048,262144
"3,244729",11,2048,262144
"3,248903",12,2048,262144
"3,239463",13,2048,262144
"3,191406",14,2048,262144
"3,261514",15,2048,262144
"3,187453",16,2048,262144
"3,264038",17,2048,262144
"3,243777",18,2048,262144
"3,169265",19,2048,262144
"3,229098",20,2048,262144
"3,242415",21,2048,262144
"3,242201",22,2048,262144
"3,214052",23,2048,262144
"3,229336",24,2048,262144
"3,264328",25,2048,262144
"3,224081",26,2048,262144
"3,230469",27,2048,262144
"3,190455",28,2048,262144
"3,266822",29,2048,262144
"3,173561",30,2048,262144
"3,187158",31,2048,262144
"3,26723",32,2048,262144
"3,155881",33,2048,262144
"3,186666",34,2048,262144
"3,159943",35,2048,262144
"3,222449",36,2048,262144
"3,157605",37,2048,262144
"3,242927",38,2048,262144
"3,265968",39,2048,262144
"3,159321",40,2048,262144
"3,205245",41,2048,262144
"3,164146",42,2048,262144
"3,226011",43,2048,262144
"3,242468",44,2048,262144
"3,220801",45,2048,262144
"3,232717",46,2048,262144
"3,224803",47,2048,262144
"3,210682",48,2048,262144
"3,272013",49,2048,262144
"3,166593",50,2048,262144
"3,267825",51,2048,262144
"3,244",52,2048,262144
"3,152926",53,2048,262144
"3,163639",54,2048,262144
"3,171425",55,2048,262144
"3,223154",56,2048,262144
"3,187724",57,2048,262144
"3,251279",58,2048,262144
"3,153497",59,2048,262144
"3,172627",60,2048,262144
"3,169334",61,2048,262144
"3,245414",62,2048,262144
"3,269429",63,2048,262144
"3,168222",64,2048,262144
"3,264198",65,2048,262144
"3,200687",66,2048,262144
"3,153896",67,2048,262144
"3,191733",68,2048,262144
"3,241333",69,2048,262144
"3,168283",70,2048,262144
"3,17411",71,2048,262144
"3,247163",72,2048,262144
"3,158101",73,2048,262144
"3,263912",74,2048,262144
"3,186373",75,2048,262144
"3,245373",76,2048,262144
"3,243912",77,2048,262144
"3,157059",78,2048,262144
"3,26777",79,2048,262144
"3,154261",80,2048,262144
"3,188332",81,2048,262144
"3,153117",82,2048,262144
"3,226585",83,2048,262144
"3,160822",84,2048,262144
"3,251601",85,2048,262144
"3,192155",86,2048,262144
"3,246626",87,2048,262144
"3,192958",88,2048,262144
"3,265083",89,2048,262144
"3,266804",90,2048,262144
"3,156098",91,2048,262144
"3,181017",92,2048,262144
"3,266951",93,2048,262144
"3,177641",94,2048,262144
"3,267802",95,2048,262144
"3,169398",96,2048,262144
"3,223313",97,2048,262144
"3,247077",98,2048,262144
"3,170025",99,2048,262144
"3,239818",0,4096,131072
"3,167344",1,4096,131072
"3,227846",2,4096,131072
"3,229502",3,4096,131072
"3,243031",4,4096,131072
"3,167885",5,4096,131072
"3,164147",6,4096,131072
"3,16768",7,4096,131072
"3,241282",8,4096,131072
"3,184169",9,4096,131072
"3,227496",10,4096,131072
"3,244737",11,4096,131072
"3,244099",12,4096,131072
"3,166042",13,4096,131072
"3,192499",14,4096,131072
"3,257539",15,4096,131072
"3,162131",16,4096,131072
"3,245024",17,4096,131072
"3,26061",18,4096,131072
"3,232944",19,4096,131072
"3,161076",20,4096,131072
"3,244015",21,4096,131072
"3,233862",22,4096,131072
"3,261202",23,4096,131072
"3,241718",24,4096,131072
"3,188281",25,4096,131072
"3,249292",26,4096,131072
"3,266782",27,4096,131072
"3,261647",28,4096,131072
"3,262523",29,4096,131072
"3,189558",30,4096,131072
"3,247672",31,4096,131072
"3,224894",32,4096,131072
"3,174528",33,4096,131072
"3,222891",34,4096,131072
"3,264143",35,4096,131072
"3,234336",36,4096,131072
"3,260731",37,4096,131072
"3,192378",38,4096,131072
"3,250628",39,4096,131072
"3,261934",40,4096,131072
"3,261138",41,4096,131072
"3,158771",42,4096,131072
"3,224234",43,4096,131072
"3,163404",44,4096,131072
"3,186986",45,4096,131072
"3,181951",46,4096,131072
"3,262534",47,4096,131072
"3,174409",48,4096,131072
"3,246348",49,4096,131072
"3,171936",50,4096,131072
"3,160144",51,4096,131072
"3,216358",52,4096,131072
"3,188837",53,4096,131072
"3,263191",54,4096,131072
"3,179172",55,4096,131072
"3,158678",56,4096,131072
"3,246234",57,4096,131072
"3,264665",58,4096,131072
"3,185172",59,4096,131072
"3,230174",60,4096,131072
"3,184391",61,4096,131072
"3,240641",62,4096,131072
"3,198896",63,4096,131072
"3,163372",64,4096,131072
"3,168838",65,4096,131072
"3,217322",66,4096,131072
"3,194219",67,4096,131072
"3,246438",68,4096,131072
"3,262806",69,4096,131072
"3,234272",70,4096,131072
"3,171605",71,4096,131072
"3,171902",72,4096,131072
"3,249053",73,4096,131072
"3,163654",74,4096,131072
"3,19125",75,4096,131072
"3,224263",76,4096,131072
"3,169248",77,4096,131072
"3,262154",78,4096,131072
"3,163016",79,4096,131072
"3,253199",80,4096,131072
"3,165706",81,4096,131072
"3,199147",82,4096,131072
"3,228928",83,4096,131072
"3,162508",84,4096,131072
"3,245866",85,4096,131072
"3,244012",86,4096,131072
"3,248588",87,4096,131072
"3,195014",88,4096,131072
"3,241549",89,4096,131072
"3,16817",90,4096,131072
"3,165858",91,4096,131072
"3,262866",92,4096,131072
"3,193145",93,4096,131072
"3,206383",94,4096,131072
"3,26473",95,4096,131072
"3,174257",96,4096,131072
"3,230481",97,4096,131072
"3,263572",98,4096,131072
"3,263399",99,4096,131072
"3,221353",0,8192,65536
"3,152718",1,8192,65536
"3,167523",2,8192,65536
"3,244504",3,8192,65536
"3,250184",4,8192,65536
"3,246246",5,8192,65536
"3,159268",6,8192,65536
"3,211441",7,8192,65536
"3,266986",8,8192,65536
"3,258102",9,8192,65536
"3,207158",10,8192,65536
"3,205199",11,8192,65536
"3,18452",12,8192,65536
"3,204845",13,8192,65536
"3,264835",14,8192,65536
"3,160386",15,8192,65536
"3,203347",16,8192,65536
"3,172178",17,8192,65536
"3,189208",18,8192,65536
"3,267041",19,8192,65536
"3,245781",20,8192,65536
"3,262213",21,8192,65536
"3,265006",22,8192,65536
"3,232783",23,8192,65536
"3,24852",24,8192,65536
"3,186376",25,8192,65536
"3,226445",26,8192,65536
"3,260469",27,8192,65536
"3,26177",28,8192,65536
"3,246189",29,8192,65536
"3,261006",30,8192,65536
"3,157322",31,8192,65536
"3,248297",32,8192,65536
"3,158895",33,8192,65536
"3,26344",34,8192,65536
"3,189392",35,8192,65536
"3,251185",36,8192,65536
"3,187653",37,8192,65536
"3,163958",38,8192,65536
"3,171008",39,8192,65536
"3,151668",40,8192,65536
"3,168414",41,8192,65536
"3,167364",42,8192,65536
"3,160236",43,8192,65536
"3,264014",44,8192,65536
"3,256352",45,8192,65536
"3,172862",46,8192,65536
"3,250454",47,8192,65536
"3,193071",48,8192,65536
"3,221263",49,8192,65536
"3,269023",50,8192,65536
"3,229244",51,8192,65536
"3,269989",52,8192,65536
"3,185049",53,8192,65536
"3,263358",54,8192,65536
"3,168994",55,8192,65536
"3,248583",56,8192,65536
"3,24612",57,8192,65536
"3,220116",58,8192,65536
"3,22919",59,8192,65536
"3,17476",60,8192,65536
"3,261179",61,8192,65536
"3,260399",62,8192,65536
"3,156608",63,8192,65536
"3,24593",64,8192,65536
"3,257965",65,8192,65536
"3,169919",66,8192,65536
"3,260641",67,8192,65536
"3,248966",68,8192,65536
"3,153471",69,8192,65536
"3,196632",70,8192,65536
"3,236003",71,8192,65536
"3,261721",72,8192,65536
"3,26695",73,8192,65536
"3,24609",74,8192,65536
"3,196298",75,8192,65536
"3,261908",76,8192,65536
"3,268831",77,8192,65536
"3,24275",78,8192,65536
"3,267555",79,8192,65536
"3,236583",80,8192,65536
"3,178034",81,8192,65536
"3,227498",82,8192,65536
"3,153886",83,8192,65536
"3,195819",84,8192,65536
"3,224155",85,8192,65536
"3,191969",86,8192,65536
"3,228905",87,8192,65536
"3,246084",88,8192,65536
"3,170973",89,8192,65536
"3,261949",90,8192,65536
"3,229596",91,8192,65536
"3,222426",92,8192,65536
"3,1841",93,8192,65536
"3,262935",94,8192,65536
"3,19581",95,8192,65536
"3,229021",96,8192,65536
"3,244754",97,8192,65536
"3,178548",98,8192,65536
"3,189773",99,8192,65536
"3,160992",0,16384,32768
"3,194492",1,16384,32768
"3,172598",2,16384,32768
"3,246634",3,16384,32768
"3,167921",4,16384,32768
"3,178465",5,16384,32768
"3,172249",6,16384,32768
"3,183768",7,16384,32768
"3,167455",8,16384,32768
"3,167135",9,16384,32768
"3,24915",10,16384,32768
"3,230402",11,16384,32768
"3,17068",12,16384,32768
"3,242277",13,16384,32768
"3,234798",14,16384,32768
"3,16496",15,16384,32768
"3,243682",16,16384,32768
"3,259215",17,16384,32768
"3,272867",18,16384,32768
"3,225528",19,16384,32768
"3,167103",20,16384,32768
"3,207295",21,16384,32768
"3,226929",22,16384,32768
"3,268736",23,16384,32768
"3,158149",24,16384,32768
"3,262507",25,16384,32768
"3,155831",26,16384,32768
"3,166533",27,16384,32768
"3,224193",28,16384,32768
"3,24677",29,16384,32768
"3,166389",30,16384,32768
"3,262895",31,16384,32768
"3,258463",32,16384,32768
"3,168142",33,16384,32768
"3,261056",34,16384,32768
"3,261114",35,16384,32768
"3,268573",36,16384,32768
"3,16437",37,16384,32768
"3,166091",38,16384,32768
"3,178608",39,16384,32768
"3,162261",40,16384,32768
"3,238163",41,16384,32768
"3,250469",42,16384,32768
"3,165084",43,16384,32768
"3,173978",44,16384,32768
"3,164284",45,16384,32768
"3,246154",46,16384,32768
"3,228236",47,16384,32768
"3,271842",48,16384,32768
"3,250015",49,16384,32768
"3,162628",50,16384,32768
"3,233323",51,16384,32768
"3,191981",52,16384,32768
"3,261889",53,16384,32768
"3,152878",54,16384,32768
"3,188171",55,16384,32768
"3,153731",56,16384,32768
"3,182521",57,16384,32768
"3,266532",58,16384,32768
"3,18902",59,16384,32768
"3,256135",60,16384,32768
"3,245151",61,16384,32768
"3,168183",62,16384,32768
"3,267934",63,16384,32768
"3,162637",64,16384,32768
"3,173914",65,16384,32768
"3,243511",66,16384,32768
"3,191668",67,16384,32768
"3,247337",68,16384,32768
"3,19211",69,16384,32768
"3,158568",70,16384,32768
"3,229297",71,16384,32768
"3,187965",72,16384,32768
"3,258477",73,16384,32768
"3,153135",74,16384,32768
"3,162887",75,16384,32768
"3,24384",76,16384,32768
"3,173836",77,16384,32768
"3,226762",78,16384,32768
"3,260735",79,16384,32768
"3,260352",80,16384,32768
"3,150012",81,16384,32768
"3,186251",82,16384,32768
"3,223173",83,16384,32768
"3,262844",84,16384,32768
"3,20663",85,16384,32768
"3,264727",86,16384,32768
"3,249112",87,16384,32768
"3,154443",88,16384,32768
"3,225466",89,16384,32768
"3,269151",90,16384,32768
"3,262128",91,16384,32768
"3,2621",92,16384,32768
"3,17627",93,16384,32768
"3,258429",94,16384,32768
"3,260322",95,16384,32768
"3,226408",96,16384,32768
"3,262928",97,16384,32768
"3,224952",98,16384,32768
"3,263014",99,16384,32768
"3,173192",0,32768,16384
"3,161378",1,32768,16384
"3,249601",2,32768,16384
"3,264866",3,32768,16384
"3,245289",4,32768,16384
"3,247737",5,32768,16384
"3,264171",6,32768,16384
"3,167704",7,32768,16384
"3,229496",8,32768,16384
"3,159891",9,32768,16384
"3,161048",10,32768,16384
"3,181411",11,32768,16384
"3,247179",12,32768,16384
"3,162603",13,32768,16384
"3,263791",14,32768,16384
"3,163571",15,32768,16384
"3,179018",16,32768,16384
"3,244027",17,32768,16384
"3,157112",18,32768,16384
"3,244769",19,32768,16384
"3,179914",20,32768,16384
"3,222796",21,32768,16384
"3,160448",22,32768,16384
"3,241805",23,32768,16384
"3,163123",24,32768,16384
"3,267815",25,32768,16384
"3,25824",26,32768,16384
"3,260466",27,32768,16384
"3,186707",28,32768,16384
"3,263536",29,32768,16384
"3,167286",30,32768,16384
"3,199824",31,32768,16384
"3,242966",32,32768,16384
"3,184821",33,32768,16384
"3,224656",34,32768,16384
"3,256468",35,32768,16384
"3,233139",36,32768,16384
"3,262788",37,32768,16384
"3,24859",38,32768,16384
"3,166626",39,32768,16384
"3,163263",40,32768,16384
"3,185691",41,32768,16384
"3,247375",42,32768,16384
"3,243773",43,32768,16384
"3,164149",44,32768,16384
"3,264134",45,32768,16384
"3,201146",46,32768,16384
"3,248901",47,32768,16384
"3,169782",48,32768,16384
"3,258189",49,32768,16384
"3,172681",50,32768,16384
"3,263261",51,32768,16384
"3,187105",52,32768,16384
"3,261557",53,32768,16384
"3,192635",54,32768,16384
"3,223896",55,32768,16384
"3,168246",56,32768,16384
"3,257578",57,32768,16384
"3,190252",58,32768,16384
"3,264061",59,32768,16384
"3,192148",60,32768,16384
"3,176079",61,32768,16384
"3,229521",62,32768,16384
"3,168135",63,32768,16384
"3,169792",64,32768,16384
"3,247631",65,32768,16384
"3,198488",66,32768,16384
"3,157407",67,32768,16384
"3,262359",68,32768,16384
"3,172518",69,32768,16384
"3,24744",70,32768,16384
"3,164296",71,32768,16384
"3,260908",72,32768,16384
"3,266335",73,32768,16384
"3,163873",74,32768,16384
"3,204751",75,32768,16384
"3,167509",76,32768,16384
"3,25816",77,32768,16384
"3,241056",78,32768,16384
"3,243997",79,32768,16384
"3,262307",80,32768,16384
"3,221179",81,32768,16384
"3,256738",82,32768,16384
"3,24626",83,32768,16384
"3,227077",84,32768,16384
"3,2396",85,32768,16384
"3,247549",86,32768,16384
"3,24321",87,32768,16384
"3,24712",88,32768,16384
"3,260513",89,32768,16384
"3,266992",90,32768,16384
"3,221916",91,32768,16384
"3,260939",92,32768,16384
"3,26362",93,32768,16384
"3,152788",94,32768,16384
"3,261511",95,32768,16384
"3,240861",96,32768,16384
"3,24192",97,32768,16384
"3,185508",98,32768,16384
"3,260998",99,32768,16384
"3,261987",0,65536,8192
"3,242687",1,65536,8192
"3,219528",2,65536,8192
"3,165653",3,65536,8192
"3,243795",4,65536,8192
"3,155731",5,65536,8192
"3,224796",6,65536,8192
"3,222245",7,65536,8192
"3,150436",8,65536,8192
"3,222492",9,65536,8192
"3,261127",10,65536,8192
"3,184506",11,65536,8192
"3,259757",12,65536,8192
"3,262152",13,65536,8192
"3,263298",14,65536,8192
"3,213717",15,65536,8192
"3,172073",16,65536,8192
"3,159488",17,65536,8192
"3,257641",18,65536,8192
"3,154443",19,65536,8192
"3,180908",20,65536,8192
"3,246394",21,65536,8192
"3,184046",22,65536,8192
"3,220345",23,65536,8192
"3,164823",24,65536,8192
"3,26552",25,65536,8192
"3,202807",26,65536,8192
"3,168031",27,65536,8192
"3,267375",28,65536,8192
"3,223058",29,65536,8192
"3,168547",30,65536,8192
"3,261549",31,65536,8192
"3,271318",32,65536,8192
"3,244979",33,65536,8192
"3,169736",34,65536,8192
"3,222413",35,65536,8192
"3,177671",36,65536,8192
"3,161145",37,65536,8192
"3,248638",38,65536,8192
"3,19415",39,65536,8192
"3,260583",40,65536,8192
"3,180167",41,65536,8192
"3,223121",42,65536,8192
"3,242004",43,65536,8192
"3,192714",44,65536,8192
"3,19219",45,65536,8192
"3,227238",46,65536,8192
"3,17241",47,65536,8192
"3,163137",48,65536,8192
"3,227197",49,65536,8192
"3,192507",50,65536,8192
"3,154307",51,65536,8192
"3,164417",52,65536,8192
"3,167282",53,65536,8192
"3,249499",54,65536,8192
"3,168284",55,65536,8192
"3,162348",56,65536,8192
"3,1662",57,65536,8192
"3,243589",58,65536,8192
"3,164614",59,65536,8192
"3,162602",60,65536,8192
"3,261563",61,65536,8192
"3,164247",62,65536,8192
"3,242214",63,65536,8192
"3,155587",64,65536,8192
"3,229978",65,65536,8192
"3,233401",66,65536,8192
"3,153013",67,65536,8192
"3,185545",68,65536,8192
"3,17036",69,65536,8192
"3,230873",70,65536,8192
"3,151363",71,65536,8192
"3,180639",72,65536,8192
"3,267109",73,65536,8192
"3,264749",74,65536,8192
"3,2612",75,65536,8192
"3,166128",76,65536,8192
"3,244285",77,65536,8192
"3,252487",78,65536,8192
"3,168911",79,65536,8192
"3,247319",80,65536,8192
"3,163078",81,65536,8192
"3,165996",82,65536,8192
"3,163523",83,65536,8192
"3,246184",84,65536,8192
"3,16673",85,65536,8192
"3,268639",86,65536,8192
"3,179297",87,65536,8192
"3,210851",88,65536,8192
"3,172879",89,65536,8192
"3,161839",90,65536,8192
"3,248892",91,65536,8192
"3,271248",92,65536,8192
"3,242535",93,65536,8192
"3,262833",94,65536,8192
"3,267651",95,65536,8192
"3,147644",96,65536,8192
"3,191144",97,65536,8192
"3,260327",98,65536,8192
"3,162112",99,65536,8192
"3,263311",0,131072,4096
"3,157101",1,131072,4096
"3,173675",2,131072,4096
"3,226042",3,131072,4096
"3,22327",4,131072,4096
"3,266153",5,131072,4096
"3,224641",6,131072,4096
"3,235194",7,131072,4096
"3,170983",8,131072,4096
"3,162733",9,131072,4096
"3,2629",10,131072,4096
"3,230044",11,131072,4096
"3,197667",12,131072,4096
"3,262917",13,131072,4096
"3,263853",14,131072,4096
"3,182088",15,131072,4096
"3,259992",16,131072,4096
"3,160891",17,131072,4096
"3,229072",18,131072,4096
"3,223318",19,131072,4096
"3,171183",20,131072,4096
"3,221038",21,131072,4096
"3,166598",22,131072,4096
"3,161617",23,131072,4096
"3,255557",24,131072,4096
"3,172005",25,131072,4096
"3,216243",26,131072,4096
"3,231476",27,131072,4096
"3,188856",28,131072,4096
"3,22961",29,131072,4096
"3,160837",30,131072,4096
"3,245271",31,131072,4096
"3,178428",32,131072,4096
"3,258944",33,131072,4096
"3,16371",34,131072,4096
"3,223727",35,131072,4096
"3,163513",36,131072,4096
"3,248567",37,131072,4096
"3,180692",38,131072,4096
"3,167836",39,131072,4096
"3,224308",40,131072,4096
"3,188753",41,131072,4096
"3,268017",42,131072,4096
"3,179263",43,131072,4096
"3,237588",44,131072,4096
"3,181453",45,131072,4096
"3,264799",46,131072,4096
"3,166087",47,131072,4096
"3,263645",48,131072,4096
"3,242289",49,131072,4096
"3,24166",50,131072,4096
"3,178599",51,131072,4096
"3,242993",52,131072,4096
"3,205973",53,131072,4096
"3,184907",54,131072,4096
"3,26798",55,131072,4096
"3,171404",56,131072,4096
"3,266532",57,131072,4096
"3,263203",58,131072,4096
"3,2591",59,131072,4096
"3,252767",60,131072,4096
"3,260074",61,131072,4096
"3,260804",62,131072,4096
"3,149852",63,131072,4096
"3,227247",64,131072,4096
"3,182056",65,131072,4096
"3,173811",66,131072,4096
"3,168414",67,131072,4096
"3,154494",68,131072,4096
"3,166439",69,131072,4096
"3,167294",70,131072,4096
"3,222132",71,131072,4096
"3,177675",72,131072,4096
"3,261794",73,131072,4096
"3,264741",74,131072,4096
"3,193584",75,131072,4096
"3,24671",76,131072,4096
"3,181789",77,131072,4096
"3,158057",78,131072,4096
"3,26224",79,131072,4096
"3,167897",80,131072,4096
"3,25927",81,131072,4096
"3,165456",82,131072,4096
"3,241295",83,131072,4096
"3,149237",84,131072,4096
"3,206827",85,131072,4096
"3,163893",86,131072,4096
"3,168638",87,131072,4096
"3,16305",88,131072,4096
"3,245785",89,131072,4096
"3,162723",90,131072,4096
"3,227869",91,131072,4096
"3,190405",92,131072,4096
"3,22138",93,131072,4096
"3,267996",94,131072,4096
"3,246434",95,131072,4096
"3,158699",96,131072,4096
"3,223057",97,131072,4096
"3,262329",98,131072,4096
"3,167246",99,131072,4096
"3,262049",0,262144,2048
"3,240175",1,262144,2048
"3,247765",2,262144,2048
"3,239232",3,262144,2048
"3,263338",4,262144,2048
"3,154973",5,262144,2048
"3,223233",6,262144,2048
"3,154225",7,262144,2048
"3,251331",8,262144,2048
"3,24766",9,262144,2048
"3,245873",10,262144,2048
"3,263509",11,262144,2048
"3,22486",12,262144,2048
"3,172708",13,262144,2048
"3,262936",14,262144,2048
"3,244252",15,262144,2048
"3,265741",16,262144,2048
"3,265589",17,262144,2048
"3,218199",18,262144,2048
"3,160489",19,262144,2048
"3,259131",20,262144,2048
"3,267743",21,262144,2048
"3,167346",22,262144,2048
"3,245836",23,262144,2048
"3,160743",24,262144,2048
"3,221353",25,262144,2048
"3,173165",26,262144,2048
"3,263569",27,262144,2048
"3,264061",28,262144,2048
"3,265464",29,262144,2048
"3,241733",30,262144,2048
"3,193406",31,262144,2048
"3,24956",32,262144,2048
"3,167301",33,262144,2048
"3,186087",34,262144,2048
"3,247514",35,262144,2048
"3,16414",36,262144,2048
"3,191823",37,262144,2048
"3,162591",38,262144,2048
"3,244149",39,262144,2048
"3,165021",40,262144,2048
"3,26232",41,262144,2048
"3,164769",42,262144,2048
"3,24053",43,262144,2048
"3,171254",44,262144,2048
"3,152081",45,262144,2048
"3,159326",46,262144,2048
"3,221547",47,262144,2048
"3,190684",48,262144,2048
"3,241949",49,262144,2048
"3,199959",50,262144,2048
"3,258341",51,262144,2048
"3,188867",52,262144,2048
"3,223169",53,262144,2048
"3,1736",54,262144,2048
"3,242628",55,262144,2048
"3,163981",56,262144,2048
"3,222263",57,262144,2048
"3,158754",58,262144,2048
"3,183821",59,262144,2048
"3,246927",60,262144,2048
"3,176465",61,262144,2048
"3,246339",62,262144,2048
"3,185146",63,262144,2048
"3,26099",64,262144,2048
"3,163701",65,262144,2048
"3,258073",66,262144,2048
"3,163405",67,262144,2048
"3,256578",68,262144,2048
"3,162461",69,262144,2048
"3,264664",70,262144,2048
"3,191099",71,262144,2048
"3,161298",72,262144,2048
"3,236496",73,262144,2048
"3,157528",74,262144,2048
"3,171293",75,262144,2048
"3,230132",76,262144,2048
"3,152932",77,262144,2048
"3,246505",78,262144,2048
"3,186461",79,262144,2048
"3,250517",80,262144,2048
"3,192467",81,262144,2048
"3,201038",82,262144,2048
"3,24618",83,262144,2048
"3,183435",84,262144,2048
"3,221235",85,262144,2048
"3,178865",86,262144,2048
"3,260464",87,262144,2048
"3,261954",88,262144,2048
"3,160238",89,262144,2048
"3,237049",90,262144,2048
"3,264649",91,262144,2048
"3,16882",92,262144,2048
"3,164339",93,262144,2048
"3,266318",94,262144,2048
"3,169052",95,262144,2048
"3,245588",96,262144,2048
"3,161114",97,262144,2048
"3,222877",98,262144,2048
"3,166741",99,262144,2048
"26,840285",0,4096,262144
"22,972803",1,4096,262144
"23,19944",2,4096,262144
"19,891709",3,4096,262144
"19,747201",4,4096,262144
"19,839172",5,4096,262144
"19,930497",6,4096,262144
"20,027686",7,4096,262144
"19,741325",8,4096,262144
"20,269152",9,4096,262144
"20,276112",10,4096,262144
"20,561023",11,4096,262144
"20,382309",12,4096,262144
"20,148067",13,4096,262144
"20,422633",14,4096,262144
"20,775375",15,4096,262144
"20,601937",16,4096,262144
"20,528245",17,4096,262144
"21,283675",18,4096,262144
"20,790074",19,4096,262144
"20,751093",20,4096,262144
"20,918291",21,4096,262144
"20,843022",22,4096,262144
"20,692511",23,4096,262144
"20,272954",24,4096,262144
"20,672855",25,4096,262144
"21,10276",26,4096,262144
"21,257371",27,4096,262144
"21,307916",28,4096,262144
"21,444451",29,4096,262144
"20,897601",30,4096,262144
"21,48428",31,4096,262144
"21,249923",32,4096,262144
"20,768907",33,4096,262144
"21,320193",34,4096,262144
"21,829782",35,4096,262144
"21,373342",36,4096,262144
"20,437467",37,4096,262144
"20,768535",38,4096,262144
"21,519938",39,4096,262144
"20,83938",40,4096,262144
"20,149305",41,4096,262144
"22,178412",42,4096,262144
"21,474658",43,4096,262144
"22,209048",44,4096,262144
"20,937964",45,4096,262144
"20,878919",46,4096,262144
"19,868035",47,4096,262144
"27,784226",48,4096,262144
"26,144003",49,4096,262144
"25,487402",50,4096,262144
"21,678002",51,4096,262144
"22,768685",52,4096,262144
"21,775562",53,4096,262144
"21,514479",54,4096,262144
"21,665356",55,4096,262144
"23,348174",56,4096,262144
"25,097782",57,4096,262144
"22,639237",58,4096,262144
"21,850372",59,4096,262144
"23,1766",60,4096,262144
"22,391557",61,4096,262144
"23,345693",62,4096,262144
"21,700816",63,4096,262144
"21,972154",64,4096,262144
"23,185285",65,4096,262144
"21,865672",66,4096,262144
"21,698506",67,4096,262144
"22,3374",68,4096,262144
"22,124782",69,4096,262144
"22,265653",70,4096,262144
"22,766386",71,4096,262144
"21,773896",72,4096,262144
"22,710991",73,4096,262144
"21,580695",74,4096,262144
"22,302356",75,4096,262144
"22,926383",76,4096,262144
"21,827789",77,4096,262144
"22,512033",78,4096,262144
"21,535156",79,4096,262144
"21,861546",80,4096,262144
"22,007635",81,4096,262144
"21,818161",82,4096,262144
"22,399652",83,4096,262144
"29,626292",84,4096,262144
"22,35786",85,4096,262144
"22,275431",86,4096,262144
"21,407055",87,4096,262144
"21,876152",88,4096,262144
"21,164289",89,4096,262144
"21,761732",90,4096,262144
"21,961258",91,4096,262144
"21,376754",92,4096,262144
"21,266992",93,4096,262144
"22,108623",94,4096,262144
"21,636034",95,4096,262144
"21,602656",96,4096,262144
"22,157402",97,4096,262144
"22,568314",98,4096,262144
"22,265327",99,4096,262144
"21,558588",0,8192,131072
"21,884291",1,8192,131072
"21,840309",2,8192,131072
"22,176335",3,8192,131072
"21,793291",4,8192,131072
"22,17757",5,8192,131072
"21,964131",6,8192,131072
"36,806139",7,8192,131072
"22,232827",8,8192,131072
"21,533816",9,8192,131072
"37,286266",10,8192,131072
"21,548759",11,8192,131072
"22,346593",12,8192,131072
"22,153982",13,8192,131072
"38,573664",14,8192,131072
"21,254061",15,8192,131072
"21,148374",16,8192,131072
"21,862966",17,8192,131072
"21,625332",18,8192,131072
"21,827443",19,8192,131072
"21,821769",20,8192,131072
"20,945896",21,8192,131072
"21,606302",22,8192,131072
"22,661835",23,8192,131072
"22,139699",24,8192,131072
"21,916785",25,8192,131072
"21,78655",26,8192,131072
"21,68437",27,8192,131072
"23,178957",28,8192,131072
"22,087399",29,8192,131072
"22,583117",30,8192,131072
"21,838474",31,8192,131072
"22,052884",32,8192,131072
"21,698825",33,8192,131072
"21,493821",34,8192,131072
"22,0405",35,8192,131072
"21,329861",36,8192,131072
"22,610061",37,8192,131072
"21,781359",38,8192,131072
"21,510504",39,8192,131072
"21,680102",40,8192,131072
"23,032381",41,8192,131072
"21,720858",42,8192,131072
"21,789538",43,8192,131072
"22,562293",44,8192,131072
"21,419648",45,8192,131072
"21,571016",46,8192,131072
"22,199034",47,8192,131072
"21,674704",48,8192,131072
"21,662673",49,8192,131072
"21,682802",50,8192,131072
"21,196647",51,8192,131072
"21,418573",52,8192,131072
"20,983611",53,8192,131072
"21,794226",54,8192,131072
"22,145791",55,8192,131072
"21,634407",56,8192,131072
"21,419191",57,8192,131072
"21,354764",58,8192,131072
"21,185613",59,8192,131072
"21,155254",60,8192,131072
"21,609511",61,8192,131072
"22,065321",62,8192,131072
"21,424013",63,8192,131072
"22,239993",64,8192,131072
"21,452489",65,8192,131072
"21,38907",66,8192,131072
"22,709447",67,8192,131072
"21,763109",68,8192,131072
"21,830668",69,8192,131072
"22,22208",70,8192,131072
"21,47421",71,8192,131072
"21,074972",72,8192,131072
"21,861059",73,8192,131072
"21,391146",74,8192,131072
"21,000007",75,8192,131072
"21,426097",76,8192,131072
"21,77437",77,8192,131072
"21,590972",78,8192,131072
"21,50823",79,8192,131072
"21,226502",80,8192,131072
"21,702941",81,8192,131072
"21,007457",82,8192,131072
"21,479632",83,8192,131072
"21,667154",84,8192,131072
"21,932184",85,8192,131072
"21,840623",86,8192,131072
"21,79889",87,8192,131072
"21,653046",88,8192,131072
"21,614857",89,8192,131072
"21,427895",90,8192,131072
"21,966812",91,8192,131072
"21,102689",92,8192,131072
"21,735726",93,8192,131072
"21,332109",94,8192,131072
"21,520419",95,8192,131072
"21,795293",96,8192,131072
"21,303714",97,8192,131072
"21,068069",98,8192,131072
"22,502806",99,8192,131072
"22,904538",0,16384,65536
"22,500168",1,16384,65536
"22,039322",2,16384,65536
"21,476336",3,16384,65536
"21,611881",4,16384,65536
"23,70889",5,16384,65536
"21,728623",6,16384,65536
"21,187772",7,16384,65536
"21,3299",8,16384,65536
"21,338781",9,16384,65536
"21,474065",10,16384,65536
"21,849708",11,16384,65536
"21,877983",12,16384,65536
"21,476051",13,16384,65536
"21,123309",14,16384,65536
"23,99311",15,16384,65536
"21,389682",16,16384,65536
"27,344392",17,16384,65536
"22,463905",18,16384,65536
"22,017739",19,16384,65536
"22,25027",20,16384,65536
"21,531332",21,16384,65536
"22,030798",22,16384,65536
"21,581738",23,16384,65536
"21,796531",24,16384,65536
"22,64687",25,16384,65536
"29,091555",26,16384,65536
"21,556465",27,16384,65536
"21,93698",28,16384,65536
"22,100761",29,16384,65536
"21,656767",30,16384,65536
"21,452196",31,16384,65536
"21,412958",32,16384,65536
"21,84193",33,16384,65536
"21,686126",34,16384,65536
"21,987019",35,16384,65536
"21,484051",36,16384,65536
"21,65983",37,16384,65536
"21,435614",38,16384,65536
"22,201319",39,16384,65536
"21,923501",40,16384,65536
"22,269464",41,16384,65536
"21,811039",42,16384,65536
"21,940827",43,16384,65536
"21,407549",44,16384,65536
"21,768563",45,16384,65536
"21,450077",46,16384,65536
"22,200177",47,16384,65536
"22,710251",48,16384,65536
"23,089775",49,16384,65536
"21,490887",50,16384,65536
"21,454436",51,16384,65536
"21,035239",52,16384,65536
"21,540384",53,16384,65536
"21,373779",54,16384,65536
"22,002192",55,16384,65536
"21,764687",56,16384,65536
"21,551728",57,16384,65536
"21,458747",58,16384,65536
"20,746676",59,16384,65536
"21,302212",60,16384,65536
"21,710127",61,16384,65536
"30,333874",62,16384,65536
"31,331173",63,16384,65536
"21,624523",64,16384,65536
"21,953274",65,16384,65536
"22,433827",66,16384,65536
"22,216153",67,16384,65536
"21,872129",68,16384,65536
"22,109392",69,16384,65536
"22,030655",70,16384,65536
"22,153601",71,16384,65536
"22,403716",72,16384,65536
"22,233921",73,16384,65536
"21,724614",74,16384,65536
"21,734775",75,16384,65536
"21,804672",76,16384,65536
"21,981247",77,16384,65536
"22,95485",78,16384,65536
"22,422847",79,16384,65536
"21,625564",80,16384,65536
"21,821353",81,16384,65536
"22,018935",82,16384,65536
"21,941036",83,16384,65536
"21,540957",84,16384,65536
"22,056942",85,16384,65536
"21,656329",86,16384,65536
"21,672313",87,16384,65536
"22,313695",88,16384,65536
"21,943951",89,16384,65536
"22,514864",90,16384,65536
"21,780125",91,16384,65536
"21,385987",92,16384,65536
"22,14843",93,16384,65536
"22,331843",94,16384,65536
"21,340848",95,16384,65536
"22,030815",96,16384,65536
"21,79773",97,16384,65536
"21,4633",98,16384,65536
"21,862955",99,16384,65536
"21,546195",0,32768,32768
"21,694173",1,32768,32768
"21,261589",2,32768,32768
"21,253616",3,32768,32768
"22,693664",4,32768,32768
"30,038617",5,32768,32768
"22,094263",6,32768,32768
"21,239148",7,32768,32768
"21,250011",8,32768,32768
"21,287968",9,32768,32768
"21,670594",10,32768,32768
"21,146707",11,32768,32768
"21,918901",12,32768,32768
"21,234231",13,32768,32768
"21,724481",14,32768,32768
"21,798965",15,32768,32768
"21,396955",16,32768,32768
"21,894347",17,32768,32768
"39,368529",18,32768,32768
"21,929385",19,32768,32768
"21,119569",20,32768,32768
"21,487366",21,32768,32768
"21,781908",22,32768,32768
"21,437022",23,32768,32768
"22,340723",24,32768,32768
"22,175324",25,32768,32768
"21,747443",26,32768,32768
"21,201366",27,32768,32768
"21,586458",28,32768,32768
"21,563305",29,32768,32768
"21,386376",30,32768,32768
"22,002398",31,32768,32768
"21,155561",32,32768,32768
"21,455788",33,32768,32768
"21,043826",34,32768,32768
"21,131196",35,32768,32768
"21,139099",36,32768,32768
"21,746029",37,32768,32768
"21,396255",38,32768,32768
"21,435752",39,32768,32768
"21,644012",40,32768,32768
"21,552762",41,32768,32768
"22,152973",42,32768,32768
"21,973641",43,32768,32768
"21,191439",44,32768,32768
"21,395226",45,32768,32768
"22,301315",46,32768,32768
"22,424929",47,32768,32768
"21,548004",48,32768,32768
"21,631846",49,32768,32768
"22,080686",50,32768,32768
"21,143551",51,32768,32768
"21,101704",52,32768,32768
"21,690383",53,32768,32768
"21,091863",54,32768,32768
"22,283297",55,32768,32768
"21,955003",56,32768,32768
"21,406889",57,32768,32768
"21,265217",58,32768,32768
"21,85739",59,32768,32768
"21,544361",60,32768,32768
"22,018403",61,32768,32768
"24,254858",62,32768,32768
"22,63358",63,32768,32768
"21,721892",64,32768,32768
"21,680957",65,32768,32768
"21,253942",66,32768,32768
"22,189572",67,32768,32768
"21,814757",68,32768,32768
"21,968973",69,32768,32768
"21,539264",70,32768,32768
"21,604785",71,32768,32768
"22,073037",72,32768,32768
"23,385127",73,32768,32768
"22,127254",74,32768,32768
"22,2561",75,32768,32768
"26,683892",76,32768,32768
"22,209303",77,32768,32768
"21,749907",78,32768,32768
"22,100377",79,32768,32768
"20,946459",80,32768,32768
"22,078306",81,32768,32768
"21,233988",82,32768,32768
"21,3446",83,32768,32768
"21,56121",84,32768,32768
"21,567322",85,32768,32768
"21,265165",86,32768,32768
"22,083793",87,32768,32768
"21,434058",88,32768,32768
"21,103042",89,32768,32768
"21,254557",90,32768,32768
"22,12823",91,32768,32768
"22,550528",92,32768,32768
"21,246516",93,32768,32768
"21,431849",94,32768,32768
"21,961681",95,32768,32768
"21,392228",96,32768,32768
"21,689079",97,32768,32768
"21,392737",98,32768,32768
"21,51548",99,32768,32768
"21,813391",0,65536,16384
"22,531264",1,65536,16384
"21,765734",2,65536,16384
"21,777249",3,65536,16384
"21,482612",4,65536,16384
"22,160036",5,65536,16384
"21,947238",6,65536,16384
"22,152619",7,65536,16384
"21,488905",8,65536,16384
"21,555053",9,65536,16384
"22,227455",10,65536,16384
"22,759423",11,65536,16384
"21,389336",12,65536,16384
"21,881538",13,65536,16384
"21,311349",14,65536,16384
"21,535928",15,65536,16384
"21,633764",16,65536,16384
"21,718352",17,65536,16384
"21,129288",18,65536,16384
"21,837848",19,65536,16384
"21,56929",20,65536,16384
"22,454609",21,65536,16384
"34,798416",22,65536,16384
"22,217303",23,65536,16384
"22,097253",24,65536,16384
"21,661546",25,65536,16384
"21,821876",26,65536,16384
"27,913421",27,65536,16384
"21,549265",28,65536,16384
"20,991157",29,65536,16384
"21,731239",30,65536,16384
"21,233164",31,65536,16384
"21,19085",32,65536,16384
"21,304926",33,65536,16384
"21,166923",34,65536,16384
"21,359028",35,65536,16384
"22,405232",36,65536,16384
"21,843152",37,65536,16384
"21,634732",38,65536,16384
"21,167077",39,65536,16384
"21,466951",40,65536,16384
"21,553747",41,65536,16384
"21,472795",42,65536,16384
"21,694049",43,65536,16384
"21,822591",44,65536,16384
"21,453587",45,65536,16384
"21,728575",46,65536,16384
"21,574069",47,65536,16384
"23,681015",48,65536,16384
"21,722009",49,65536,16384
"22,195664",50,65536,16384
"21,733032",51,65536,16384
"21,710185",52,65536,16384
"21,655447",53,65536,16384
"21,335913",54,65536,16384
"21,392682",55,65536,16384
"22,62937",56,65536,16384
"22,254733",57,65536,16384
"19,906708",58,65536,16384
"23,828899",59,65536,16384
"24,732429",60,65536,16384
"21,658387",61,65536,16384
"23,423577",62,65536,16384
"26,73704",63,65536,16384
"21,614805",64,65536,16384
"21,864932",65,65536,16384
"21,997359",66,65536,16384
"25,216725",67,65536,16384
"22,107192",68,65536,16384
"22,438367",69,65536,16384
"22,541852",70,65536,16384
"21,534993",71,65536,16384
"21,942458",72,65536,16384
"23,438892",73,65536,16384
"21,814936",74,65536,16384
"21,353851",75,65536,16384
"21,494651",76,65536,16384
"22,335817",77,65536,16384
"21,461563",78,65536,16384
"22,216988",79,65536,16384
"22,007735",80,65536,16384
"22,441499",81,65536,16384
"21,5553",82,65536,16384
"22,221476",83,65536,16384
"21,715963",84,65536,16384
"21,684527",85,65536,16384
"21,534901",86,65536,16384
"22,789149",87,65536,16384
"23,189747",88,65536,16384
"21,631627",89,65536,16384
"21,234386",90,65536,16384
"21,016085",91,65536,16384
"21,400575",92,65536,16384
"21,904458",93,65536,16384
"22,014827",94,65536,16384
"21,541635",95,65536,16384
"22,185738",96,65536,16384
"21,622888",97,65536,16384
"21,536475",98,65536,16384
"20,71679",99,65536,16384
"23,219329",0,131072,8192
"21,527583",1,131072,8192
"20,87197",2,131072,8192
"21,383277",3,131072,8192
"22,351923",4,131072,8192
"21,775636",5,131072,8192
"21,48561",6,131072,8192
"21,397268",7,131072,8192
"21,290147",8,131072,8192
"35,715563",9,131072,8192
"22,505702",10,131072,8192
"21,852717",11,131072,8192
"21,607137",12,131072,8192
"21,253353",13,131072,8192
"20,483237",14,131072,8192
"21,692098",15,131072,8192
"20,932727",16,131072,8192
"21,625262",17,131072,8192
"21,5788",18,131072,8192
"21,7429",19,131072,8192
"21,604733",20,131072,8192
"21,550106",21,131072,8192
"21,315113",22,131072,8192
"21,676737",23,131072,8192
"21,872144",24,131072,8192
"21,57906",25,131072,8192
"21,368807",26,131072,8192
"36,752071",27,131072,8192
"21,138092",28,131072,8192
"38,933485",29,131072,8192
"37,167582",30,131072,8192
"21,801568",31,131072,8192
"20,985531",32,131072,8192
"21,942401",33,131072,8192
"21,944163",34,131072,8192
"21,530098",35,131072,8192
"22,341936",36,131072,8192
"21,27993",37,131072,8192
"21,320036",38,131072,8192
"21,357399",39,131072,8192
"21,942377",40,131072,8192
"22,265647",41,131072,8192
"21,92063",42,131072,8192
"21,369619",43,131072,8192
"20,803116",44,131072,8192
"21,895641",45,131072,8192
"23,038374",46,131072,8192
"21,521349",47,131072,8192
"22,385744",48,131072,8192
"22,640164",49,131072,8192
"25,523863",50,131072,8192
"21,772346",51,131072,8192
"21,285282",52,131072,8192
"21,405027",53,131072,8192
"22,081864",54,131072,8192
"21,490311",55,131072,8192
"22,398476",56,131072,8192
"21,269529",57,131072,8192
"21,907457",58,131072,8192
"21,291994",59,131072,8192
"21,42971",60,131072,8192
"21,563795",61,131072,8192
"21,788516",62,131072,8192
"42,073194",63,131072,8192
"21,391836",64,131072,8192
"21,423108",65,131072,8192
"21,496804",66,131072,8192
"22,034532",67,131072,8192
"22,129061",68,131072,8192
"22,634336",69,131072,8192
"21,026267",70,131072,8192
"21,388543",71,131072,8192
"22,217985",72,131072,8192
"22,100892",73,131072,8192
"22,038126",74,131072,8192
"21,714552",75,131072,8192
"21,61575",76,131072,8192
"21,765788",77,131072,8192
"21,839209",78,131072,8192
"21,962397",79,131072,8192
"21,302025",80,131072,8192
"21,641525",81,131072,8192
"21,658127",82,131072,8192
"21,12177",83,131072,8192
"21,842414",84,131072,8192
"21,76316",85,131072,8192
"22,053277",86,131072,8192
"23,573255",87,131072,8192
"21,848315",88,131072,8192
"21,915807",89,131072,8192
"23,332887",90,131072,8192
"21,696137",91,131072,8192
"21,714857",92,131072,8192
"21,757469",93,131072,8192
"24,701903",94,131072,8192
"22,134015",95,131072,8192
"22,159125",96,131072,8192
"21,73209",97,131072,8192
"21,51615",98,131072,8192
"22,054934",99,131072,8192
"22,604105",0,262144,4096
"24,406908",1,262144,4096
"22,116026",2,262144,4096
"22,204272",3,262144,4096
"21,475019",4,262144,4096
"21,953029",5,262144,4096
"23,319707",6,262144,4096
"22,017942",7,262144,4096
"21,894417",8,262144,4096
"23,245305",9,262144,4096
"21,599839",10,262144,4096
"21,945194",11,262144,4096
"21,753256",12,262144,4096
"21,452251",13,262144,4096
"22,459017",14,262144,4096
"21,629708",15,262144,4096
"21,721339",16,262144,4096
"21,631809",17,262144,4096
"21,936842",18,262144,4096
"22,176221",19,262144,4096
"22,369851",20,262144,4096
"22,563318",21,262144,4096
"21,146779",22,262144,4096
"21,336117",23,262144,4096
"21,657112",24,262144,4096
"21,774433",25,262144,4096
"21,961052",26,262144,4096
"21,896679",27,262144,4096
"21,964461",28,262144,4096
"28,445254",29,262144,4096
"21,424629",30,262144,4096
"21,76026",31,262144,4096
"21,762087",32,262144,4096
"20,730082",33,262144,4096
"23,218876",34,262144,4096
"21,709243",35,262144,4096
"23,376753",36,262144,4096
"22,203659",37,262144,4096
"22,678321",38,262144,4096
"22,056833",39,262144,4096
"21,622484",40,262144,4096
"21,939175",41,262144,4096
"22,645717",42,262144,4096
"27,422879",43,262144,4096
"22,625454",44,262144,4096
"21,92054",45,262144,4096
"22,102181",46,262144,4096
"21,569811",47,262144,4096
"21,83876",48,262144,4096
"21,622106",49,262144,4096
"22,043814",50,262144,4096
"21,407065",51,262144,4096
"21,558596",52,262144,4096
"21,321018",53,262144,4096
"22,247568",54,262144,4096
"22,036905",55,262144,4096
"21,561265",56,262144,4096
"21,65149",57,262144,4096
"21,325974",58,262144,4096
"21,6507",59,262144,4096
"21,540243",60,262144,4096
"22,169922",61,262144,4096
"22,913228",62,262144,4096
"21,33458",63,262144,4096
"21,725421",64,262144,4096
"20,952358",65,262144,4096
"23,169731",66,262144,4096
"21,091758",67,262144,4096
"21,3518",68,262144,4096
"22,861016",69,262144,4096
"21,847368",70,262144,4096
"21,734959",71,262144,4096
"21,676203",72,262144,4096
"21,289285",73,262144,4096
"21,403185",74,262144,4096
"21,775887",75,262144,4096
"21,335029",76,262144,4096
"25,977653",77,262144,4096
"21,900302",78,262144,4096
"22,759598",79,262144,4096
"21,54706",80,262144,4096
"42,669493",81,262144,4096
"21,21982",82,262144,4096
"21,974271",83,262144,4096
"22,412215",84,262144,4096
"21,7486",85,262144,4096
"21,659488",86,262144,4096
"22,669905",87,262144,4096
"24,715607",88,262144,4096
"23,55854",89,262144,4096
"22,798794",90,262144,4096
"23,58757",91,262144,4096
"22,712858",92,262144,4096
"22,307488",93,262144,4096
"21,94373",94,262144,4096
"22,241673",95,262144,4096
"21,823997",96,262144,4096
"22,687484",97,262144,4096
"21,950263",98,262144,4096
"22,958617",99,262144,4096
"26,23798",0,524288,2048
"23,133176",1,524288,2048
"22,711149",2,524288,2048
"22,245045",3,524288,2048
"21,86911",4,524288,2048
"22,017907",5,524288,2048
"21,961679",6,524288,2048
"21,809912",7,524288,2048
"21,936531",8,524288,2048
"21,65237",9,524288,2048
"34,01606",10,524288,2048
"22,360772",11,524288,2048
"21,557875",12,524288,2048
"21,667784",13,524288,2048
"21,781922",14,524288,2048
"22,030945",15,524288,2048
"21,687072",16,524288,2048
"21,456875",17,524288,2048
"21,163663",18,524288,2048
"21,700788",19,524288,2048
"21,484469",20,524288,2048
"21,65456",21,524288,2048
"21,134552",22,524288,2048
"21,537375",23,524288,2048
"22,374503",24,524288,2048
"21,540827",25,524288,2048
"21,530501",26,524288,2048
"22,784243",27,524288,2048
"21,654385",28,524288,2048
"21,333661",29,524288,2048
"21,989414",30,524288,2048
"22,381481",31,524288,2048
"22,227015",32,524288,2048
"21,927957",33,524288,2048
"21,970394",34,524288,2048
"21,477345",35,524288,2048
"21,473084",36,524288,2048
"21,908493",37,524288,2048
"21,610591",38,524288,2048
"21,544415",39,524288,2048
"22,184527",40,524288,2048
"21,840265",41,524288,2048
"21,877839",42,524288,2048
"21,910834",43,524288,2048
"21,884908",44,524288,2048
"21,983193",45,524288,2048
"27,850905",46,524288,2048
"21,901868",47,524288,2048
"21,973316",48,524288,2048
"22,328585",49,524288,2048
"21,411597",50,524288,2048
"22,056862",51,524288,2048
"21,782887",52,524288,2048
"21,642529",53,524288,2048
"21,167294",54,524288,2048
"21,863962",55,524288,2048
"21,659685",56,524288,2048
"21,62548",57,524288,2048
"21,359319",58,524288,2048
"22,715582",59,524288,2048
"21,559896",60,524288,2048
"21,092117",61,524288,2048
"21,575401",62,524288,2048
"21,207908",63,524288,2048
"21,635369",64,524288,2048
"21,999571",65,524288,2048
"23,033566",66,524288,2048
"21,928822",67,524288,2048
"21,963454",68,524288,2048
"21,954381",69,524288,2048
"21,58074",70,524288,2048
"21,979377",71,524288,2048
"22,076768",72,524288,2048
"21,779984",73,524288,2048
"22,596198",74,524288,2048
"22,348424",75,524288,2048
"21,914681",76,524288,2048
"25,861654",77,524288,2048
"22,47682",78,524288,2048
"21,515847",79,524288,2048
"21,514163",80,524288,2048
"21,459132",81,524288,2048
"21,421662",82,524288,2048
"21,799115",83,524288,2048
"21,410757",84,524288,2048
"22,931078",85,524288,2048
"21,605834",86,524288,2048
"22,036508",87,524288,2048
"22,328017",88,524288,2048
"21,515591",89,524288,2048
"20,95151",90,524288,2048
"21,918293",91,524288,2048
"21,313227",92,524288,2048
"21,741429",93,524288,2048
"21,449376",94,524288,2048
"24,385087",95,524288,2048
"22,26152",96,524288,2048
"21,846399",97,524288,2048
"21,228022",98,524288,2048
"21,747635",99,524288,2048
