output,repetition,arg1,arg2
"0,00057",0,16,2048
"0,000595",1,16,2048
"0,000584",2,16,2048
"0,000563",3,16,2048
"0,000582",4,16,2048
"0,000565",5,16,2048
"0,000571",6,16,2048
"0,000578",7,16,2048
"0,000569",8,16,2048
"0,000579",9,16,2048
"0,000572",10,16,2048
"0,000573",11,16,2048
"0,00058",12,16,2048
"0,000581",13,16,2048
"0,000587",14,16,2048
"0,00058",15,16,2048
"0,000567",16,16,2048
"0,000606",17,16,2048
"0,000559",18,16,2048
"0,0006",19,16,2048
"0,000575",20,16,2048
"0,000569",21,16,2048
"0,000566",22,16,2048
"0,000587",23,16,2048
"0,00057",24,16,2048
"0,000567",25,16,2048
"0,000586",26,16,2048
"0,000586",27,16,2048
"0,000569",28,16,2048
"0,000585",29,16,2048
"0,000572",30,16,2048
"0,000589",31,16,2048
"0,000577",32,16,2048
"0,000559",33,16,2048
"0,00057",34,16,2048
"0,000578",35,16,2048
"0,000579",36,16,2048
"0,000588",37,16,2048
"0,000581",38,16,2048
"0,000606",39,16,2048
"0,000563",40,16,2048
"0,000588",41,16,2048
"0,00058",42,16,2048
"0,000579",43,16,2048
"0,000583",44,16,2048
"0,00061",45,16,2048
"0,000592",46,16,2048
"0,00057",47,16,2048
"0,000594",48,16,2048
"0,000579",49,16,2048
"0,000593",50,16,2048
"0,000593",51,16,2048
"0,000559",52,16,2048
"0,000584",53,16,2048
"0,000592",54,16,2048
"0,00056",55,16,2048
"0,000581",56,16,2048
"0,000575",57,16,2048
"0,000565",58,16,2048
"0,000571",59,16,2048
"0,000578",60,16,2048
"0,000576",61,16,2048
"0,000574",62,16,2048
"0,000635",63,16,2048
"0,000584",64,16,2048
"0,000569",65,16,2048
"0,000587",66,16,2048
"0,000575",67,16,2048
"0,000567",68,16,2048
"0,00058",69,16,2048
"0,000565",70,16,2048
"0,000576",71,16,2048
"0,000578",72,16,2048
"0,000579",73,16,2048
"0,000591",74,16,2048
"0,000586",75,16,2048
"0,000567",76,16,2048
"0,000577",77,16,2048
"0,00061",78,16,2048
"0,000582",79,16,2048
"0,000583",80,16,2048
"0,000586",81,16,2048
"0,000577",82,16,2048
"0,000588",83,16,2048
"0,000572",84,16,2048
"0,000583",85,16,2048
"0,000591",86,16,2048
"0,000565",87,16,2048
"0,000567",88,16,2048
"0,000581",89,16,2048
"0,000578",90,16,2048
"0,000573",91,16,2048
"0,000587",92,16,2048
"0,000585",93,16,2048
"0,000572",94,16,2048
"0,000563",95,16,2048
"0,000581",96,16,2048
"0,000585",97,16,2048
"0,00059",98,16,2048
"0,00059",99,16,2048
"0,000577",0,32,1024
"0,000558",1,32,1024
"0,000579",2,32,1024
"0,000572",3,32,1024
"0,000583",4,32,1024
"0,000566",5,32,1024
"0,000569",6,32,1024
"0,000578",7,32,1024
"0,000583",8,32,1024
"0,000572",9,32,1024
"0,00058",10,32,1024
"0,000585",11,32,1024
"0,000565",12,32,1024
"0,000579",13,32,1024
"0,000584",14,32,1024
"0,000608",15,32,1024
"0,000563",16,32,1024
"0,000587",17,32,1024
"0,000575",18,32,1024
"0,000568",19,32,1024
"0,000588",20,32,1024
"0,000563",21,32,1024
"0,000566",22,32,1024
"0,00058",23,32,1024
"0,000569",24,32,1024
"0,000564",25,32,1024
"0,000571",26,32,1024
"0,000561",27,32,1024
"0,000586",28,32,1024
"0,000569",29,32,1024
"0,000557",30,32,1024
"0,00057",31,32,1024
"0,000559",32,32,1024
"0,000579",33,32,1024
"0,000584",34,32,1024
"0,000565",35,32,1024
"0,000581",36,32,1024
"0,00057",37,32,1024
"0,000583",38,32,1024
"0,000582",39,32,1024
"0,000594",40,32,1024
"0,000566",41,32,1024
"0,000579",42,32,1024
"0,000566",43,32,1024
"0,000576",44,32,1024
"0,000582",45,32,1024
"0,000572",46,32,1024
"0,000564",47,32,1024
"0,000579",48,32,1024
"0,00059",49,32,1024
"0,000571",50,32,1024
"0,000582",51,32,1024
"0,000589",52,32,1024
"0,000564",53,32,1024
"0,000582",54,32,1024
"0,000571",55,32,1024
"0,000654",56,32,1024
"0,000589",57,32,1024
"0,000583",58,32,1024
"0,000568",59,32,1024
"0,00059",60,32,1024
"0,000578",61,32,1024
"0,000567",62,32,1024
"0,000565",63,32,1024
"0,000584",64,32,1024
"0,00057",65,32,1024
"0,000592",66,32,1024
"0,000584",67,32,1024
"0,000579",68,32,1024
"0,000573",69,32,1024
"0,000579",70,32,1024
"0,000573",71,32,1024
"0,000563",72,32,1024
"0,000574",73,32,1024
"0,000573",74,32,1024
"0,000589",75,32,1024
"0,000587",76,32,1024
"0,000739",77,32,1024
"0,000574",78,32,1024
"0,000593",79,32,1024
"0,000586",80,32,1024
"0,00057",81,32,1024
"0,00059",82,32,1024
"0,00058",83,32,1024
"0,000576",84,32,1024
"0,000584",85,32,1024
"0,00058",86,32,1024
"0,000565",87,32,1024
"0,000594",88,32,1024
"0,00057",89,32,1024
"0,000578",90,32,1024
"0,000594",91,32,1024
"0,000562",92,32,1024
"0,000581",93,32,1024
"0,000588",94,32,1024
"0,000574",95,32,1024
"0,00058",96,32,1024
"0,000581",97,32,1024
"0,000558",98,32,1024
"0,000572",99,32,1024
"0,000575",0,64,512
"0,000574",1,64,512
"0,000557",2,64,512
"0,000574",3,64,512
"0,000587",4,64,512
"0,000574",5,64,512
"0,000571",6,64,512
"0,000585",7,64,512
"0,000572",8,64,512
"0,000576",9,64,512
"0,000579",10,64,512
"0,000578",11,64,512
"0,000571",12,64,512
"0,000576",13,64,512
"0,000576",14,64,512
"0,000566",15,64,512
"0,000583",16,64,512
"0,000563",17,64,512
"0,000587",18,64,512
"0,000573",19,64,512
"0,000579",20,64,512
"0,000571",21,64,512
"0,000582",22,64,512
"0,000562",23,64,512
"0,000571",24,64,512
"0,000592",25,64,512
"0,000565",26,64,512
"0,000571",27,64,512
"0,000594",28,64,512
"0,000568",29,64,512
"0,000571",30,64,512
"0,000577",31,64,512
"0,000589",32,64,512
"0,00056",33,64,512
"0,000569",34,64,512
"0,000589",35,64,512
"0,000582",36,64,512
"0,000572",37,64,512
"0,000578",38,64,512
"0,000575",39,64,512
"0,000574",40,64,512
"0,000594",41,64,512
"0,000566",42,64,512
"0,000578",43,64,512
"0,00057",44,64,512
"0,000585",45,64,512
"0,000569",46,64,512
"0,000581",47,64,512
"0,000572",48,64,512
"0,000575",49,64,512
"0,000582",50,64,512
"0,000571",51,64,512
"0,000564",52,64,512
"0,000586",53,64,512
"0,00057",54,64,512
"0,000571",55,64,512
"0,000592",56,64,512
"0,000567",57,64,512
"0,00059",58,64,512
"0,000589",59,64,512
"0,000584",60,64,512
"0,000572",61,64,512
"0,000581",62,64,512
"0,000563",63,64,512
"0,000585",64,64,512
"0,000585",65,64,512
"0,000562",66,64,512
"0,000576",67,64,512
"0,000584",68,64,512
"0,000572",69,64,512
"0,000582",70,64,512
"0,000568",71,64,512
"0,00058",72,64,512
"0,000573",73,64,512
"0,000559",74,64,512
"0,00057",75,64,512
"0,000578",76,64,512
"0,000567",77,64,512
"0,000587",78,64,512
"0,000559",79,64,512
"0,000575",80,64,512
"0,000572",81,64,512
"0,000576",82,64,512
"0,00057",83,64,512
"0,000584",84,64,512
"0,000583",85,64,512
"0,000567",86,64,512
"0,000747",87,64,512
"0,00056",88,64,512
"0,000581",89,64,512
"0,000591",90,64,512
"0,000561",91,64,512
"0,000571",92,64,512
"0,000589",93,64,512
"0,000572",94,64,512
"0,000586",95,64,512
"0,000577",96,64,512
"0,000584",97,64,512
"0,000573",98,64,512
"0,000605",99,64,512
"0,000576",0,128,256
"0,000583",1,128,256
"0,000572",2,128,256
"0,000577",3,128,256
"0,000589",4,128,256
"0,00058",5,128,256
"0,000581",6,128,256
"0,00059",7,128,256
"0,000568",8,128,256
"0,000566",9,128,256
"0,00058",10,128,256
"0,000579",11,128,256
"0,000569",12,128,256
"0,000565",13,128,256
"0,000589",14,128,256
"0,000582",15,128,256
"0,000571",16,128,256
"0,000585",17,128,256
"0,000574",18,128,256
"0,000578",19,128,256
"0,000584",20,128,256
"0,000581",21,128,256
"0,00057",22,128,256
"0,000751",23,128,256
"0,000573",24,128,256
"0,000575",25,128,256
"0,000568",26,128,256
"0,000593",27,128,256
"0,000573",28,128,256
"0,000581",29,128,256
"0,000583",30,128,256
"0,000587",31,128,256
"0,000571",32,128,256
"0,000587",33,128,256
"0,000563",34,128,256
"0,00074",35,128,256
"0,000586",36,128,256
"0,00057",37,128,256
"0,000581",38,128,256
"0,000578",39,128,256
"0,00058",40,128,256
"0,000574",41,128,256
"0,000591",42,128,256
"0,000567",43,128,256
"0,000577",44,128,256
"0,000566",45,128,256
"0,000583",46,128,256
"0,000569",47,128,256
"0,000565",48,128,256
"0,000581",49,128,256
"0,000586",50,128,256
"0,000575",51,128,256
"0,000572",52,128,256
"0,000587",53,128,256
"0,000587",54,128,256
"0,000573",55,128,256
"0,000569",56,128,256
"0,000588",57,128,256
"0,000587",58,128,256
"0,000589",59,128,256
"0,000573",60,128,256
"0,000586",61,128,256
"0,000582",62,128,256
"0,00057",63,128,256
"0,000597",64,128,256
"0,000571",65,128,256
"0,000577",66,128,256
"0,000594",67,128,256
"0,000569",68,128,256
"0,000578",69,128,256
"0,000586",70,128,256
"0,000572",71,128,256
"0,000573",72,128,256
"0,00058",73,128,256
"0,000565",74,128,256
"0,000567",75,128,256
"0,000585",76,128,256
"0,000572",77,128,256
"0,000579",78,128,256
"0,000574",79,128,256
"0,000587",80,128,256
"0,000572",81,128,256
"0,000581",82,128,256
"0,000575",83,128,256
"0,000577",84,128,256
"0,000567",85,128,256
"0,000578",86,128,256
"0,000563",87,128,256
"0,000588",88,128,256
"0,000581",89,128,256
"0,000593",90,128,256
"0,000564",91,128,256
"0,000572",92,128,256
"0,000573",93,128,256
"0,000557",94,128,256
"0,000588",95,128,256
"0,000576",96,128,256
"0,000566",97,128,256
"0,000586",98,128,256
"0,000568",99,128,256
"0,000576",0,256,128
"0,000586",1,256,128
"0,000563",2,256,128
"0,000573",3,256,128
"0,000593",4,256,128
"0,000572",5,256,128
"0,000585",6,256,128
"0,000582",7,256,128
"0,000586",8,256,128
"0,000571",9,256,128
"0,000588",10,256,128
"0,000563",11,256,128
"0,000582",12,256,128
"0,000568",13,256,128
"0,000584",14,256,128
"0,000561",15,256,128
"0,000567",16,256,128
"0,000582",17,256,128
"0,00056",18,256,128
"0,000569",19,256,128
"0,000584",20,256,128
"0,000565",21,256,128
"0,000585",22,256,128
"0,000572",23,256,128
"0,000561",24,256,128
"0,000576",25,256,128
"0,000574",26,256,128
"0,000569",27,256,128
"0,000586",28,256,128
"0,000581",29,256,128
"0,000589",30,256,128
"0,000575",31,256,128
"0,000587",32,256,128
"0,000578",33,256,128
"0,00056",34,256,128
"0,000589",35,256,128
"0,000582",36,256,128
"0,00057",37,256,128
"0,000571",38,256,128
"0,000584",39,256,128
"0,000569",40,256,128
"0,000588",41,256,128
"0,00056",42,256,128
"0,000576",43,256,128
"0,000584",44,256,128
"0,000573",45,256,128
"0,000583",46,256,128
"0,000578",47,256,128
"0,000568",48,256,128
"0,000576",49,256,128
"0,000581",50,256,128
"0,000575",51,256,128
"0,000571",52,256,128
"0,000585",53,256,128
"0,000572",54,256,128
"0,000583",55,256,128
"0,000585",56,256,128
"0,000562",57,256,128
"0,000581",58,256,128
"0,000575",59,256,128
"0,000584",60,256,128
"0,000578",61,256,128
"0,00057",62,256,128
"0,000584",63,256,128
"0,000577",64,256,128
"0,000585",65,256,128
"0,000586",66,256,128
"0,000574",67,256,128
"0,000589",68,256,128
"0,000581",69,256,128
"0,000575",70,256,128
"0,000579",71,256,128
"0,000595",72,256,128
"0,000576",73,256,128
"0,00057",74,256,128
"0,000585",75,256,128
"0,000566",76,256,128
"0,000595",77,256,128
"0,000595",78,256,128
"0,000569",79,256,128
"0,000565",80,256,128
"0,000584",81,256,128
"0,000561",82,256,128
"0,000571",83,256,128
"0,000593",84,256,128
"0,000585",85,256,128
"0,000575",86,256,128
"0,000576",87,256,128
"0,000564",88,256,128
"0,000569",89,256,128
"0,000582",90,256,128
"0,00057",91,256,128
"0,000577",92,256,128
"0,000669",93,256,128
"0,00056",94,256,128
"0,000572",95,256,128
"0,000583",96,256,128
"0,00058",97,256,128
"0,000569",98,256,128
"0,000574",99,256,128
"0,000577",0,512,64
"0,000584",1,512,64
"0,000576",2,512,64
"0,000579",3,512,64
"0,000575",4,512,64
"0,000571",5,512,64
"0,00058",6,512,64
"0,000576",7,512,64
"0,000575",8,512,64
"0,000593",9,512,64
"0,000588",10,512,64
"0,000575",11,512,64
"0,000591",12,512,64
"0,000588",13,512,64
"0,000577",14,512,64
"0,000593",15,512,64
"0,000566",16,512,64
"0,000573",17,512,64
"0,000591",18,512,64
"0,000577",19,512,64
"0,000568",20,512,64
"0,000587",21,512,64
"0,000572",22,512,64
"0,000564",23,512,64
"0,00059",24,512,64
"0,000562",25,512,64
"0,000567",26,512,64
"0,00058",27,512,64
"0,000576",28,512,64
"0,00058",29,512,64
"0,000564",30,512,64
"0,000733",31,512,64
"0,000578",32,512,64
"0,000578",33,512,64
"0,000587",34,512,64
"0,000583",35,512,64
"0,000585",36,512,64
"0,000579",37,512,64
"0,000571",38,512,64
"0,000575",39,512,64
"0,000575",40,512,64
"0,00059",41,512,64
"0,000582",42,512,64
"0,000582",43,512,64
"0,000563",44,512,64
"0,000578",45,512,64
"0,000582",46,512,64
"0,000588",47,512,64
"0,000573",48,512,64
"0,000573",49,512,64
"0,000583",50,512,64
"0,000576",51,512,64
"0,00058",52,512,64
"0,000578",53,512,64
"0,000564",54,512,64
"0,000588",55,512,64
"0,000572",56,512,64
"0,000574",57,512,64
"0,000586",58,512,64
"0,000619",59,512,64
"0,000569",60,512,64
"0,000586",61,512,64
"0,000574",62,512,64
"0,000577",63,512,64
"0,000588",64,512,64
"0,000585",65,512,64
"0,00058",66,512,64
"0,00058",67,512,64
"0,000585",68,512,64
"0,000567",69,512,64
"0,000567",70,512,64
"0,000568",71,512,64
"0,000583",72,512,64
"0,000585",73,512,64
"0,000571",74,512,64
"0,000585",75,512,64
"0,000581",76,512,64
"0,000587",77,512,64
"0,000583",78,512,64
"0,000571",79,512,64
"0,000577",80,512,64
"0,000569",81,512,64
"0,00058",82,512,64
"0,000585",83,512,64
"0,000575",84,512,64
"0,000583",85,512,64
"0,000573",86,512,64
"0,00058",87,512,64
"0,000579",88,512,64
"0,000582",89,512,64
"0,000581",90,512,64
"0,000585",91,512,64
"0,000586",92,512,64
"0,000579",93,512,64
"0,000566",94,512,64
"0,000576",95,512,64
"0,000576",96,512,64
"0,000578",97,512,64
"0,000584",98,512,64
"0,000573",99,512,64
"0,000564",0,1024,32
"0,000574",1,1024,32
"0,000565",2,1024,32
"0,000586",3,1024,32
"0,000592",4,1024,32
"0,00058",5,1024,32
"0,000565",6,1024,32
"0,000583",7,1024,32
"0,000586",8,1024,32
"0,00057",9,1024,32
"0,000583",10,1024,32
"0,000586",11,1024,32
"0,000576",12,1024,32
"0,000567",13,1024,32
"0,000566",14,1024,32
"0,000576",15,1024,32
"0,000582",16,1024,32
"0,000573",17,1024,32
"0,00058",18,1024,32
"0,000568",19,1024,32
"0,000581",20,1024,32
"0,000583",21,1024,32
"0,00067",22,1024,32
"0,000579",23,1024,32
"0,000578",24,1024,32
"0,000581",25,1024,32
"0,000581",26,1024,32
"0,000559",27,1024,32
"0,000576",28,1024,32
"0,000582",29,1024,32
"0,000581",30,1024,32
"0,000566",31,1024,32
"0,00059",32,1024,32
"0,000583",33,1024,32
"0,000578",34,1024,32
"0,000578",35,1024,32
"0,000566",36,1024,32
"0,000574",37,1024,32
"0,000583",38,1024,32
"0,000575",39,1024,32
"0,00058",40,1024,32
"0,000582",41,1024,32
"0,000583",42,1024,32
"0,000592",43,1024,32
"0,000587",44,1024,32
"0,000573",45,1024,32
"0,000579",46,1024,32
"0,000583",47,1024,32
"0,00059",48,1024,32
"0,000581",49,1024,32
"0,00058",50,1024,32
"0,000573",51,1024,32
"0,00057",52,1024,32
"0,000573",53,1024,32
"0,000583",54,1024,32
"0,000579",55,1024,32
"0,000561",56,1024,32
"0,000579",57,1024,32
"0,000566",58,1024,32
"0,000584",59,1024,32
"0,000578",60,1024,32
"0,000575",61,1024,32
"0,000571",62,1024,32
"0,000583",63,1024,32
"0,000576",64,1024,32
"0,000581",65,1024,32
"0,000584",66,1024,32
"0,00058",67,1024,32
"0,000578",68,1024,32
"0,000581",69,1024,32
"0,000582",70,1024,32
"0,000576",71,1024,32
"0,00059",72,1024,32
"0,000573",73,1024,32
"0,000577",74,1024,32
"0,000596",75,1024,32
"0,00058",76,1024,32
"0,000571",77,1024,32
"0,000593",78,1024,32
"0,00058",79,1024,32
"0,000591",80,1024,32
"0,000583",81,1024,32
"0,000568",82,1024,32
"0,000579",83,1024,32
"0,00059",84,1024,32
"0,000574",85,1024,32
"0,00057",86,1024,32
"0,000586",87,1024,32
"0,000579",88,1024,32
"0,000588",89,1024,32
"0,000571",90,1024,32
"0,000568",91,1024,32
"0,00058",92,1024,32
"0,000567",93,1024,32
"0,000559",94,1024,32
"0,000566",95,1024,32
"0,000584",96,1024,32
"0,000571",97,1024,32
"0,000563",98,1024,32
"0,000577",99,1024,32
"0,000574",0,2048,16
"0,000578",1,2048,16
"0,000566",2,2048,16
"0,000576",3,2048,16
"0,000592",4,2048,16
"0,000564",5,2048,16
"0,000577",6,2048,16
"0,000578",7,2048,16
"0,000562",8,2048,16
"0,000588",9,2048,16
"0,000568",10,2048,16
"0,000582",11,2048,16
"0,000581",12,2048,16
"0,00058",13,2048,16
"0,000571",14,2048,16
"0,000585",15,2048,16
"0,000582",16,2048,16
"0,000568",17,2048,16
"0,000584",18,2048,16
"0,000579",19,2048,16
"0,000569",20,2048,16
"0,000593",21,2048,16
"0,00057",22,2048,16
"0,000567",23,2048,16
"0,000591",24,2048,16
"0,000572",25,2048,16
"0,000585",26,2048,16
"0,000586",27,2048,16
"0,000583",28,2048,16
"0,000574",29,2048,16
"0,000581",30,2048,16
"0,000569",31,2048,16
"0,000584",32,2048,16
"0,000555",33,2048,16
"0,00058",34,2048,16
"0,000571",35,2048,16
"0,000568",36,2048,16
"0,000585",37,2048,16
"0,000583",38,2048,16
"0,000578",39,2048,16
"0,00058",40,2048,16
"0,000571",41,2048,16
"0,000585",42,2048,16
"0,00059",43,2048,16
"0,000571",44,2048,16
"0,000573",45,2048,16
"0,000578",46,2048,16
"0,00058",47,2048,16
"0,000563",48,2048,16
"0,000586",49,2048,16
"0,000578",50,2048,16
"0,000592",51,2048,16
"0,000587",52,2048,16
"0,000583",53,2048,16
"0,000584",54,2048,16
"0,000583",55,2048,16
"0,00058",56,2048,16
"0,00058",57,2048,16
"0,000588",58,2048,16
"0,000561",59,2048,16
"0,000573",60,2048,16
"0,000588",61,2048,16
"0,00057",62,2048,16
"0,000559",63,2048,16
"0,000589",64,2048,16
"0,000573",65,2048,16
"0,000569",66,2048,16
"0,000586",67,2048,16
"0,000584",68,2048,16
"0,000569",69,2048,16
"0,000559",70,2048,16
"0,000585",71,2048,16
"0,000578",72,2048,16
"0,000569",73,2048,16
"0,00057",74,2048,16
"0,000566",75,2048,16
"0,000579",76,2048,16
"0,000578",77,2048,16
"0,000558",78,2048,16
"0,000565",79,2048,16
"0,000581",80,2048,16
"0,00057",81,2048,16
"0,000583",82,2048,16
"0,000568",83,2048,16
"0,000585",84,2048,16
"0,000573",85,2048,16
"0,000599",86,2048,16
"0,000558",87,2048,16
"0,000569",88,2048,16
"0,000586",89,2048,16
"0,000554",90,2048,16
"0,000572",91,2048,16
"0,000585",92,2048,16
"0,000583",93,2048,16
"0,00056",94,2048,16
"0,000581",95,2048,16
"0,000584",96,2048,16
"0,000554",97,2048,16
"0,000566",98,2048,16
"0,000576",99,2048,16
"0,001478",0,32,2048
"0,001478",1,32,2048
"0,001476",2,32,2048
"0,001481",3,32,2048
"0,001435",4,32,2048
"0,001499",5,32,2048
"0,001445",6,32,2048
"0,001459",7,32,2048
"0,001438",8,32,2048
"0,001449",9,32,2048
"0,001483",10,32,2048
"0,001428",11,32,2048
"0,001438",12,32,2048
"0,001474",13,32,2048
"0,001453",14,32,2048
"0,001472",15,32,2048
"0,001442",16,32,2048
"0,00148",17,32,2048
"0,001457",18,32,2048
"0,001463",19,32,2048
"0,001471",20,32,2048
"0,00142",21,32,2048
"0,001448",22,32,2048
"0,001465",23,32,2048
"0,001476",24,32,2048
"0,001491",25,32,2048
"0,001485",26,32,2048
"0,001496",27,32,2048
"0,001513",28,32,2048
"0,001479",29,32,2048
"0,001431",30,32,2048
"0,001479",31,32,2048
"0,001481",32,32,2048
"0,001452",33,32,2048
"0,001435",34,32,2048
"0,001451",35,32,2048
"0,001439",36,32,2048
"0,001475",37,32,2048
"0,001486",38,32,2048
"0,001471",39,32,2048
"0,001429",40,32,2048
"0,001476",41,32,2048
"0,001461",42,32,2048
"0,001442",43,32,2048
"0,001509",44,32,2048
"0,001429",45,32,2048
"0,001441",46,32,2048
"0,001478",47,32,2048
"0,001496",48,32,2048
"0,001458",49,32,2048
"0,001486",50,32,2048
"0,001456",51,32,2048
"0,001452",52,32,2048
"0,001466",53,32,2048
"0,00147",54,32,2048
"0,001469",55,32,2048
"0,001485",56,32,2048
"0,001464",57,32,2048
"0,001443",58,32,2048
"0,001503",59,32,2048
"0,001464",60,32,2048
"0,001443",61,32,2048
"0,001436",62,32,2048
"0,001455",63,32,2048
"0,001434",64,32,2048
"0,001493",65,32,2048
"0,001431",66,32,2048
"0,001478",67,32,2048
"0,001466",68,32,2048
"0,001465",69,32,2048
"0,001448",70,32,2048
"0,001482",71,32,2048
"0,001428",72,32,2048
"0,001436",73,32,2048
"0,001474",74,32,2048
"0,001483",75,32,2048
"0,001458",76,32,2048
"0,001452",77,32,2048
"0,001442",78,32,2048
"0,001477",79,32,2048
"0,001477",80,32,2048
"0,001425",81,32,2048
"0,0015",82,32,2048
"0,00145",83,32,2048
"0,001442",84,32,2048
"0,00146",85,32,2048
"0,001433",86,32,2048
"0,001484",87,32,2048
"0,001436",88,32,2048
"0,001477",89,32,2048
"0,001445",90,32,2048
"0,00146",91,32,2048
"0,00146",92,32,2048
"0,001425",93,32,2048
"0,001446",94,32,2048
"0,001472",95,32,2048
"0,001457",96,32,2048
"0,001457",97,32,2048
"0,001462",98,32,2048
"0,001499",99,32,2048
"0,00146",0,64,1024
"0,00147",1,64,1024
"0,001472",2,64,1024
"0,001445",3,64,1024
"0,00144",4,64,1024
"0,001482",5,64,1024
"0,001471",6,64,1024
"0,001464",7,64,1024
"0,001472",8,64,1024
"0,001459",9,64,1024
"0,001482",10,64,1024
"0,001503",11,64,1024
"0,001453",12,64,1024
"0,001455",13,64,1024
"0,001482",14,64,1024
"0,001443",15,64,1024
"0,001463",16,64,1024
"0,001485",17,64,1024
"0,001457",18,64,1024
"0,001491",19,64,1024
"0,001508",20,64,1024
"0,001452",21,64,1024
"0,001482",22,64,1024
"0,001478",23,64,1024
"0,00148",24,64,1024
"0,001459",25,64,1024
"0,00148",26,64,1024
"0,001446",27,64,1024
"0,001433",28,64,1024
"0,001498",29,64,1024
"0,001489",30,64,1024
"0,00145",31,64,1024
"0,00146",32,64,1024
"0,001482",33,64,1024
"0,001452",34,64,1024
"0,001489",35,64,1024
"0,001494",36,64,1024
"0,001437",37,64,1024
"0,001502",38,64,1024
"0,001461",39,64,1024
"0,001456",40,64,1024
"0,001459",41,64,1024
"0,001459",42,64,1024
"0,001457",43,64,1024
"0,00147",44,64,1024
"0,001433",45,64,1024
"0,001486",46,64,1024
"0,001487",47,64,1024
"0,001472",48,64,1024
"0,001474",49,64,1024
"0,00145",50,64,1024
"0,001463",51,64,1024
"0,001434",52,64,1024
"0,001467",53,64,1024
"0,001471",54,64,1024
"0,001487",55,64,1024
"0,001469",56,64,1024
"0,001496",57,64,1024
"0,001418",58,64,1024
"0,001454",59,64,1024
"0,001501",60,64,1024
"0,00147",61,64,1024
"0,001446",62,64,1024
"0,001483",63,64,1024
"0,001424",64,64,1024
"0,001486",65,64,1024
"0,001482",66,64,1024
"0,001481",67,64,1024
"0,001454",68,64,1024
"0,00149",69,64,1024
"0,00149",70,64,1024
"0,001473",71,64,1024
"0,001474",72,64,1024
"0,001443",73,64,1024
"0,001463",74,64,1024
"0,001495",75,64,1024
"0,001435",76,64,1024
"0,001474",77,64,1024
"0,001479",78,64,1024
"0,001457",79,64,1024
"0,00145",80,64,1024
"0,001468",81,64,1024
"0,001416",82,64,1024
"0,001452",83,64,1024
"0,001505",84,64,1024
"0,001428",85,64,1024
"0,001491",86,64,1024
"0,001486",87,64,1024
"0,001441",88,64,1024
"0,001442",89,64,1024
"0,001474",90,64,1024
"0,001433",91,64,1024
"0,001456",92,64,1024
"0,001497",93,64,1024
"0,001447",94,64,1024
"0,001469",95,64,1024
"0,001467",96,64,1024
"0,001438",97,64,1024
"0,001451",98,64,1024
"0,001471",99,64,1024
"0,001445",0,128,512
"0,001451",1,128,512
"0,001489",2,128,512
"0,001442",3,128,512
"0,001467",4,128,512
"0,001476",5,128,512
"0,001441",6,128,512
"0,001483",7,128,512
"0,001468",8,128,512
"0,001459",9,128,512
"0,00149",10,128,512
"0,001461",11,128,512
"0,001444",12,128,512
"0,001458",13,128,512
"0,00148",14,128,512
"0,001481",15,128,512
"0,001445",16,128,512
"0,001495",17,128,512
"0,001443",18,128,512
"0,001457",19,128,512
"0,001481",20,128,512
"0,001492",21,128,512
"0,001429",22,128,512
"0,001452",23,128,512
"0,001458",24,128,512
"0,001459",25,128,512
"0,00148",26,128,512
"0,001467",27,128,512
"0,001464",28,128,512
"0,001454",29,128,512
"0,001454",30,128,512
"0,001468",31,128,512
"0,001454",32,128,512
"0,001459",33,128,512
"0,001448",34,128,512
"0,001474",35,128,512
"0,001452",36,128,512
"0,001469",37,128,512
"0,001476",38,128,512
"0,001443",39,128,512
"0,001465",40,128,512
"0,001429",41,128,512
"0,00151",42,128,512
"0,001446",43,128,512
"0,00149",44,128,512
"0,001477",45,128,512
"0,001466",46,128,512
"0,001471",47,128,512
"0,001479",48,128,512
"0,001486",49,128,512
"0,001457",50,128,512
"0,001473",51,128,512
"0,001435",52,128,512
"0,001476",53,128,512
"0,001485",54,128,512
"0,001484",55,128,512
"0,001441",56,128,512
"0,001506",57,128,512
"0,001435",58,128,512
"0,001497",59,128,512
"0,001491",60,128,512
"0,001443",61,128,512
"0,001461",62,128,512
"0,001475",63,128,512
"0,001467",64,128,512
"0,001457",65,128,512
"0,001493",66,128,512
"0,001445",67,128,512
"0,001487",68,128,512
"0,001479",69,128,512
"0,00144",70,128,512
"0,001453",71,128,512
"0,001479",72,128,512
"0,001474",73,128,512
"0,001443",74,128,512
"0,001491",75,128,512
"0,001425",76,128,512
"0,001477",77,128,512
"0,001459",78,128,512
"0,001436",79,128,512
"0,001453",80,128,512
"0,001444",81,128,512
"0,001469",82,128,512
"0,001469",83,128,512
"0,001452",84,128,512
"0,001443",85,128,512
"0,001478",86,128,512
"0,001482",87,128,512
"0,001436",88,128,512
"0,001455",89,128,512
"0,001431",90,128,512
"0,001443",91,128,512
"0,001466",92,128,512
"0,001436",93,128,512
"0,001474",94,128,512
"0,001486",95,128,512
"0,001472",96,128,512
"0,001453",97,128,512
"0,001463",98,128,512
"0,001463",99,128,512
"0,001443",0,256,256
"0,001464",1,256,256
"0,001457",2,256,256
"0,001464",3,256,256
"0,001438",4,256,256
"0,001446",5,256,256
"0,001461",6,256,256
"0,001479",7,256,256
"0,00144",8,256,256
"0,001465",9,256,256
"0,001465",10,256,256
"0,001448",11,256,256
"0,001466",12,256,256
"0,001483",13,256,256
"0,001448",14,256,256
"0,001485",15,256,256
"0,001482",16,256,256
"0,001481",17,256,256
"0,0015",18,256,256
"0,001479",19,256,256
"0,001436",20,256,256
"0,001476",21,256,256
"0,001453",22,256,256
"0,001446",23,256,256
"0,001487",24,256,256
"0,001438",25,256,256
"0,001441",26,256,256
"0,001485",27,256,256
"0,001425",28,256,256
"0,001484",29,256,256
"0,001502",30,256,256
"0,001437",31,256,256
"0,001433",32,256,256
"0,001487",33,256,256
"0,001462",34,256,256
"0,001458",35,256,256
"0,001511",36,256,256
"0,001431",37,256,256
"0,001442",38,256,256
"0,001506",39,256,256
"0,001472",40,256,256
"0,001453",41,256,256
"0,001472",42,256,256
"0,001497",43,256,256
"0,001422",44,256,256
"0,001479",45,256,256
"0,001477",46,256,256
"0,001483",47,256,256
"0,001462",48,256,256
"0,00144",49,256,256
"0,001458",50,256,256
"0,00147",51,256,256
"0,00145",52,256,256
"0,001461",53,256,256
"0,001489",54,256,256
"0,001446",55,256,256
"0,001484",56,256,256
"0,001456",57,256,256
"0,001482",58,256,256
"0,001457",59,256,256
"0,001455",60,256,256
"0,001452",61,256,256
"0,00145",62,256,256
"0,001449",63,256,256
"0,00147",64,256,256
"0,001465",65,256,256
"0,00144",66,256,256
"0,001479",67,256,256
"0,001464",68,256,256
"0,001454",69,256,256
"0,001481",70,256,256
"0,001458",71,256,256
"0,001484",72,256,256
"0,001451",73,256,256
"0,001476",74,256,256
"0,001457",75,256,256
"0,001466",76,256,256
"0,001463",77,256,256
"0,001474",78,256,256
"0,001491",79,256,256
"0,001445",80,256,256
"0,001466",81,256,256
"0,00148",82,256,256
"0,001465",83,256,256
"0,001456",84,256,256
"0,00142",85,256,256
"0,001451",86,256,256
"0,001476",87,256,256
"0,001488",88,256,256
"0,00147",89,256,256
"0,001458",90,256,256
"0,001488",91,256,256
"0,001446",92,256,256
"0,001464",93,256,256
"0,001482",94,256,256
"0,001461",95,256,256
"0,001466",96,256,256
"0,00152",97,256,256
"0,001464",98,256,256
"0,001437",99,256,256
"0,00147",0,512,128
"0,001481",1,512,128
"0,001451",2,512,128
"0,001471",3,512,128
"0,001443",4,512,128
"0,001455",5,512,128
"0,001483",6,512,128
"0,001444",7,512,128
"0,00146",8,512,128
"0,001482",9,512,128
"0,001474",10,512,128
"0,001455",11,512,128
"0,001513",12,512,128
"0,001447",13,512,128
"0,001485",14,512,128
"0,001495",15,512,128
"0,001472",16,512,128
"0,001448",17,512,128
"0,001501",18,512,128
"0,001433",19,512,128
"0,00148",20,512,128
"0,001485",21,512,128
"0,001446",22,512,128
"0,001473",23,512,128
"0,00148",24,512,128
"0,001425",25,512,128
"0,001442",26,512,128
"0,001495",27,512,128
"0,001461",28,512,128
"0,001465",29,512,128
"0,001472",30,512,128
"0,001476",31,512,128
"0,001486",32,512,128
"0,001476",33,512,128
"0,001459",34,512,128
"0,001455",35,512,128
"0,001463",36,512,128
"0,001459",37,512,128
"0,001445",38,512,128
"0,001484",39,512,128
"0,00145",40,512,128
"0,001501",41,512,128
"0,001464",42,512,128
"0,001494",43,512,128
"0,001453",44,512,128
"0,001458",45,512,128
"0,001458",46,512,128
"0,001471",47,512,128
"0,001453",48,512,128
"0,001435",49,512,128
"0,001465",50,512,128
"0,001475",51,512,128
"0,001466",52,512,128
"0,001456",53,512,128
"0,001474",54,512,128
"0,001461",55,512,128
"0,001466",56,512,128
"0,001442",57,512,128
"0,00149",58,512,128
"0,00142",59,512,128
"0,001454",60,512,128
"0,001491",61,512,128
"0,001432",62,512,128
"0,001465",63,512,128
"0,001478",64,512,128
"0,001453",65,512,128
"0,001481",66,512,128
"0,001446",67,512,128
"0,001447",68,512,128
"0,00143",69,512,128
"0,001479",70,512,128
"0,001424",71,512,128
"0,001464",72,512,128
"0,001485",73,512,128
"0,00145",74,512,128
"0,001444",75,512,128
"0,001473",76,512,128
"0,001452",77,512,128
"0,001464",78,512,128
"0,00148",79,512,128
"0,001491",80,512,128
"0,001459",81,512,128
"0,001504",82,512,128
"0,001432",83,512,128
"0,001481",84,512,128
"0,001477",85,512,128
"0,001434",86,512,128
"0,001448",87,512,128
"0,001499",88,512,128
"0,001466",89,512,128
"0,001485",90,512,128
"0,001466",91,512,128
"0,001456",92,512,128
"0,001431",93,512,128
"0,001464",94,512,128
"0,001433",95,512,128
"0,001454",96,512,128
"0,001482",97,512,128
"0,001433",98,512,128
"0,00147",99,512,128
"0,001437",0,1024,64
"0,001473",1,1024,64
"0,001442",2,1024,64
"0,001477",3,1024,64
"0,001466",4,1024,64
"0,001473",5,1024,64
"0,001503",6,1024,64
"0,001464",7,1024,64
"0,001464",8,1024,64
"0,001455",9,1024,64
"0,001477",10,1024,64
"0,001451",11,1024,64
"0,001462",12,1024,64
"0,001551",13,1024,64
"0,001462",14,1024,64
"0,001474",15,1024,64
"0,001465",16,1024,64
"0,001454",17,1024,64
"0,001469",18,1024,64
"0,001475",19,1024,64
"0,001455",20,1024,64
"0,001447",21,1024,64
"0,001484",22,1024,64
"0,001461",23,1024,64
"0,001445",24,1024,64
"0,001449",25,1024,64
"0,001458",26,1024,64
"0,00146",27,1024,64
"0,001472",28,1024,64
"0,001468",29,1024,64
"0,001488",30,1024,64
"0,00146",31,1024,64
"0,001458",32,1024,64
"0,001437",33,1024,64
"0,001475",34,1024,64
"0,00145",35,1024,64
"0,001449",36,1024,64
"0,001498",37,1024,64
"0,001461",38,1024,64
"0,001455",39,1024,64
"0,001473",40,1024,64
"0,001431",41,1024,64
"0,001443",42,1024,64
"0,001486",43,1024,64
"0,001446",44,1024,64
"0,001479",45,1024,64
"0,001496",46,1024,64
"0,001433",47,1024,64
"0,001465",48,1024,64
"0,001493",49,1024,64
"0,001435",50,1024,64
"0,001469",51,1024,64
"0,001508",52,1024,64
"0,001468",53,1024,64
"0,001474",54,1024,64
"0,001474",55,1024,64
"0,001476",56,1024,64
"0,00143",57,1024,64
"0,001486",58,1024,64
"0,001434",59,1024,64
"0,001471",60,1024,64
"0,001473",61,1024,64
"0,001456",62,1024,64
"0,001451",63,1024,64
"0,001473",64,1024,64
"0,00142",65,1024,64
"0,001448",66,1024,64
"0,001462",67,1024,64
"0,001444",68,1024,64
"0,001428",69,1024,64
"0,001484",70,1024,64
"0,001436",71,1024,64
"0,001428",72,1024,64
"0,001492",73,1024,64
"0,00151",74,1024,64
"0,001466",75,1024,64
"0,001471",76,1024,64
"0,001432",77,1024,64
"0,00146",78,1024,64
"0,001425",79,1024,64
"0,001481",80,1024,64
"0,001445",81,1024,64
"0,001485",82,1024,64
"0,001471",83,1024,64
"0,001467",84,1024,64
"0,001465",85,1024,64
"0,001461",86,1024,64
"0,001454",87,1024,64
"0,00143",88,1024,64
"0,001488",89,1024,64
"0,001452",90,1024,64
"0,001476",91,1024,64
"0,001437",92,1024,64
"0,00147",93,1024,64
"0,001465",94,1024,64
"0,001476",95,1024,64
"0,001462",96,1024,64
"0,001497",97,1024,64
"0,001457",98,1024,64
"0,001472",99,1024,64
"0,001448",0,2048,32
"0,001512",1,2048,32
"0,001444",2,2048,32
"0,001438",3,2048,32
"0,001476",4,2048,32
"0,001442",5,2048,32
"0,001475",6,2048,32
"0,00149",7,2048,32
"0,00149",8,2048,32
"0,00144",9,2048,32
"0,001488",10,2048,32
"0,001448",11,2048,32
"0,001492",12,2048,32
"0,001491",13,2048,32
"0,00148",14,2048,32
"0,001484",15,2048,32
"0,001498",16,2048,32
"0,001487",17,2048,32
"0,001434",18,2048,32
"0,001483",19,2048,32
"0,001451",20,2048,32
"0,001489",21,2048,32
"0,001477",22,2048,32
"0,001478",23,2048,32
"0,001457",24,2048,32
"0,001466",25,2048,32
"0,001473",26,2048,32
"0,001465",27,2048,32
"0,001501",28,2048,32
"0,001463",29,2048,32
"0,001435",30,2048,32
"0,001505",31,2048,32
"0,001481",32,2048,32
"0,00142",33,2048,32
"0,001477",34,2048,32
"0,001489",35,2048,32
"0,001487",36,2048,32
"0,001453",37,2048,32
"0,001471",38,2048,32
"0,001432",39,2048,32
"0,001487",40,2048,32
"0,001455",41,2048,32
"0,001485",42,2048,32
"0,001453",43,2048,32
"0,00147",44,2048,32
"0,001459",45,2048,32
"0,00148",46,2048,32
"0,001446",47,2048,32
"0,001448",48,2048,32
"0,00148",49,2048,32
"0,001489",50,2048,32
"0,001449",51,2048,32
"0,001486",52,2048,32
"0,001463",53,2048,32
"0,001436",54,2048,32
"0,001437",55,2048,32
"0,001491",56,2048,32
"0,00146",57,2048,32
"0,001439",58,2048,32
"0,001468",59,2048,32
"0,00145",60,2048,32
"0,001465",61,2048,32
"0,001465",62,2048,32
"0,00149",63,2048,32
"0,001464",64,2048,32
"0,001465",65,2048,32
"0,001476",66,2048,32
"0,001439",67,2048,32
"0,00148",68,2048,32
"0,00144",69,2048,32
"0,001485",70,2048,32
"0,001487",71,2048,32
"0,001447",72,2048,32
"0,00145",73,2048,32
"0,001476",74,2048,32
"0,00145",75,2048,32
"0,00149",76,2048,32
"0,001486",77,2048,32
"0,001453",78,2048,32
"0,00146",79,2048,32
"0,00148",80,2048,32
"0,001442",81,2048,32
"0,00145",82,2048,32
"0,00149",83,2048,32
"0,001461",84,2048,32
"0,00146",85,2048,32
"0,001465",86,2048,32
"0,001473",87,2048,32
"0,001451",88,2048,32
"0,001489",89,2048,32
"0,001461",90,2048,32
"0,00146",91,2048,32
"0,00149",92,2048,32
"0,001467",93,2048,32
"0,001437",94,2048,32
"0,001511",95,2048,32
"0,001501",96,2048,32
"0,001448",97,2048,32
"0,001481",98,2048,32
"0,001493",99,2048,32
"0,001432",0,4096,16
"0,001477",1,4096,16
"0,001502",2,4096,16
"0,001414",3,4096,16
"0,001453",4,4096,16
"0,001473",5,4096,16
"0,001456",6,4096,16
"0,001473",7,4096,16
"0,001466",8,4096,16
"0,001435",9,4096,16
"0,001508",10,4096,16
"0,001444",11,4096,16
"0,001439",12,4096,16
"0,001465",13,4096,16
"0,001457",14,4096,16
"0,001462",15,4096,16
"0,001491",16,4096,16
"0,001465",17,4096,16
"0,001429",18,4096,16
"0,001455",19,4096,16
"0,001439",20,4096,16
"0,001456",21,4096,16
"0,001469",22,4096,16
"0,001462",23,4096,16
"0,001474",24,4096,16
"0,001451",25,4096,16
"0,001488",26,4096,16
"0,001431",27,4096,16
"0,001448",28,4096,16
"0,001475",29,4096,16
"0,001485",30,4096,16
"0,001464",31,4096,16
"0,001478",32,4096,16
"0,001431",33,4096,16
"0,001425",34,4096,16
"0,001489",35,4096,16
"0,001433",36,4096,16
"0,001465",37,4096,16
"0,00147",38,4096,16
"0,001454",39,4096,16
"0,001459",40,4096,16
"0,001473",41,4096,16
"0,001423",42,4096,16
"0,001462",43,4096,16
"0,001496",44,4096,16
"0,001425",45,4096,16
"0,001424",46,4096,16
"0,001472",47,4096,16
"0,001436",48,4096,16
"0,001441",49,4096,16
"0,001486",50,4096,16
"0,001432",51,4096,16
"0,001454",52,4096,16
"0,001474",53,4096,16
"0,001473",54,4096,16
"0,001427",55,4096,16
"0,001485",56,4096,16
"0,001468",57,4096,16
"0,001452",58,4096,16
"0,001495",59,4096,16
"0,001465",60,4096,16
"0,00146",61,4096,16
"0,001452",62,4096,16
"0,001437",63,4096,16
"0,001465",64,4096,16
"0,001478",65,4096,16
"0,001436",66,4096,16
"0,001448",67,4096,16
"0,001468",68,4096,16
"0,001448",69,4096,16
"0,001456",70,4096,16
"0,00147",71,4096,16
"0,001449",72,4096,16
"0,001481",73,4096,16
"0,001464",74,4096,16
"0,001494",75,4096,16
"0,001449",76,4096,16
"0,001465",77,4096,16
"0,001457",78,4096,16
"0,001467",79,4096,16
"0,001473",80,4096,16
"0,001471",81,4096,16
"0,001439",82,4096,16
"0,001451",83,4096,16
"0,001482",84,4096,16
"0,001445",85,4096,16
"0,001469",86,4096,16
"0,00149",87,4096,16
"0,001449",88,4096,16
"0,001475",89,4096,16
"0,001465",90,4096,16
"0,001465",91,4096,16
"0,00144",92,4096,16
"0,001484",93,4096,16
"0,001466",94,4096,16
"0,001442",95,4096,16
"0,001478",96,4096,16
"0,001432",97,4096,16
"0,001459",98,4096,16
"0,001494",99,4096,16
"0,002843",0,32,4096
"0,00283",1,32,4096
"0,002888",2,32,4096
"0,002924",3,32,4096
"0,002866",4,32,4096
"0,002973",5,32,4096
"0,002882",6,32,4096
"0,002869",7,32,4096
"0,002938",8,32,4096
"0,002877",9,32,4096
"0,002916",10,32,4096
"0,002918",11,32,4096
"0,002941",12,32,4096
"0,002892",13,32,4096
"0,002956",14,32,4096
"0,002874",15,32,4096
"0,002902",16,32,4096
"0,002899",17,32,4096
"0,002864",18,32,4096
"0,002913",19,32,4096
"0,002906",20,32,4096
"0,002886",21,32,4096
"0,002861",22,32,4096
"0,002924",23,32,4096
"0,002901",24,32,4096
"0,00283",25,32,4096
"0,002967",26,32,4096
"0,002895",27,32,4096
"0,002937",28,32,4096
"0,002881",29,32,4096
"0,002898",30,32,4096
"0,002853",31,32,4096
"0,002886",32,32,4096
"0,00289",33,32,4096
"0,00295",34,32,4096
"0,002858",35,32,4096
"0,002883",36,32,4096
"0,002833",37,32,4096
"0,002881",38,32,4096
"0,002813",39,32,4096
"0,002916",40,32,4096
"0,002859",41,32,4096
"0,002971",42,32,4096
"0,002913",43,32,4096
"0,002846",44,32,4096
"0,002914",45,32,4096
"0,002935",46,32,4096
"0,002903",47,32,4096
"0,00285",48,32,4096
"0,002761",49,32,4096
"0,002859",50,32,4096
"0,002831",51,32,4096
"0,002949",52,32,4096
"0,002822",53,32,4096
"0,002826",54,32,4096
"0,002884",55,32,4096
"0,002814",56,32,4096
"0,002834",57,32,4096
"0,002913",58,32,4096
"0,002857",59,32,4096
"0,002926",60,32,4096
"0,002853",61,32,4096
"0,002909",62,32,4096
"0,002923",63,32,4096
"0,002923",64,32,4096
"0,00288",65,32,4096
"0,002951",66,32,4096
"0,002783",67,32,4096
"0,002934",68,32,4096
"0,002824",69,32,4096
"0,00293",70,32,4096
"0,002918",71,32,4096
"0,002861",72,32,4096
"0,002917",73,32,4096
"0,002899",74,32,4096
"0,002842",75,32,4096
"0,0028",76,32,4096
"0,002963",77,32,4096
"0,002916",78,32,4096
"0,002844",79,32,4096
"0,002949",80,32,4096
"0,002842",81,32,4096
"0,00283",82,32,4096
"0,00286",83,32,4096
"0,002864",84,32,4096
"0,002917",85,32,4096
"0,002859",86,32,4096
"0,002951",87,32,4096
"0,002948",88,32,4096
"0,00285",89,32,4096
"0,002895",90,32,4096
"0,002836",91,32,4096
"0,002904",92,32,4096
"0,002854",93,32,4096
"0,003013",94,32,4096
"0,002839",95,32,4096
"0,002953",96,32,4096
"0,00296",97,32,4096
"0,002885",98,32,4096
"0,002853",99,32,4096
"0,002941",0,64,2048
"0,00288",1,64,2048
"0,002941",2,64,2048
"0,002964",3,64,2048
"0,002946",4,64,2048
"0,002913",5,64,2048
"0,002915",6,64,2048
"0,00291",7,64,2048
"0,002914",8,64,2048
"0,002955",9,64,2048
"0,002816",10,64,2048
"0,002939",11,64,2048
"0,002924",12,64,2048
"0,002843",13,64,2048
"0,002896",14,64,2048
"0,002953",15,64,2048
"0,002831",16,64,2048
"0,002859",17,64,2048
"0,002923",18,64,2048
"0,002962",19,64,2048
"0,002871",20,64,2048
"0,002984",21,64,2048
"0,002914",22,64,2048
"0,002837",23,64,2048
"0,002918",24,64,2048
"0,002845",25,64,2048
"0,002888",26,64,2048
"0,002977",27,64,2048
"0,002914",28,64,2048
"0,002856",29,64,2048
"0,002906",30,64,2048
"0,002858",31,64,2048
"0,002878",32,64,2048
"0,003004",33,64,2048
"0,002833",34,64,2048
"0,002892",35,64,2048
"0,002933",36,64,2048
"0,002961",37,64,2048
"0,002837",38,64,2048
"0,002924",39,64,2048
"0,002874",40,64,2048
"0,00296",41,64,2048
"0,002943",42,64,2048
"0,002865",43,64,2048
"0,002856",44,64,2048
"0,002966",45,64,2048
"0,00296",46,64,2048
"0,002831",47,64,2048
"0,002946",48,64,2048
"0,002864",49,64,2048
"0,002826",50,64,2048
"0,002921",51,64,2048
"0,002825",52,64,2048
"0,002935",53,64,2048
"0,002905",54,64,2048
"0,002966",55,64,2048
"0,002861",56,64,2048
"0,002897",57,64,2048
"0,002859",58,64,2048
"0,002888",59,64,2048
"0,002974",60,64,2048
"0,00286",61,64,2048
"0,002929",62,64,2048
"0,002901",63,64,2048
"0,002874",64,64,2048
"0,002901",65,64,2048
"0,002858",66,64,2048
"0,002913",67,64,2048
"0,002874",68,64,2048
"0,002895",69,64,2048
"0,002839",70,64,2048
"0,002939",71,64,2048
"0,002929",72,64,2048
"0,002886",73,64,2048
"0,002861",74,64,2048
"0,002816",75,64,2048
"0,00286",76,64,2048
"0,002812",77,64,2048
"0,002931",78,64,2048
"0,002886",79,64,2048
"0,002818",80,64,2048
"0,00291",81,64,2048
"0,002916",82,64,2048
"0,002859",83,64,2048
"0,00288",84,64,2048
"0,002821",85,64,2048
"0,002918",86,64,2048
"0,002895",87,64,2048
"0,002879",88,64,2048
"0,002882",89,64,2048
"0,002845",90,64,2048
"0,002944",91,64,2048
"0,002796",92,64,2048
"0,002948",93,64,2048
"0,002874",94,64,2048
"0,002951",95,64,2048
"0,002925",96,64,2048
"0,00284",97,64,2048
"0,002939",98,64,2048
"0,002865",99,64,2048
"0,00295",0,128,1024
"0,002912",1,128,1024
"0,002915",2,128,1024
"0,002909",3,128,1024
"0,002898",4,128,1024
"0,002895",5,128,1024
"0,002862",6,128,1024
"0,002907",7,128,1024
"0,002813",8,128,1024
"0,002819",9,128,1024
"0,002895",10,128,1024
"0,002839",11,128,1024
"0,002818",12,128,1024
"0,002899",13,128,1024
"0,002902",14,128,1024
"0,002836",15,128,1024
"0,002898",16,128,1024
"0,002841",17,128,1024
"0,002895",18,128,1024
"0,002919",19,128,1024
"0,002909",20,128,1024
"0,002901",21,128,1024
"0,00285",22,128,1024
"0,00283",23,128,1024
"0,002934",24,128,1024
"0,002861",25,128,1024
"0,002866",26,128,1024
"0,002953",27,128,1024
"0,002845",28,128,1024
"0,002812",29,128,1024
"0,002843",30,128,1024
"0,002883",31,128,1024
"0,002786",32,128,1024
"0,002823",33,128,1024
"0,002901",34,128,1024
"0,002941",35,128,1024
"0,002806",36,128,1024
"0,002948",37,128,1024
"0,002938",38,128,1024
"0,002819",39,128,1024
"0,002846",40,128,1024
"0,002827",41,128,1024
"0,002788",42,128,1024
"0,002971",43,128,1024
"0,002824",44,128,1024
"0,002924",45,128,1024
"0,002883",46,128,1024
"0,002946",47,128,1024
"0,002821",48,128,1024
"0,00297",49,128,1024
"0,002891",50,128,1024
"0,00288",51,128,1024
"0,002932",52,128,1024
"0,002833",53,128,1024
"0,002925",54,128,1024
"0,002805",55,128,1024
"0,00286",56,128,1024
"0,002892",57,128,1024
"0,002897",58,128,1024
"0,002841",59,128,1024
"0,002898",60,128,1024
"0,002814",61,128,1024
"0,002946",62,128,1024
"0,002855",63,128,1024
"0,002854",64,128,1024
"0,002948",65,128,1024
"0,002902",66,128,1024
"0,002932",67,128,1024
"0,002919",68,128,1024
"0,002924",69,128,1024
"0,002887",70,128,1024
"0,002833",71,128,1024
"0,002851",72,128,1024
"0,002943",73,128,1024
"0,002873",74,128,1024
"0,002942",75,128,1024
"0,002922",76,128,1024
"0,002868",77,128,1024
"0,002918",78,128,1024
"0,002891",79,128,1024
"0,002909",80,128,1024
"0,00285",81,128,1024
"0,002914",82,128,1024
"0,002851",83,128,1024
"0,002937",84,128,1024
"0,002862",85,128,1024
"0,002912",86,128,1024
"0,002873",87,128,1024
"0,002914",88,128,1024
"0,002841",89,128,1024
"0,002902",90,128,1024
"0,002875",91,128,1024
"0,00284",92,128,1024
"0,00281",93,128,1024
"0,002959",94,128,1024
"0,00302",95,128,1024
"0,002899",96,128,1024
"0,002826",97,128,1024
"0,002857",98,128,1024
"0,002851",99,128,1024
"0,002894",0,256,512
"0,002885",1,256,512
"0,002903",2,256,512
"0,002927",3,256,512
"0,002887",4,256,512
"0,002902",5,256,512
"0,002855",6,256,512
"0,002823",7,256,512
"0,002924",8,256,512
"0,002859",9,256,512
"0,00282",10,256,512
"0,002857",11,256,512
"0,00291",12,256,512
"0,002921",13,256,512
"0,002841",14,256,512
"0,002874",15,256,512
"0,002879",16,256,512
"0,002847",17,256,512
"0,002855",18,256,512
"0,002833",19,256,512
"0,002859",20,256,512
"0,002965",21,256,512
"0,002807",22,256,512
"0,002887",23,256,512
"0,002948",24,256,512
"0,002867",25,256,512
"0,002891",26,256,512
"0,002881",27,256,512
"0,002952",28,256,512
"0,002887",29,256,512
"0,002885",30,256,512
"0,002856",31,256,512
"0,002876",32,256,512
"0,002848",33,256,512
"0,002918",34,256,512
"0,002842",35,256,512
"0,002874",36,256,512
"0,002848",37,256,512
"0,002937",38,256,512
"0,00286",39,256,512
"0,002928",40,256,512
"0,002863",41,256,512
"0,002997",42,256,512
"0,002896",43,256,512
"0,002832",44,256,512
"0,002918",45,256,512
"0,002782",46,256,512
"0,002836",47,256,512
"0,002995",48,256,512
"0,002866",49,256,512
"0,002873",50,256,512
"0,002933",51,256,512
"0,002808",52,256,512
"0,002831",53,256,512
"0,003034",54,256,512
"0,002956",55,256,512
"0,002886",56,256,512
"0,002916",57,256,512
"0,002952",58,256,512
"0,002884",59,256,512
"0,002935",60,256,512
"0,00282",61,256,512
"0,002845",62,256,512
"0,003024",63,256,512
"0,002806",64,256,512
"0,002817",65,256,512
"0,002973",66,256,512
"0,002966",67,256,512
"0,002875",68,256,512
"0,002951",69,256,512
"0,002813",70,256,512
"0,002954",71,256,512
"0,00289",72,256,512
"0,002854",73,256,512
"0,002947",74,256,512
"0,002869",75,256,512
"0,002833",76,256,512
"0,002941",77,256,512
"0,002916",78,256,512
"0,002873",79,256,512
"0,002799",80,256,512
"0,003007",81,256,512
"0,002934",82,256,512
"0,002861",83,256,512
"0,002911",84,256,512
"0,002799",85,256,512
"0,002868",86,256,512
"0,002936",87,256,512
"0,002933",88,256,512
"0,002907",89,256,512
"0,002903",90,256,512
"0,002941",91,256,512
"0,002823",92,256,512
"0,00287",93,256,512
"0,002848",94,256,512
"0,002901",95,256,512
"0,002888",96,256,512
"0,002927",97,256,512
"0,002826",98,256,512
"0,002937",99,256,512
"0,002939",0,512,256
"0,002877",1,512,256
"0,002919",2,512,256
"0,002802",3,512,256
"0,00283",4,512,256
"0,002961",5,512,256
"0,002867",6,512,256
"0,002851",7,512,256
"0,002947",8,512,256
"0,002855",9,512,256
"0,002899",10,512,256
"0,002898",11,512,256
"0,002917",12,512,256
"0,002824",13,512,256
"0,002901",14,512,256
"0,002923",15,512,256
"0,002856",16,512,256
"0,002916",17,512,256
"0,002872",18,512,256
"0,002878",19,512,256
"0,002901",20,512,256
"0,002878",21,512,256
"0,00289",22,512,256
"0,002961",23,512,256
"0,002793",24,512,256
"0,002925",25,512,256
"0,002883",26,512,256
"0,002767",27,512,256
"0,002939",28,512,256
"0,002886",29,512,256
"0,002888",30,512,256
"0,002885",31,512,256
"0,002887",32,512,256
"0,002908",33,512,256
"0,002876",34,512,256
"0,002962",35,512,256
"0,002856",36,512,256
"0,00296",37,512,256
"0,002896",38,512,256
"0,002887",39,512,256
"0,00293",40,512,256
"0,002899",41,512,256
"0,002931",42,512,256
"0,002946",43,512,256
"0,002972",44,512,256
"0,002812",45,512,256
"0,002823",46,512,256
"0,002913",47,512,256
"0,002894",48,512,256
"0,002855",49,512,256
"0,002898",50,512,256
"0,002931",51,512,256
"0,002786",52,512,256
"0,002841",53,512,256
"0,002834",54,512,256
"0,002913",55,512,256
"0,00293",56,512,256
"0,002885",57,512,256
"0,002935",58,512,256
"0,002864",59,512,256
"0,002935",60,512,256
"0,002979",61,512,256
"0,00295",62,512,256
"0,002904",63,512,256
"0,002875",64,512,256
"0,002841",65,512,256
"0,00289",66,512,256
"0,002888",67,512,256
"0,002837",68,512,256
"0,002889",69,512,256
"0,002884",70,512,256
"0,002918",71,512,256
"0,002907",72,512,256
"0,002916",73,512,256
"0,002941",74,512,256
"0,002828",75,512,256
"0,00293",76,512,256
"0,002981",77,512,256
"0,002855",78,512,256
"0,002941",79,512,256
"0,00295",80,512,256
"0,002875",81,512,256
"0,00296",82,512,256
"0,002971",83,512,256
"0,002905",84,512,256
"0,002901",85,512,256
"0,002965",86,512,256
"0,002851",87,512,256
"0,002872",88,512,256
"0,002945",89,512,256
"0,002866",90,512,256
"0,002938",91,512,256
"0,002855",92,512,256
"0,002852",93,512,256
"0,0029",94,512,256
"0,002774",95,512,256
"0,002833",96,512,256
"0,002961",97,512,256
"0,002917",98,512,256
"0,002931",99,512,256
"0,003007",0,1024,128
"0,002785",1,1024,128
"0,002854",2,1024,128
"0,003006",3,1024,128
"0,00287",4,1024,128
"0,002934",5,1024,128
"0,002881",6,1024,128
"0,002914",7,1024,128
"0,002828",8,1024,128
"0,002886",9,1024,128
"0,002828",10,1024,128
"0,00282",11,1024,128
"0,002887",12,1024,128
"0,00291",13,1024,128
"0,002831",14,1024,128
"0,002904",15,1024,128
"0,002952",16,1024,128
"0,002847",17,1024,128
"0,002927",18,1024,128
"0,002793",19,1024,128
"0,002957",20,1024,128
"0,002897",21,1024,128
"0,002837",22,1024,128
"0,002845",23,1024,128
"0,002896",24,1024,128
"0,002828",25,1024,128
"0,002962",26,1024,128
"0,002924",27,1024,128
"0,00284",28,1024,128
"0,002903",29,1024,128
"0,002893",30,1024,128
"0,002955",31,1024,128
"0,002865",32,1024,128
"0,002953",33,1024,128
"0,002868",34,1024,128
"0,002885",35,1024,128
"0,002883",36,1024,128
"0,00294",37,1024,128
"0,002911",38,1024,128
"0,002915",39,1024,128
"0,002944",40,1024,128
"0,002899",41,1024,128
"0,002972",42,1024,128
"0,002877",43,1024,128
"0,002955",44,1024,128
"0,002897",45,1024,128
"0,00283",46,1024,128
"0,002907",47,1024,128
"0,00291",48,1024,128
"0,002914",49,1024,128
"0,002848",50,1024,128
"0,002939",51,1024,128
"0,002944",52,1024,128
"0,002934",53,1024,128
"0,002916",54,1024,128
"0,002922",55,1024,128
"0,002862",56,1024,128
"0,002937",57,1024,128
"0,002922",58,1024,128
"0,002892",59,1024,128
"0,002939",60,1024,128
"0,002856",61,1024,128
"0,002922",62,1024,128
"0,002865",63,1024,128
"0,002841",64,1024,128
"0,002965",65,1024,128
"0,002911",66,1024,128
"0,002908",67,1024,128
"0,00288",68,1024,128
"0,002923",69,1024,128
"0,002847",70,1024,128
"0,002874",71,1024,128
"0,002969",72,1024,128
"0,002907",73,1024,128
"0,002865",74,1024,128
"0,002894",75,1024,128
"0,002955",76,1024,128
"0,002837",77,1024,128
"0,002862",78,1024,128
"0,002895",79,1024,128
"0,002885",80,1024,128
"0,00286",81,1024,128
"0,002904",82,1024,128
"0,00288",83,1024,128
"0,002925",84,1024,128
"0,002864",85,1024,128
"0,00293",86,1024,128
"0,002847",87,1024,128
"0,002917",88,1024,128
"0,002889",89,1024,128
"0,002969",90,1024,128
"0,002834",91,1024,128
"0,002883",92,1024,128
"0,002882",93,1024,128
"0,002922",94,1024,128
"0,002835",95,1024,128
"0,00289",96,1024,128
"0,002868",97,1024,128
"0,002872",98,1024,128
"0,00294",99,1024,128
"0,002856",0,2048,64
"0,002909",1,2048,64
"0,002888",2,2048,64
"0,002938",3,2048,64
"0,002849",4,2048,64
"0,002868",5,2048,64
"0,002906",6,2048,64
"0,002885",7,2048,64
"0,002863",8,2048,64
"0,002956",9,2048,64
"0,002863",10,2048,64
"0,002898",11,2048,64
"0,002937",12,2048,64
"0,00286",13,2048,64
"0,002885",14,2048,64
"0,002867",15,2048,64
"0,002869",16,2048,64
"0,002838",17,2048,64
"0,002889",18,2048,64
"0,002807",19,2048,64
"0,002911",20,2048,64
"0,002895",21,2048,64
"0,002847",22,2048,64
"0,002904",23,2048,64
"0,002895",24,2048,64
"0,002939",25,2048,64
"0,002881",26,2048,64
"0,002919",27,2048,64
"0,002816",28,2048,64
"0,002901",29,2048,64
"0,002917",30,2048,64
"0,002889",31,2048,64
"0,002889",32,2048,64
"0,00289",33,2048,64
"0,002896",34,2048,64
"0,002889",35,2048,64
"0,002886",36,2048,64
"0,002829",37,2048,64
"0,002849",38,2048,64
"0,002904",39,2048,64
"0,002862",40,2048,64
"0,002876",41,2048,64
"0,00296",42,2048,64
"0,002881",43,2048,64
"0,002917",44,2048,64
"0,002842",45,2048,64
"0,002953",46,2048,64
"0,002822",47,2048,64
"0,002836",48,2048,64
"0,002905",49,2048,64
"0,002849",50,2048,64
"0,002825",51,2048,64
"0,002899",52,2048,64
"0,002868",53,2048,64
"0,002909",54,2048,64
"0,00289",55,2048,64
"0,002866",56,2048,64
"0,002884",57,2048,64
"0,002923",58,2048,64
"0,002857",59,2048,64
"0,002834",60,2048,64
"0,002925",61,2048,64
"0,002878",62,2048,64
"0,002891",63,2048,64
"0,002974",64,2048,64
"0,002927",65,2048,64
"0,002871",66,2048,64
"0,002924",67,2048,64
"0,002962",68,2048,64
"0,00288",69,2048,64
"0,002949",70,2048,64
"0,00286",71,2048,64
"0,002911",72,2048,64
"0,002933",73,2048,64
"0,002853",74,2048,64
"0,002826",75,2048,64
"0,00297",76,2048,64
"0,002914",77,2048,64
"0,002845",78,2048,64
"0,002917",79,2048,64
"0,002859",80,2048,64
"0,002914",81,2048,64
"0,002928",82,2048,64
"0,002818",83,2048,64
"0,002895",84,2048,64
"0,002991",85,2048,64
"0,002858",86,2048,64
"0,00286",87,2048,64
"0,002889",88,2048,64
"0,002883",89,2048,64
"0,002844",90,2048,64
"0,002885",91,2048,64
"0,002916",92,2048,64
"0,002938",93,2048,64
"0,003023",94,2048,64
"0,002934",95,2048,64
"0,002827",96,2048,64
"0,002967",97,2048,64
"0,002898",98,2048,64
"0,00289",99,2048,64
"0,002908",0,4096,32
"0,00286",1,4096,32
"0,002828",2,4096,32
"0,002932",3,4096,32
"0,00293",4,4096,32
"0,00282",5,4096,32
"0,003009",6,4096,32
"0,002908",7,4096,32
"0,002874",8,4096,32
"0,002957",9,4096,32
"0,002844",10,4096,32
"0,002883",11,4096,32
"0,002902",12,4096,32
"0,002882",13,4096,32
"0,002907",14,4096,32
"0,00298",15,4096,32
"0,002954",16,4096,32
"0,002857",17,4096,32
"0,002929",18,4096,32
"0,002878",19,4096,32
"0,002874",20,4096,32
"0,002889",21,4096,32
"0,002889",22,4096,32
"0,002893",23,4096,32
"0,002933",24,4096,32
"0,002957",25,4096,32
"0,002935",26,4096,32
"0,00293",27,4096,32
"0,002907",28,4096,32
"0,002832",29,4096,32
"0,002959",30,4096,32
"0,002862",31,4096,32
"0,002872",32,4096,32
"0,002911",33,4096,32
"0,003182",34,4096,32
"0,002907",35,4096,32
"0,00291",36,4096,32
"0,002946",37,4096,32
"0,002935",38,4096,32
"0,002884",39,4096,32
"0,002859",40,4096,32
"0,00282",41,4096,32
"0,00294",42,4096,32
"0,002884",43,4096,32
"0,002824",44,4096,32
"0,002954",45,4096,32
"0,002873",46,4096,32
"0,002965",47,4096,32
"0,002894",48,4096,32
"0,002969",49,4096,32
"0,002934",50,4096,32
"0,002921",51,4096,32
"0,002891",52,4096,32
"0,00289",53,4096,32
"0,002868",54,4096,32
"0,002916",55,4096,32
"0,002943",56,4096,32
"0,00289",57,4096,32
"0,002857",58,4096,32
"0,002858",59,4096,32
"0,00292",60,4096,32
"0,002908",61,4096,32
"0,002867",62,4096,32
"0,002865",63,4096,32
"0,002881",64,4096,32
"0,00292",65,4096,32
"0,002932",66,4096,32
"0,002811",67,4096,32
"0,002815",68,4096,32
"0,002959",69,4096,32
"0,002894",70,4096,32
"0,002879",71,4096,32
"0,002903",72,4096,32
"0,00291",73,4096,32
"0,002877",74,4096,32
"0,002927",75,4096,32
"0,002931",76,4096,32
"0,002852",77,4096,32
"0,0029",78,4096,32
"0,0029",79,4096,32
"0,002888",80,4096,32
"0,002959",81,4096,32
"0,002871",82,4096,32
"0,002885",83,4096,32
"0,002944",84,4096,32
"0,002893",85,4096,32
"0,002863",86,4096,32
"0,002948",87,4096,32
"0,002911",88,4096,32
"0,002876",89,4096,32
"0,002976",90,4096,32
"0,002845",91,4096,32
"0,002892",92,4096,32
"0,002951",93,4096,32
"0,002891",94,4096,32
"0,002859",95,4096,32
"0,002908",96,4096,32
"0,002938",97,4096,32
"0,002892",98,4096,32
"0,002931",99,4096,32
"0,005",0,64,4096
"0,006068",1,64,4096
"0,006056",2,64,4096
"0,006027",3,64,4096
"0,006164",4,64,4096
"0,006055",5,64,4096
"0,006097",6,64,4096
"0,006115",7,64,4096
"0,00614",8,64,4096
"0,006024",9,64,4096
"0,006143",10,64,4096
"0,006133",11,64,4096
"0,006016",12,64,4096
"0,006128",13,64,4096
"0,006132",14,64,4096
"0,006034",15,64,4096
"0,006117",16,64,4096
"0,00616",17,64,4096
"0,004991",18,64,4096
"0,006145",19,64,4096
"0,006077",20,64,4096
"0,006144",21,64,4096
"0,006168",22,64,4096
"0,005834",23,64,4096
"0,005904",24,64,4096
"0,006068",25,64,4096
"0,005938",26,64,4096
"0,006021",27,64,4096
"0,006154",28,64,4096
"0,006144",29,64,4096
"0,005997",30,64,4096
"0,006001",31,64,4096
"0,006105",32,64,4096
"0,006182",33,64,4096
"0,006171",34,64,4096
"0,006043",35,64,4096
"0,006089",36,64,4096
"0,005832",37,64,4096
"0,006006",38,64,4096
"0,006213",39,64,4096
"0,006005",40,64,4096
"0,005954",41,64,4096
"0,00623",42,64,4096
"0,0049",43,64,4096
"0,006132",44,64,4096
"0,006128",45,64,4096
"0,00612",46,64,4096
"0,005986",47,64,4096
"0,006145",48,64,4096
"0,006041",49,64,4096
"0,006004",50,64,4096
"0,006011",51,64,4096
"0,006019",52,64,4096
"0,006159",53,64,4096
"0,006142",54,64,4096
"0,006128",55,64,4096
"0,005991",56,64,4096
"0,006164",57,64,4096
"0,006029",58,64,4096
"0,006324",59,64,4096
"0,005908",60,64,4096
"0,00608",61,64,4096
"0,004991",62,64,4096
"0,006129",63,64,4096
"0,006057",64,64,4096
"0,006303",65,64,4096
"0,005929",66,64,4096
"0,00598",67,64,4096
"0,006306",68,64,4096
"0,005981",69,64,4096
"0,006129",70,64,4096
"0,006215",71,64,4096
"0,005051",72,64,4096
"0,006063",73,64,4096
"0,00595",74,64,4096
"0,00601",75,64,4096
"0,006085",76,64,4096
"0,006174",77,64,4096
"0,006014",78,64,4096
"0,006045",79,64,4096
"0,004926",80,64,4096
"0,007404",81,64,4096
"0,006125",82,64,4096
"0,005948",83,64,4096
"0,005932",84,64,4096
"0,00616",85,64,4096
"0,006041",86,64,4096
"0,006149",87,64,4096
"0,00615",88,64,4096
"0,005845",89,64,4096
"0,005846",90,64,4096
"0,006105",91,64,4096
"0,005943",92,64,4096
"0,005881",93,64,4096
"0,00611",94,64,4096
"0,006157",95,64,4096
"0,006103",96,64,4096
"0,006065",97,64,4096
"0,006108",98,64,4096
"0,006017",99,64,4096
"0,006167",0,128,2048
"0,005951",1,128,2048
"0,006012",2,128,2048
"0,006046",3,128,2048
"0,006166",4,128,2048
"0,006146",5,128,2048
"0,006064",6,128,2048
"0,006015",7,128,2048
"0,005921",8,128,2048
"0,006158",9,128,2048
"0,00592",10,128,2048
"0,00607",11,128,2048
"0,006094",12,128,2048
"0,005874",13,128,2048
"0,006191",14,128,2048
"0,005999",15,128,2048
"0,006021",16,128,2048
"0,006174",17,128,2048
"0,004989",18,128,2048
"0,005948",19,128,2048
"0,006144",20,128,2048
"0,006005",21,128,2048
"0,006137",22,128,2048
"0,006055",23,128,2048
"0,006019",24,128,2048
"0,00609",25,128,2048
"0,006145",26,128,2048
"0,006163",27,128,2048
"0,005994",28,128,2048
"0,006109",29,128,2048
"0,005955",30,128,2048
"0,006162",31,128,2048
"0,006044",32,128,2048
"0,005998",33,128,2048
"0,006038",34,128,2048
"0,006111",35,128,2048
"0,006016",36,128,2048
"0,006178",37,128,2048
"0,006109",38,128,2048
"0,006034",39,128,2048
"0,0062",40,128,2048
"0,006128",41,128,2048
"0,006008",42,128,2048
"0,006293",43,128,2048
"0,005954",44,128,2048
"0,006153",45,128,2048
"0,006126",46,128,2048
"0,006109",47,128,2048
"0,005888",48,128,2048
"0,006202",49,128,2048
"0,006028",50,128,2048
"0,005998",51,128,2048
"0,006143",52,128,2048
"0,005893",53,128,2048
"0,006065",54,128,2048
"0,00595",55,128,2048
"0,00588",56,128,2048
"0,006023",57,128,2048
"0,006246",58,128,2048
"0,004957",59,128,2048
"0,00609",60,128,2048
"0,005951",61,128,2048
"0,006002",62,128,2048
"0,006187",63,128,2048
"0,006127",64,128,2048
"0,006054",65,128,2048
"0,005237",66,128,2048
"0,00596",67,128,2048
"0,005935",68,128,2048
"0,00616",69,128,2048
"0,006106",70,128,2048
"0,006123",71,128,2048
"0,006133",72,128,2048
"0,00604",73,128,2048
"0,005968",74,128,2048
"0,006124",75,128,2048
"0,006084",76,128,2048
"0,006119",77,128,2048
"0,006065",78,128,2048
"0,006107",79,128,2048
"0,005929",80,128,2048
"0,004869",81,128,2048
"0,006151",82,128,2048
"0,006063",83,128,2048
"0,005983",84,128,2048
"0,005955",85,128,2048
"0,006156",86,128,2048
"0,006122",87,128,2048
"0,006112",88,128,2048
"0,006112",89,128,2048
"0,006069",90,128,2048
"0,006121",91,128,2048
"0,006046",92,128,2048
"0,005907",93,128,2048
"0,005907",94,128,2048
"0,00612",95,128,2048
"0,005946",96,128,2048
"0,00594",97,128,2048
"0,006133",98,128,2048
"0,006052",99,128,2048
"0,006064",0,256,1024
"0,005946",1,256,1024
"0,006037",2,256,1024
"0,006089",3,256,1024
"0,005977",4,256,1024
"0,006068",5,256,1024
"0,005928",6,256,1024
"0,005902",7,256,1024
"0,006103",8,256,1024
"0,006105",9,256,1024
"0,006151",10,256,1024
"0,006174",11,256,1024
"0,006131",12,256,1024
"0,005927",13,256,1024
"0,005981",14,256,1024
"0,006195",15,256,1024
"0,00608",16,256,1024
"0,006084",17,256,1024
"0,006098",18,256,1024
"0,006112",19,256,1024
"0,006161",20,256,1024
"0,00619",21,256,1024
"0,006029",22,256,1024
"0,006092",23,256,1024
"0,0061",24,256,1024
"0,006183",25,256,1024
"0,006113",26,256,1024
"0,006067",27,256,1024
"0,006106",28,256,1024
"0,006087",29,256,1024
"0,006112",30,256,1024
"0,006094",31,256,1024
"0,006005",32,256,1024
"0,006137",33,256,1024
"0,00605",34,256,1024
"0,006076",35,256,1024
"0,006161",36,256,1024
"0,00601",37,256,1024
"0,005204",38,256,1024
"0,006127",39,256,1024
"0,006113",40,256,1024
"0,006125",41,256,1024
"0,006079",42,256,1024
"0,006034",43,256,1024
"0,006084",44,256,1024
"0,006087",45,256,1024
"0,005974",46,256,1024
"0,006174",47,256,1024
"0,006028",48,256,1024
"0,006056",49,256,1024
"0,006025",50,256,1024
"0,006022",51,256,1024
"0,006021",52,256,1024
"0,006006",53,256,1024
"0,006006",54,256,1024
"0,005978",55,256,1024
"0,00612",56,256,1024
"0,006036",57,256,1024
"0,00618",58,256,1024
"0,004846",59,256,1024
"0,006069",60,256,1024
"0,006112",61,256,1024
"0,006003",62,256,1024
"0,004841",63,256,1024
"0,006043",64,256,1024
"0,005968",65,256,1024
"0,006116",66,256,1024
"0,006159",67,256,1024
"0,006135",68,256,1024
"0,006117",69,256,1024
"0,006123",70,256,1024
"0,006115",71,256,1024
"0,005996",72,256,1024
"0,006157",73,256,1024
"0,005983",74,256,1024
"0,006031",75,256,1024
"0,006153",76,256,1024
"0,006147",77,256,1024
"0,004954",78,256,1024
"0,006028",79,256,1024
"0,006065",80,256,1024
"0,004927",81,256,1024
"0,00583",82,256,1024
"0,0061",83,256,1024
"0,006139",84,256,1024
"0,006039",85,256,1024
"0,006139",86,256,1024
"0,006102",87,256,1024
"0,00495",88,256,1024
"0,006005",89,256,1024
"0,006104",90,256,1024
"0,005818",91,256,1024
"0,00595",92,256,1024
"0,006142",93,256,1024
"0,005909",94,256,1024
"0,006025",95,256,1024
"0,006208",96,256,1024
"0,006142",97,256,1024
"0,006074",98,256,1024
"0,006143",99,256,1024
"0,006081",0,512,512
"0,006128",1,512,512
"0,006125",2,512,512
"0,005933",3,512,512
"0,006045",4,512,512
"0,006121",5,512,512
"0,006019",6,512,512
"0,006148",7,512,512
"0,005936",8,512,512
"0,006162",9,512,512
"0,006088",10,512,512
"0,006143",11,512,512
"0,005923",12,512,512
"0,006124",13,512,512
"0,005985",14,512,512
"0,005959",15,512,512
"0,006155",16,512,512
"0,004907",17,512,512
"0,006042",18,512,512
"0,006273",19,512,512
"0,006051",20,512,512
"0,006022",21,512,512
"0,006159",22,512,512
"0,00599",23,512,512
"0,005896",24,512,512
"0,00625",25,512,512
"0,006064",26,512,512
"0,006009",27,512,512
"0,006062",28,512,512
"0,004846",29,512,512
"0,006107",30,512,512
"0,006041",31,512,512
"0,006068",32,512,512
"0,006061",33,512,512
"0,006178",34,512,512
"0,006044",35,512,512
"0,00599",36,512,512
"0,00588",37,512,512
"0,005938",38,512,512
"0,006138",39,512,512
"0,006189",40,512,512
"0,005935",41,512,512
"0,006155",42,512,512
"0,006165",43,512,512
"0,005982",44,512,512
"0,006134",45,512,512
"0,005829",46,512,512
"0,006068",47,512,512
"0,006147",48,512,512
"0,005895",49,512,512
"0,006145",50,512,512
"0,006158",51,512,512
"0,006013",52,512,512
"0,006089",53,512,512
"0,006048",54,512,512
"0,005891",55,512,512
"0,006008",56,512,512
"0,00505",57,512,512
"0,006001",58,512,512
"0,006113",59,512,512
"0,006135",60,512,512
"0,006025",61,512,512
"0,006176",62,512,512
"0,006093",63,512,512
"0,006076",64,512,512
"0,006196",65,512,512
"0,006124",66,512,512
"0,005995",67,512,512
"0,006032",68,512,512
"0,006129",69,512,512
"0,004955",70,512,512
"0,006133",71,512,512
"0,006122",72,512,512
"0,006039",73,512,512
"0,006028",74,512,512
"0,006153",75,512,512
"0,006093",76,512,512
"0,006113",77,512,512
"0,00612",78,512,512
"0,006153",79,512,512
"0,006012",80,512,512
"0,006086",81,512,512
"0,005975",82,512,512
"0,005944",83,512,512
"0,006141",84,512,512
"0,006314",85,512,512
"0,005984",86,512,512
"0,006049",87,512,512
"0,006241",88,512,512
"0,006031",89,512,512
"0,006071",90,512,512
"0,006038",91,512,512
"0,006116",92,512,512
"0,00603",93,512,512
"0,006279",94,512,512
"0,005945",95,512,512
"0,006154",96,512,512
"0,006101",97,512,512
"0,00608",98,512,512
"0,006154",99,512,512
"0,006055",0,1024,256
"0,006064",1,1024,256
"0,006018",2,1024,256
"0,005999",3,1024,256
"0,005918",4,1024,256
"0,006144",5,1024,256
"0,006044",6,1024,256
"0,005956",7,1024,256
"0,00621",8,1024,256
"0,005998",9,1024,256
"0,006003",10,1024,256
"0,00619",11,1024,256
"0,004913",12,1024,256
"0,005999",13,1024,256
"0,006146",14,1024,256
"0,00617",15,1024,256
"0,006138",16,1024,256
"0,006128",17,1024,256
"0,006141",18,1024,256
"0,005991",19,1024,256
"0,006109",20,1024,256
"0,006142",21,1024,256
"0,006126",22,1024,256
"0,005972",23,1024,256
"0,005984",24,1024,256
"0,006125",25,1024,256
"0,005998",26,1024,256
"0,006005",27,1024,256
"0,006193",28,1024,256
"0,006039",29,1024,256
"0,004972",30,1024,256
"0,006238",31,1024,256
"0,005985",32,1024,256
"0,005997",33,1024,256
"0,006291",34,1024,256
"0,00604",35,1024,256
"0,005985",36,1024,256
"0,006243",37,1024,256
"0,006052",38,1024,256
"0,006085",39,1024,256
"0,006079",40,1024,256
"0,006133",41,1024,256
"0,006011",42,1024,256
"0,006196",43,1024,256
"0,006011",44,1024,256
"0,006143",45,1024,256
"0,006005",46,1024,256
"0,006129",47,1024,256
"0,005929",48,1024,256
"0,006115",49,1024,256
"0,004964",50,1024,256
"0,006101",51,1024,256
"0,006069",52,1024,256
"0,006036",53,1024,256
"0,006326",54,1024,256
"0,005928",55,1024,256
"0,006074",56,1024,256
"0,00614",57,1024,256
"0,005966",58,1024,256
"0,006079",59,1024,256
"0,006033",60,1024,256
"0,005966",61,1024,256
"0,005878",62,1024,256
"0,006157",63,1024,256
"0,004984",64,1024,256
"0,005915",65,1024,256
"0,006198",66,1024,256
"0,006053",67,1024,256
"0,006157",68,1024,256
"0,005972",69,1024,256
"0,006134",70,1024,256
"0,005938",71,1024,256
"0,006027",72,1024,256
"0,006097",73,1024,256
"0,006009",74,1024,256
"0,004869",75,1024,256
"0,006121",76,1024,256
"0,006164",77,1024,256
"0,005924",78,1024,256
"0,006021",79,1024,256
"0,004961",80,1024,256
"0,006028",81,1024,256
"0,006156",82,1024,256
"0,00606",83,1024,256
"0,004853",84,1024,256
"0,006027",85,1024,256
"0,006208",86,1024,256
"0,00604",87,1024,256
"0,006146",88,1024,256
"0,006166",89,1024,256
"0,004858",90,1024,256
"0,006161",91,1024,256
"0,006068",92,1024,256
"0,006179",93,1024,256
"0,006005",94,1024,256
"0,006141",95,1024,256
"0,006142",96,1024,256
"0,006055",97,1024,256
"0,006053",98,1024,256
"0,006194",99,1024,256
"0,005923",0,2048,128
"0,006024",1,2048,128
"0,006079",2,2048,128
"0,006103",3,2048,128
"0,006178",4,2048,128
"0,005968",5,2048,128
"0,006118",6,2048,128
"0,00596",7,2048,128
"0,006012",8,2048,128
"0,006156",9,2048,128
"0,005975",10,2048,128
"0,006072",11,2048,128
"0,006098",12,2048,128
"0,005989",13,2048,128
"0,004846",14,2048,128
"0,006142",15,2048,128
"0,006063",16,2048,128
"0,005929",17,2048,128
"0,006111",18,2048,128
"0,005862",19,2048,128
"0,00614",20,2048,128
"0,005994",21,2048,128
"0,006973",22,2048,128
"0,006118",23,2048,128
"0,006021",24,2048,128
"0,006008",25,2048,128
"0,006042",26,2048,128
"0,006131",27,2048,128
"0,00598",28,2048,128
"0,006153",29,2048,128
"0,006183",30,2048,128
"0,006133",31,2048,128
"0,006141",32,2048,128
"0,005862",33,2048,128
"0,006006",34,2048,128
"0,006115",35,2048,128
"0,006006",36,2048,128
"0,006071",37,2048,128
"0,006183",38,2048,128
"0,005782",39,2048,128
"0,005923",40,2048,128
"0,006213",41,2048,128
"0,006054",42,2048,128
"0,005",43,2048,128
"0,006204",44,2048,128
"0,006027",45,2048,128
"0,006054",46,2048,128
"0,006031",47,2048,128
"0,006137",48,2048,128
"0,006038",49,2048,128
"0,005978",50,2048,128
"0,004888",51,2048,128
"0,006151",52,2048,128
"0,005974",53,2048,128
"0,006152",54,2048,128
"0,005995",55,2048,128
"0,004207",56,2048,128
"0,005896",57,2048,128
"0,006025",58,2048,128
"0,005843",59,2048,128
"0,006034",60,2048,128
"0,006326",61,2048,128
"0,006058",62,2048,128
"0,006054",63,2048,128
"0,006105",64,2048,128
"0,006001",65,2048,128
"0,005902",66,2048,128
"0,00597",67,2048,128
"0,004819",68,2048,128
"0,006075",69,2048,128
"0,006097",70,2048,128
"0,006041",71,2048,128
"0,006141",72,2048,128
"0,006154",73,2048,128
"0,006145",74,2048,128
"0,006025",75,2048,128
"0,006186",76,2048,128
"0,005962",77,2048,128
"0,004975",78,2048,128
"0,006072",79,2048,128
"0,006012",80,2048,128
"0,006127",81,2048,128
"0,006034",82,2048,128
"0,006097",83,2048,128
"0,006059",84,2048,128
"0,006027",85,2048,128
"0,006105",86,2048,128
"0,006084",87,2048,128
"0,006056",88,2048,128
"0,00601",89,2048,128
"0,006224",90,2048,128
"0,005976",91,2048,128
"0,006065",92,2048,128
"0,006282",93,2048,128
"0,006031",94,2048,128
"0,00609",95,2048,128
"0,006137",96,2048,128
"0,005909",97,2048,128
"0,005928",98,2048,128
"0,00623",99,2048,128
"0,006063",0,4096,64
"0,00595",1,4096,64
"0,006113",2,4096,64
"0,00609",3,4096,64
"0,005905",4,4096,64
"0,005981",5,4096,64
"0,006034",6,4096,64
"0,006104",7,4096,64
"0,006116",8,4096,64
"0,006097",9,4096,64
"0,005899",10,4096,64
"0,006098",11,4096,64
"0,006131",12,4096,64
"0,006075",13,4096,64
"0,005892",14,4096,64
"0,006088",15,4096,64
"0,006099",16,4096,64
"0,006097",17,4096,64
"0,00603",18,4096,64
"0,006175",19,4096,64
"0,00599",20,4096,64
"0,005988",21,4096,64
"0,006334",22,4096,64
"0,005835",23,4096,64
"0,005892",24,4096,64
"0,006201",25,4096,64
"0,005967",26,4096,64
"0,006275",27,4096,64
"0,005994",28,4096,64
"0,00494",29,4096,64
"0,006158",30,4096,64
"0,006012",31,4096,64
"0,006121",32,4096,64
"0,00612",33,4096,64
"0,005929",34,4096,64
"0,006001",35,4096,64
"0,00615",36,4096,64
"0,006042",37,4096,64
"0,006123",38,4096,64
"0,006082",39,4096,64
"0,004969",40,4096,64
"0,005001",41,4096,64
"0,004941",42,4096,64
"0,006112",43,4096,64
"0,005993",44,4096,64
"0,006168",45,4096,64
"0,006096",46,4096,64
"0,006117",47,4096,64
"0,006192",48,4096,64
"0,006088",49,4096,64
"0,005916",50,4096,64
"0,00615",51,4096,64
"0,006072",52,4096,64
"0,005969",53,4096,64
"0,006121",54,4096,64
"0,006087",55,4096,64
"0,006117",56,4096,64
"0,006024",57,4096,64
"0,006044",58,4096,64
"0,00597",59,4096,64
"0,006044",60,4096,64
"0,006135",61,4096,64
"0,006099",62,4096,64
"0,006167",63,4096,64
"0,005971",64,4096,64
"0,006204",65,4096,64
"0,006121",66,4096,64
"0,00597",67,4096,64
"0,006143",68,4096,64
"0,006065",69,4096,64
"0,00611",70,4096,64
"0,006273",71,4096,64
"0,005986",72,4096,64
"0,006124",73,4096,64
"0,006176",74,4096,64
"0,004871",75,4096,64
"0,006097",76,4096,64
"0,006194",77,4096,64
"0,006058",78,4096,64
"0,006074",79,4096,64
"0,006019",80,4096,64
"0,006123",81,4096,64
"0,005983",82,4096,64
"0,006165",83,4096,64
"0,006009",84,4096,64
"0,006079",85,4096,64
"0,005905",86,4096,64
"0,005727",87,4096,64
"0,006056",88,4096,64
"0,005921",89,4096,64
"0,005983",90,4096,64
"0,006076",91,4096,64
"0,0061",92,4096,64
"0,006033",93,4096,64
"0,00619",94,4096,64
"0,006096",95,4096,64
"0,006025",96,4096,64
"0,006079",97,4096,64
"0,006031",98,4096,64
"0,006115",99,4096,64
"0,006056",0,8192,32
"0,006016",1,8192,32
"0,005877",2,8192,32
"0,006058",3,8192,32
"0,005975",4,8192,32
"0,006115",5,8192,32
"0,006214",6,8192,32
"0,005976",7,8192,32
"0,006063",8,8192,32
"0,006125",9,8192,32
"0,005934",10,8192,32
"0,006105",11,8192,32
"0,006131",12,8192,32
"0,006048",13,8192,32
"0,006082",14,8192,32
"0,005958",15,8192,32
"0,006007",16,8192,32
"0,005005",17,8192,32
"0,005961",18,8192,32
"0,006035",19,8192,32
"0,006179",20,8192,32
"0,006073",21,8192,32
"0,006144",22,8192,32
"0,00613",23,8192,32
"0,006095",24,8192,32
"0,00607",25,8192,32
"0,006082",26,8192,32
"0,006172",27,8192,32
"0,006106",28,8192,32
"0,005999",29,8192,32
"0,006162",30,8192,32
"0,006038",31,8192,32
"0,004928",32,8192,32
"0,005883",33,8192,32
"0,006016",34,8192,32
"0,006067",35,8192,32
"0,005969",36,8192,32
"0,006179",37,8192,32
"0,006016",38,8192,32
"0,005897",39,8192,32
"0,006084",40,8192,32
"0,005957",41,8192,32
"0,005984",42,8192,32
"0,006223",43,8192,32
"0,004936",44,8192,32
"0,006018",45,8192,32
"0,006214",46,8192,32
"0,006019",47,8192,32
"0,00487",48,8192,32
"0,00613",49,8192,32
"0,006051",50,8192,32
"0,006046",51,8192,32
"0,006171",52,8192,32
"0,00613",53,8192,32
"0,005992",54,8192,32
"0,006083",55,8192,32
"0,006077",56,8192,32
"0,005999",57,8192,32
"0,00601",58,8192,32
"0,006114",59,8192,32
"0,006078",60,8192,32
"0,006207",61,8192,32
"0,006044",62,8192,32
"0,006093",63,8192,32
"0,006064",64,8192,32
"0,006082",65,8192,32
"0,006146",66,8192,32
"0,006118",67,8192,32
"0,005976",68,8192,32
"0,006183",69,8192,32
"0,00607",70,8192,32
"0,005966",71,8192,32
"0,006132",72,8192,32
"0,006109",73,8192,32
"0,005946",74,8192,32
"0,00614",75,8192,32
"0,006099",76,8192,32
"0,006154",77,8192,32
"0,006016",78,8192,32
"0,006093",79,8192,32
"0,005984",80,8192,32
"0,006177",81,8192,32
"0,005944",82,8192,32
"0,006113",83,8192,32
"0,006038",84,8192,32
"0,004908",85,8192,32
"0,005949",86,8192,32
"0,004903",87,8192,32
"0,00611",88,8192,32
"0,004921",89,8192,32
"0,00616",90,8192,32
"0,005895",91,8192,32
"0,006119",92,8192,32
"0,005039",93,8192,32
"0,006035",94,8192,32
"0,006216",95,8192,32
"0,006035",96,8192,32
"0,006116",97,8192,32
"0,006174",98,8192,32
"0,006018",99,8192,32
"0,010852",0,64,8192
"0,010712",1,64,8192
"0,0109",2,64,8192
"0,010657",3,64,8192
"0,010615",4,64,8192
"0,010729",5,64,8192
"0,010874",6,64,8192
"0,010788",7,64,8192
"0,010603",8,64,8192
"0,011097",9,64,8192
"0,010745",10,64,8192
"0,010801",11,64,8192
"0,010963",12,64,8192
"0,011",13,64,8192
"0,010875",14,64,8192
"0,010952",15,64,8192
"0,010768",16,64,8192
"0,010933",17,64,8192
"0,010877",18,64,8192
"0,010921",19,64,8192
"0,011151",20,64,8192
"0,010919",21,64,8192
"0,010765",22,64,8192
"0,010946",23,64,8192
"0,011322",24,64,8192
"0,010874",25,64,8192
"0,010841",26,64,8192
"0,010953",27,64,8192
"0,010928",28,64,8192
"0,010891",29,64,8192
"0,010682",30,64,8192
"0,011055",31,64,8192
"0,011034",32,64,8192
"0,010955",33,64,8192
"0,011047",34,64,8192
"0,010877",35,64,8192
"0,010861",36,64,8192
"0,009778",37,64,8192
"0,010944",38,64,8192
"0,011005",39,64,8192
"0,010726",40,64,8192
"0,010946",41,64,8192
"0,01119",42,64,8192
"0,010841",43,64,8192
"0,010645",44,64,8192
"0,011044",45,64,8192
"0,010792",46,64,8192
"0,010743",47,64,8192
"0,010879",48,64,8192
"0,010941",49,64,8192
"0,009703",50,64,8192
"0,010976",51,64,8192
"0,010754",52,64,8192
"0,01104",53,64,8192
"0,009911",54,64,8192
"0,01072",55,64,8192
"0,011283",56,64,8192
"0,01089",57,64,8192
"0,010681",58,64,8192
"0,010925",59,64,8192
"0,00959",60,64,8192
"0,010751",61,64,8192
"0,010983",62,64,8192
"0,010779",63,64,8192
"0,00996",64,64,8192
"0,010777",65,64,8192
"0,01076",66,64,8192
"0,011023",67,64,8192
"0,010938",68,64,8192
"0,010912",69,64,8192
"0,01099",70,64,8192
"0,010958",71,64,8192
"0,0098",72,64,8192
"0,010749",73,64,8192
"0,010941",74,64,8192
"0,010844",75,64,8192
"0,010928",76,64,8192
"0,010813",77,64,8192
"0,010942",78,64,8192
"0,010958",79,64,8192
"0,010733",80,64,8192
"0,011072",81,64,8192
"0,010779",82,64,8192
"0,010548",83,64,8192
"0,010954",84,64,8192
"0,011019",85,64,8192
"0,011027",86,64,8192
"0,01106",87,64,8192
"0,010901",88,64,8192
"0,011116",89,64,8192
"0,010649",90,64,8192
"0,010793",91,64,8192
"0,011021",92,64,8192
"0,01195",93,64,8192
"0,010674",94,64,8192
"0,010985",95,64,8192
"0,01094",96,64,8192
"0,010952",97,64,8192
"0,010909",98,64,8192
"0,010718",99,64,8192
"0,011024",0,128,4096
"0,010761",1,128,4096
"0,010952",2,128,4096
"0,011122",3,128,4096
"0,010703",4,128,4096
"0,010788",5,128,4096
"0,01111",6,128,4096
"0,010831",7,128,4096
"0,010884",8,128,4096
"0,010749",9,128,4096
"0,010963",10,128,4096
"0,010807",11,128,4096
"0,010845",12,128,4096
"0,01101",13,128,4096
"0,011147",14,128,4096
"0,010676",15,128,4096
"0,010795",16,128,4096
"0,010994",17,128,4096
"0,010842",18,128,4096
"0,010833",19,128,4096
"0,010675",20,128,4096
"0,010918",21,128,4096
"0,01089",22,128,4096
"0,010641",23,128,4096
"0,010935",24,128,4096
"0,011258",25,128,4096
"0,010962",26,128,4096
"0,009656",27,128,4096
"0,011368",28,128,4096
"0,010884",29,128,4096
"0,010727",30,128,4096
"0,010952",31,128,4096
"0,010749",32,128,4096
"0,010923",33,128,4096
"0,010626",34,128,4096
"0,010641",35,128,4096
"0,01102",36,128,4096
"0,010737",37,128,4096
"0,010979",38,128,4096
"0,010983",39,128,4096
"0,011027",40,128,4096
"0,010762",41,128,4096
"0,011057",42,128,4096
"0,010691",43,128,4096
"0,010928",44,128,4096
"0,010681",45,128,4096
"0,010926",46,128,4096
"0,010796",47,128,4096
"0,010825",48,128,4096
"0,010919",49,128,4096
"0,011212",50,128,4096
"0,010852",51,128,4096
"0,010918",52,128,4096
"0,0109",53,128,4096
"0,01069",54,128,4096
"0,010969",55,128,4096
"0,010753",56,128,4096
"0,0107",57,128,4096
"0,0109",58,128,4096
"0,010955",59,128,4096
"0,010726",60,128,4096
"0,011112",61,128,4096
"0,010785",62,128,4096
"0,010972",63,128,4096
"0,010958",64,128,4096
"0,010852",65,128,4096
"0,010742",66,128,4096
"0,010931",67,128,4096
"0,010721",68,128,4096
"0,010917",69,128,4096
"0,010906",70,128,4096
"0,010924",71,128,4096
"0,010884",72,128,4096
"0,010735",73,128,4096
"0,010755",74,128,4096
"0,01108",75,128,4096
"0,010715",76,128,4096
"0,010838",77,128,4096
"0,010971",78,128,4096
"0,010873",79,128,4096
"0,010603",80,128,4096
"0,010973",81,128,4096
"0,010802",82,128,4096
"0,010964",83,128,4096
"0,010697",84,128,4096
"0,010806",85,128,4096
"0,010924",86,128,4096
"0,010905",87,128,4096
"0,009649",88,128,4096
"0,011195",89,128,4096
"0,010774",90,128,4096
"0,011003",91,128,4096
"0,010848",92,128,4096
"0,009865",93,128,4096
"0,0107",94,128,4096
"0,010802",95,128,4096
"0,010566",96,128,4096
"0,010849",97,128,4096
"0,010778",98,128,4096
"0,010801",99,128,4096
"0,010898",0,256,2048
"0,010822",1,256,2048
"0,010771",2,256,2048
"0,011302",3,256,2048
"0,010687",4,256,2048
"0,010709",5,256,2048
"0,011044",6,256,2048
"0,010768",7,256,2048
"0,010899",8,256,2048
"0,010725",9,256,2048
"0,011036",10,256,2048
"0,010748",11,256,2048
"0,010738",12,256,2048
"0,011",13,256,2048
"0,009848",14,256,2048
"0,010673",15,256,2048
"0,010776",16,256,2048
"0,011036",17,256,2048
"0,011035",18,256,2048
"0,01072",19,256,2048
"0,010966",20,256,2048
"0,010868",21,256,2048
"0,010805",22,256,2048
"0,011006",23,256,2048
"0,010954",24,256,2048
"0,011201",25,256,2048
"0,010833",26,256,2048
"0,010762",27,256,2048
"0,011082",28,256,2048
"0,010673",29,256,2048
"0,010998",30,256,2048
"0,010941",31,256,2048
"0,010684",32,256,2048
"0,01099",33,256,2048
"0,010966",34,256,2048
"0,010855",35,256,2048
"0,01101",36,256,2048
"0,010895",37,256,2048
"0,010874",38,256,2048
"0,011104",39,256,2048
"0,010601",40,256,2048
"0,010882",41,256,2048
"0,01094",42,256,2048
"0,010832",43,256,2048
"0,010837",44,256,2048
"0,010649",45,256,2048
"0,010637",46,256,2048
"0,010897",47,256,2048
"0,010671",48,256,2048
"0,01082",49,256,2048
"0,011121",50,256,2048
"0,010684",51,256,2048
"0,010974",52,256,2048
"0,010038",53,256,2048
"0,010681",54,256,2048
"0,010867",55,256,2048
"0,010799",56,256,2048
"0,010788",57,256,2048
"0,011175",58,256,2048
"0,010748",59,256,2048
"0,010976",60,256,2048
"0,011119",61,256,2048
"0,010706",62,256,2048
"0,011194",63,256,2048
"0,010962",64,256,2048
"0,010878",65,256,2048
"0,010703",66,256,2048
"0,01083",67,256,2048
"0,010731",68,256,2048
"0,011037",69,256,2048
"0,010687",70,256,2048
"0,010843",71,256,2048
"0,010982",72,256,2048
"0,010952",73,256,2048
"0,009631",74,256,2048
"0,011219",75,256,2048
"0,010773",76,256,2048
"0,010932",77,256,2048
"0,010771",78,256,2048
"0,010963",79,256,2048
"0,010634",80,256,2048
"0,01077",81,256,2048
"0,010881",82,256,2048
"0,010835",83,256,2048
"0,010695",84,256,2048
"0,010705",85,256,2048
"0,010937",86,256,2048
"0,01085",87,256,2048
"0,010945",88,256,2048
"0,0109",89,256,2048
"0,011044",90,256,2048
"0,010801",91,256,2048
"0,010846",92,256,2048
"0,010802",93,256,2048
"0,010911",94,256,2048
"0,010738",95,256,2048
"0,010707",96,256,2048
"0,010973",97,256,2048
"0,011057",98,256,2048
"0,010614",99,256,2048
"0,010932",0,512,1024
"0,010705",1,512,1024
"0,010967",2,512,1024
"0,010689",3,512,1024
"0,010581",4,512,1024
"0,010739",5,512,1024
"0,010883",6,512,1024
"0,010857",7,512,1024
"0,010992",8,512,1024
"0,010881",9,512,1024
"0,010644",10,512,1024
"0,011045",11,512,1024
"0,010743",12,512,1024
"0,010673",13,512,1024
"0,011273",14,512,1024
"0,0108",15,512,1024
"0,011015",16,512,1024
"0,010798",17,512,1024
"0,01085",18,512,1024
"0,010778",19,512,1024
"0,009901",20,512,1024
"0,010706",21,512,1024
"0,010851",22,512,1024
"0,009634",23,512,1024
"0,01082",24,512,1024
"0,011035",25,512,1024
"0,010771",26,512,1024
"0,009883",27,512,1024
"0,011005",28,512,1024
"0,0109",29,512,1024
"0,010855",30,512,1024
"0,010749",31,512,1024
"0,010912",32,512,1024
"0,010947",33,512,1024
"0,010653",34,512,1024
"0,01086",35,512,1024
"0,010858",36,512,1024
"0,010822",37,512,1024
"0,010891",38,512,1024
"0,011111",39,512,1024
"0,010944",40,512,1024
"0,010565",41,512,1024
"0,010863",42,512,1024
"0,010806",43,512,1024
"0,010989",44,512,1024
"0,011019",45,512,1024
"0,01088",46,512,1024
"0,010893",47,512,1024
"0,01092",48,512,1024
"0,009823",49,512,1024
"0,010127",50,512,1024
"0,0106",51,512,1024
"0,010847",52,512,1024
"0,011095",53,512,1024
"0,010696",54,512,1024
"0,010735",55,512,1024
"0,011054",56,512,1024
"0,010735",57,512,1024
"0,010885",58,512,1024
"0,010678",59,512,1024
"0,010882",60,512,1024
"0,011193",61,512,1024
"0,010402",62,512,1024
"0,010973",63,512,1024
"0,01109",64,512,1024
"0,010893",65,512,1024
"0,010965",66,512,1024
"0,010786",67,512,1024
"0,010548",68,512,1024
"0,011012",69,512,1024
"0,010634",70,512,1024
"0,010734",71,512,1024
"0,01093",72,512,1024
"0,010708",73,512,1024
"0,010797",74,512,1024
"0,011124",75,512,1024
"0,010909",76,512,1024
"0,010681",77,512,1024
"0,010881",78,512,1024
"0,010746",79,512,1024
"0,010945",80,512,1024
"0,009905",81,512,1024
"0,01071",82,512,1024
"0,010964",83,512,1024
"0,010921",84,512,1024
"0,010692",85,512,1024
"0,010969",86,512,1024
"0,010751",87,512,1024
"0,010947",88,512,1024
"0,010939",89,512,1024
"0,01092",90,512,1024
"0,010764",91,512,1024
"0,0108",92,512,1024
"0,010805",93,512,1024
"0,010893",94,512,1024
"0,01088",95,512,1024
"0,010627",96,512,1024
"0,010012",97,512,1024
"0,010612",98,512,1024
"0,010767",99,512,1024
"0,009782",0,1024,512
"0,010895",1,1024,512
"0,010619",2,1024,512
"0,010856",3,1024,512
"0,01069",4,1024,512
"0,011068",5,1024,512
"0,010705",6,1024,512
"0,009798",7,1024,512
"0,010996",8,1024,512
"0,011013",9,1024,512
"0,011011",10,1024,512
"0,010961",11,1024,512
"0,010873",12,1024,512
"0,010758",13,1024,512
"0,010968",14,1024,512
"0,010784",15,1024,512
"0,010855",16,1024,512
"0,010855",17,1024,512
"0,011046",18,1024,512
"0,010939",19,1024,512
"0,010567",20,1024,512
"0,010831",21,1024,512
"0,010241",22,1024,512
"0,010785",23,1024,512
"0,011038",24,1024,512
"0,010975",25,1024,512
"0,010817",26,1024,512
"0,011055",27,1024,512
"0,010707",28,1024,512
"0,011051",29,1024,512
"0,01101",30,1024,512
"0,010961",31,1024,512
"0,01081",32,1024,512
"0,011156",33,1024,512
"0,01062",34,1024,512
"0,010764",35,1024,512
"0,011069",36,1024,512
"0,010769",37,1024,512
"0,010886",38,1024,512
"0,010737",39,1024,512
"0,010784",40,1024,512
"0,010902",41,1024,512
"0,010934",42,1024,512
"0,010773",43,1024,512
"0,011096",44,1024,512
"0,010987",45,1024,512
"0,010807",46,1024,512
"0,011093",47,1024,512
"0,010731",48,1024,512
"0,01077",49,1024,512
"0,0109",50,1024,512
"0,010887",51,1024,512
"0,010878",52,1024,512
"0,010568",53,1024,512
"0,010975",54,1024,512
"0,011011",55,1024,512
"0,010908",56,1024,512
"0,010963",57,1024,512
"0,01111",58,1024,512
"0,010782",59,1024,512
"0,010765",60,1024,512
"0,010881",61,1024,512
"0,010643",62,1024,512
"0,010953",63,1024,512
"0,010702",64,1024,512
"0,010913",65,1024,512
"0,010919",66,1024,512
"0,010688",67,1024,512
"0,010707",68,1024,512
"0,010981",69,1024,512
"0,010933",70,1024,512
"0,011",71,1024,512
"0,011079",72,1024,512
"0,010663",73,1024,512
"0,010706",74,1024,512
"0,01101",75,1024,512
"0,011012",76,1024,512
"0,011017",77,1024,512
"0,010909",78,1024,512
"0,010818",79,1024,512
"0,010981",80,1024,512
"0,010682",81,1024,512
"0,010631",82,1024,512
"0,011021",83,1024,512
"0,010738",84,1024,512
"0,010884",85,1024,512
"0,010904",86,1024,512
"0,01095",87,1024,512
"0,010791",88,1024,512
"0,010717",89,1024,512
"0,01095",90,1024,512
"0,010986",91,1024,512
"0,010643",92,1024,512
"0,010778",93,1024,512
"0,010947",94,1024,512
"0,010883",95,1024,512
"0,010978",96,1024,512
"0,010842",97,1024,512
"0,010793",98,1024,512
"0,010854",99,1024,512
"0,010645",0,2048,256
"0,010786",1,2048,256
"0,011068",2,2048,256
"0,010686",3,2048,256
"0,010639",4,2048,256
"0,0111",5,2048,256
"0,010864",6,2048,256
"0,010777",7,2048,256
"0,010985",8,2048,256
"0,010702",9,2048,256
"0,010827",10,2048,256
"0,010831",11,2048,256
"0,010962",12,2048,256
"0,010759",13,2048,256
"0,009723",14,2048,256
"0,009705",15,2048,256
"0,011077",16,2048,256
"0,010806",17,2048,256
"0,010714",18,2048,256
"0,011038",19,2048,256
"0,010828",20,2048,256
"0,01087",21,2048,256
"0,010653",22,2048,256
"0,009691",23,2048,256
"0,0111",24,2048,256
"0,011012",25,2048,256
"0,010784",26,2048,256
"0,011098",27,2048,256
"0,010874",28,2048,256
"0,009668",29,2048,256
"0,011088",30,2048,256
"0,010913",31,2048,256
"0,010758",32,2048,256
"0,009901",33,2048,256
"0,010804",34,2048,256
"0,010755",35,2048,256
"0,010611",36,2048,256
"0,010709",37,2048,256
"0,011181",38,2048,256
"0,01073",39,2048,256
"0,010959",40,2048,256
"0,011044",41,2048,256
"0,010893",42,2048,256
"0,010772",43,2048,256
"0,010948",44,2048,256
"0,010739",45,2048,256
"0,010815",46,2048,256
"0,010925",47,2048,256
"0,01078",48,2048,256
"0,010831",49,2048,256
"0,010725",50,2048,256
"0,010904",51,2048,256
"0,010888",52,2048,256
"0,01094",53,2048,256
"0,010567",54,2048,256
"0,010956",55,2048,256
"0,010607",56,2048,256
"0,01102",57,2048,256
"0,010719",58,2048,256
"0,010936",59,2048,256
"0,011001",60,2048,256
"0,01072",61,2048,256
"0,009803",62,2048,256
"0,00993",63,2048,256
"0,010795",64,2048,256
"0,010909",65,2048,256
"0,011007",66,2048,256
"0,010646",67,2048,256
"0,010903",68,2048,256
"0,010846",69,2048,256
"0,010889",70,2048,256
"0,010714",71,2048,256
"0,010612",72,2048,256
"0,010705",73,2048,256
"0,011195",74,2048,256
"0,010861",75,2048,256
"0,010841",76,2048,256
"0,010982",77,2048,256
"0,010682",78,2048,256
"0,011057",79,2048,256
"0,010784",80,2048,256
"0,010822",81,2048,256
"0,01098",82,2048,256
"0,010979",83,2048,256
"0,010802",84,2048,256
"0,010954",85,2048,256
"0,010979",86,2048,256
"0,010989",87,2048,256
"0,011001",88,2048,256
"0,010938",89,2048,256
"0,009905",90,2048,256
"0,010749",91,2048,256
"0,010903",92,2048,256
"0,010812",93,2048,256
"0,010846",94,2048,256
"0,010712",95,2048,256
"0,01099",96,2048,256
"0,010758",97,2048,256
"0,010912",98,2048,256
"0,011093",99,2048,256
"0,010968",0,4096,128
"0,010893",1,4096,128
"0,010887",2,4096,128
"0,010913",3,4096,128
"0,010935",4,4096,128
"0,010635",5,4096,128
"0,010886",6,4096,128
"0,010873",7,4096,128
"0,010992",8,4096,128
"0,010886",9,4096,128
"0,010985",10,4096,128
"0,010655",11,4096,128
"0,010844",12,4096,128
"0,011095",13,4096,128
"0,010817",14,4096,128
"0,010851",15,4096,128
"0,010755",16,4096,128
"0,01098",17,4096,128
"0,010671",18,4096,128
"0,010827",19,4096,128
"0,010924",20,4096,128
"0,010868",21,4096,128
"0,010834",22,4096,128
"0,010755",23,4096,128
"0,011253",24,4096,128
"0,010631",25,4096,128
"0,010906",26,4096,128
"0,010776",27,4096,128
"0,010963",28,4096,128
"0,010704",29,4096,128
"0,010918",30,4096,128
"0,010756",31,4096,128
"0,01087",32,4096,128
"0,010574",33,4096,128
"0,010793",34,4096,128
"0,011047",35,4096,128
"0,010906",36,4096,128
"0,010697",37,4096,128
"0,010002",38,4096,128
"0,010764",39,4096,128
"0,009715",40,4096,128
"0,010855",41,4096,128
"0,010814",42,4096,128
"0,010753",43,4096,128
"0,010875",44,4096,128
"0,010895",45,4096,128
"0,010955",46,4096,128
"0,010708",47,4096,128
"0,011025",48,4096,128
"0,011118",49,4096,128
"0,010958",50,4096,128
"0,010874",51,4096,128
"0,010942",52,4096,128
"0,01081",53,4096,128
"0,010635",54,4096,128
"0,010893",55,4096,128
"0,010888",56,4096,128
"0,010897",57,4096,128
"0,010711",58,4096,128
"0,00974",59,4096,128
"0,010997",60,4096,128
"0,010633",61,4096,128
"0,01078",62,4096,128
"0,010953",63,4096,128
"0,010678",64,4096,128
"0,010891",65,4096,128
"0,010923",66,4096,128
"0,010981",67,4096,128
"0,010671",68,4096,128
"0,010992",69,4096,128
"0,010724",70,4096,128
"0,010874",71,4096,128
"0,010776",72,4096,128
"0,010819",73,4096,128
"0,011088",74,4096,128
"0,010879",75,4096,128
"0,010759",76,4096,128
"0,01093",77,4096,128
"0,010563",78,4096,128
"0,010844",79,4096,128
"0,010729",80,4096,128
"0,010862",81,4096,128
"0,010936",82,4096,128
"0,010612",83,4096,128
"0,010595",84,4096,128
"0,010938",85,4096,128
"0,010918",86,4096,128
"0,010905",87,4096,128
"0,010995",88,4096,128
"0,010673",89,4096,128
"0,010773",90,4096,128
"0,010997",91,4096,128
"0,010631",92,4096,128
"0,011001",93,4096,128
"0,010699",94,4096,128
"0,010855",95,4096,128
"0,009861",96,4096,128
"0,010619",97,4096,128
"0,010611",98,4096,128
"0,010988",99,4096,128
"0,010914",0,8192,64
"0,010872",1,8192,64
"0,010706",2,8192,64
"0,010714",3,8192,64
"0,010835",4,8192,64
"0,010713",5,8192,64
"0,010722",6,8192,64
"0,01094",7,8192,64
"0,01067",8,8192,64
"0,010809",9,8192,64
"0,010879",10,8192,64
"0,011015",11,8192,64
"0,01076",12,8192,64
"0,010914",13,8192,64
"0,011",14,8192,64
"0,010724",15,8192,64
"0,010875",16,8192,64
"0,010677",17,8192,64
"0,010734",18,8192,64
"0,010939",19,8192,64
"0,010875",20,8192,64
"0,010898",21,8192,64
"0,010845",22,8192,64
"0,010784",23,8192,64
"0,011294",24,8192,64
"0,01086",25,8192,64
"0,0109",26,8192,64
"0,009669",27,8192,64
"0,011012",28,8192,64
"0,010898",29,8192,64
"0,010814",30,8192,64
"0,009847",31,8192,64
"0,010843",32,8192,64
"0,010917",33,8192,64
"0,010959",34,8192,64
"0,011376",35,8192,64
"0,010665",36,8192,64
"0,01058",37,8192,64
"0,010939",38,8192,64
"0,010874",39,8192,64
"0,010921",40,8192,64
"0,010677",41,8192,64
"0,009889",42,8192,64
"0,011106",43,8192,64
"0,010957",44,8192,64
"0,0107",45,8192,64
"0,009814",46,8192,64
"0,00968",47,8192,64
"0,010988",48,8192,64
"0,011005",49,8192,64
"0,009535",50,8192,64
"0,010643",51,8192,64
"0,011004",52,8192,64
"0,010787",53,8192,64
"0,010877",54,8192,64
"0,011",55,8192,64
"0,010905",56,8192,64
"0,010936",57,8192,64
"0,010782",58,8192,64
"0,010905",59,8192,64
"0,01098",60,8192,64
"0,010603",61,8192,64
"0,010765",62,8192,64
"0,010987",63,8192,64
"0,010783",64,8192,64
"0,01062",65,8192,64
"0,010961",66,8192,64
"0,010797",67,8192,64
"0,010887",68,8192,64
"0,010819",69,8192,64
"0,010604",70,8192,64
"0,011054",71,8192,64
"0,010866",72,8192,64
"0,010645",73,8192,64
"0,011188",74,8192,64
"0,010941",75,8192,64
"0,010788",76,8192,64
"0,010743",77,8192,64
"0,010918",78,8192,64
"0,01062",79,8192,64
"0,010939",80,8192,64
"0,010879",81,8192,64
"0,01089",82,8192,64
"0,011008",83,8192,64
"0,010959",84,8192,64
"0,010856",85,8192,64
"0,010777",86,8192,64
"0,010899",87,8192,64
"0,010821",88,8192,64
"0,010695",89,8192,64
"0,011027",90,8192,64
"0,010757",91,8192,64
"0,010804",92,8192,64
"0,010806",93,8192,64
"0,010601",94,8192,64
"0,010774",95,8192,64
"0,011031",96,8192,64
"0,010687",97,8192,64
"0,010576",98,8192,64
"0,011052",99,8192,64
"0,02018",0,128,8192
"0,020171",1,128,8192
"0,019707",2,128,8192
"0,019929",3,128,8192
"0,020521",4,128,8192
"0,019875",5,128,8192
"0,020299",6,128,8192
"0,020225",7,128,8192
"0,019954",8,128,8192
"0,020611",9,128,8192
"0,019766",10,128,8192
"0,020231",11,128,8192
"0,02004",12,128,8192
"0,020228",13,128,8192
"0,019965",14,128,8192
"0,0202",15,128,8192
"0,020099",16,128,8192
"0,020426",17,128,8192
"0,0198",18,128,8192
"0,020334",19,128,8192
"0,019836",20,128,8192
"0,020094",21,128,8192
"0,02011",22,128,8192
"0,019938",23,128,8192
"0,020261",24,128,8192
"0,02017",25,128,8192
"0,020041",26,128,8192
"0,020433",27,128,8192
"0,020147",28,128,8192
"0,020197",29,128,8192
"0,019871",30,128,8192
"0,020267",31,128,8192
"0,020275",32,128,8192
"0,019707",33,128,8192
"0,020141",34,128,8192
"0,020196",35,128,8192
"0,019871",36,128,8192
"0,020226",37,128,8192
"0,019928",38,128,8192
"0,020156",39,128,8192
"0,020357",40,128,8192
"0,020117",41,128,8192
"0,020001",42,128,8192
"0,020099",43,128,8192
"0,02023",44,128,8192
"0,020427",45,128,8192
"0,020006",46,128,8192
"0,020104",47,128,8192
"0,020181",48,128,8192
"0,019646",49,128,8192
"0,019872",50,128,8192
"0,019589",51,128,8192
"0,020283",52,128,8192
"0,020306",53,128,8192
"0,01963",54,128,8192
"0,018968",55,128,8192
"0,020219",56,128,8192
"0,020447",57,128,8192
"0,020129",58,128,8192
"0,020182",59,128,8192
"0,020052",60,128,8192
"0,020088",61,128,8192
"0,018998",62,128,8192
"0,020436",63,128,8192
"0,020013",64,128,8192
"0,019778",65,128,8192
"0,020577",66,128,8192
"0,01976",67,128,8192
"0,019838",68,128,8192
"0,02021",69,128,8192
"0,019929",70,128,8192
"0,020388",71,128,8192
"0,020073",72,128,8192
"0,019972",73,128,8192
"0,019711",74,128,8192
"0,020082",75,128,8192
"0,020205",76,128,8192
"0,019532",77,128,8192
"0,020081",78,128,8192
"0,02036",79,128,8192
"0,019525",80,128,8192
"0,020183",81,128,8192
"0,020019",82,128,8192
"0,0202",83,128,8192
"0,020664",84,128,8192
"0,018869",85,128,8192
"0,0202",86,128,8192
"0,020208",87,128,8192
"0,018688",88,128,8192
"0,020194",89,128,8192
"0,020075",90,128,8192
"0,019836",91,128,8192
"0,01942",92,128,8192
"0,019659",93,128,8192
"0,020192",94,128,8192
"0,019839",95,128,8192
"0,019966",96,128,8192
"0,020291",97,128,8192
"0,020292",98,128,8192
"0,019958",99,128,8192
"0,019809",0,256,4096
"0,019997",1,256,4096
"0,020319",2,256,4096
"0,0188",3,256,4096
"0,019857",4,256,4096
"0,020635",5,256,4096
"0,019619",6,256,4096
"0,020148",7,256,4096
"0,019502",8,256,4096
"0,020157",9,256,4096
"0,020331",10,256,4096
"0,019846",11,256,4096
"0,02024",12,256,4096
"0,020601",13,256,4096
"0,019733",14,256,4096
"0,020901",15,256,4096
"0,019757",16,256,4096
"0,018144",17,256,4096
"0,019214",18,256,4096
"0,019819",19,256,4096
"0,020454",20,256,4096
"0,019656",21,256,4096
"0,019878",22,256,4096
"0,020729",23,256,4096
"0,019608",24,256,4096
"0,019762",25,256,4096
"0,020532",26,256,4096
"0,019834",27,256,4096
"0,020313",28,256,4096
"0,019853",29,256,4096
"0,020405",30,256,4096
"0,019861",31,256,4096
"0,020025",32,256,4096
"0,020373",33,256,4096
"0,020213",34,256,4096
"0,020287",35,256,4096
"0,020623",36,256,4096
"0,019886",37,256,4096
"0,020611",38,256,4096
"0,01979",39,256,4096
"0,019755",40,256,4096
"0,020684",41,256,4096
"0,02024",42,256,4096
"0,020334",43,256,4096
"0,019952",44,256,4096
"0,020254",45,256,4096
"0,020381",46,256,4096
"0,01999",47,256,4096
"0,020161",48,256,4096
"0,019698",49,256,4096
"0,020217",50,256,4096
"0,019349",51,256,4096
"0,019751",52,256,4096
"0,020116",53,256,4096
"0,019955",54,256,4096
"0,020242",55,256,4096
"0,01987",56,256,4096
"0,020067",57,256,4096
"0,019592",58,256,4096
"0,020647",59,256,4096
"0,019897",60,256,4096
"0,020125",61,256,4096
"0,020015",62,256,4096
"0,019837",63,256,4096
"0,020725",64,256,4096
"0,019509",65,256,4096
"0,019605",66,256,4096
"0,020134",67,256,4096
"0,019755",68,256,4096
"0,020437",69,256,4096
"0,019597",70,256,4096
"0,019636",71,256,4096
"0,020136",72,256,4096
"0,019683",73,256,4096
"0,020113",74,256,4096
"0,020054",75,256,4096
"0,019926",76,256,4096
"0,020349",77,256,4096
"0,019662",78,256,4096
"0,01989",79,256,4096
"0,020077",80,256,4096
"0,019868",81,256,4096
"0,020362",82,256,4096
"0,020369",83,256,4096
"0,020152",84,256,4096
"0,020233",85,256,4096
"0,019727",86,256,4096
"0,019689",87,256,4096
"0,020039",88,256,4096
"0,01993",89,256,4096
"0,020825",90,256,4096
"0,020226",91,256,4096
"0,020137",92,256,4096
"0,019844",93,256,4096
"0,020119",94,256,4096
"0,020286",95,256,4096
"0,019736",96,256,4096
"0,020333",97,256,4096
"0,01984",98,256,4096
"0,020201",99,256,4096
"0,02025",0,512,2048
"0,020002",1,512,2048
"0,020072",2,512,2048
"0,020473",3,512,2048
"0,020246",4,512,2048
"0,019609",5,512,2048
"0,019847",6,512,2048
"0,020237",7,512,2048
"0,020619",8,512,2048
"0,020064",9,512,2048
"0,020188",10,512,2048
"0,020061",11,512,2048
"0,020201",12,512,2048
"0,020219",13,512,2048
"0,019646",14,512,2048
"0,019775",15,512,2048
"0,020117",16,512,2048
"0,019925",17,512,2048
"0,020329",18,512,2048
"0,020213",19,512,2048
"0,019783",20,512,2048
"0,020377",21,512,2048
"0,020512",22,512,2048
"0,02018",23,512,2048
"0,01964",24,512,2048
"0,019721",25,512,2048
"0,020369",26,512,2048
"0,019627",27,512,2048
"0,020116",28,512,2048
"0,01879",29,512,2048
"0,020265",30,512,2048
"0,020406",31,512,2048
"0,019591",32,512,2048
"0,020334",33,512,2048
"0,02023",34,512,2048
"0,020302",35,512,2048
"0,01975",36,512,2048
"0,020242",37,512,2048
"0,019899",38,512,2048
"0,020721",39,512,2048
"0,01989",40,512,2048
"0,020161",41,512,2048
"0,01989",42,512,2048
"0,020178",43,512,2048
"0,020513",44,512,2048
"0,020237",45,512,2048
"0,020281",46,512,2048
"0,019759",47,512,2048
"0,020122",48,512,2048
"0,020322",49,512,2048
"0,019693",50,512,2048
"0,020014",51,512,2048
"0,020314",52,512,2048
"0,020233",53,512,2048
"0,01984",54,512,2048
"0,019734",55,512,2048
"0,019317",56,512,2048
"0,020721",57,512,2048
"0,019768",58,512,2048
"0,020068",59,512,2048
"0,019786",60,512,2048
"0,020308",61,512,2048
"0,020143",62,512,2048
"0,020137",63,512,2048
"0,019302",64,512,2048
"0,020465",65,512,2048
"0,020188",66,512,2048
"0,019841",67,512,2048
"0,02022",68,512,2048
"0,020273",69,512,2048
"0,020692",70,512,2048
"0,019514",71,512,2048
"0,020138",72,512,2048
"0,019987",73,512,2048
"0,020391",74,512,2048
"0,020239",75,512,2048
"0,020244",76,512,2048
"0,020123",77,512,2048
"0,020497",78,512,2048
"0,019826",79,512,2048
"0,020119",80,512,2048
"0,020545",81,512,2048
"0,020132",82,512,2048
"0,020509",83,512,2048
"0,019879",84,512,2048
"0,019149",85,512,2048
"0,019827",86,512,2048
"0,020078",87,512,2048
"0,02046",88,512,2048
"0,020122",89,512,2048
"0,020326",90,512,2048
"0,020231",91,512,2048
"0,019961",92,512,2048
"0,02021",93,512,2048
"0,019519",94,512,2048
"0,019853",95,512,2048
"0,020483",96,512,2048
"0,019944",97,512,2048
"0,020195",98,512,2048
"0,019797",99,512,2048
"0,020095",0,1024,1024
"0,020697",1,1024,1024
"0,019659",2,1024,1024
"0,019705",3,1024,1024
"0,020367",4,1024,1024
"0,019982",5,1024,1024
"0,020311",6,1024,1024
"0,019903",7,1024,1024
"0,020215",8,1024,1024
"0,020114",9,1024,1024
"0,020209",10,1024,1024
"0,020389",11,1024,1024
"0,019645",12,1024,1024
"0,02012",13,1024,1024
"0,020119",14,1024,1024
"0,019909",15,1024,1024
"0,020061",16,1024,1024
"0,019939",17,1024,1024
"0,020108",18,1024,1024
"0,020135",19,1024,1024
"0,019908",20,1024,1024
"0,020258",21,1024,1024
"0,019543",22,1024,1024
"0,020332",23,1024,1024
"0,020193",24,1024,1024
"0,019701",25,1024,1024
"0,019295",26,1024,1024
"0,020352",27,1024,1024
"0,019888",28,1024,1024
"0,020313",29,1024,1024
"0,020215",30,1024,1024
"0,019824",31,1024,1024
"0,020429",32,1024,1024
"0,020052",33,1024,1024
"0,019278",34,1024,1024
"0,019801",35,1024,1024
"0,01959",36,1024,1024
"0,020258",37,1024,1024
"0,020237",38,1024,1024
"0,019841",39,1024,1024
"0,020521",40,1024,1024
"0,020224",41,1024,1024
"0,019909",42,1024,1024
"0,020289",43,1024,1024
"0,019631",44,1024,1024
"0,020588",45,1024,1024
"0,020145",46,1024,1024
"0,020154",47,1024,1024
"0,019711",48,1024,1024
"0,020003",49,1024,1024
"0,020459",50,1024,1024
"0,018925",51,1024,1024
"0,020167",52,1024,1024
"0,020055",53,1024,1024
"0,020284",54,1024,1024
"0,019892",55,1024,1024
"0,020379",56,1024,1024
"0,019852",57,1024,1024
"0,020631",58,1024,1024
"0,019854",59,1024,1024
"0,020129",60,1024,1024
"0,020212",61,1024,1024
"0,019649",62,1024,1024
"0,020202",63,1024,1024
"0,019583",64,1024,1024
"0,019888",65,1024,1024
"0,020099",66,1024,1024
"0,019917",67,1024,1024
"0,020262",68,1024,1024
"0,020186",69,1024,1024
"0,020204",70,1024,1024
"0,020077",71,1024,1024
"0,019527",72,1024,1024
"0,019881",73,1024,1024
"0,020214",74,1024,1024
"0,019103",75,1024,1024
"0,020736",76,1024,1024
"0,019864",77,1024,1024
"0,020113",78,1024,1024
"0,019664",79,1024,1024
"0,020258",80,1024,1024
"0,020377",81,1024,1024
"0,020486",82,1024,1024
"0,01985",83,1024,1024
"0,020178",84,1024,1024
"0,020244",85,1024,1024
"0,020258",86,1024,1024
"0,020256",87,1024,1024
"0,020053",88,1024,1024
"0,020588",89,1024,1024
"0,019939",90,1024,1024
"0,020331",91,1024,1024
"0,019705",92,1024,1024
"0,020332",93,1024,1024
"0,020385",94,1024,1024
"0,020009",95,1024,1024
"0,019657",96,1024,1024
"0,02021",97,1024,1024
"0,020137",98,1024,1024
"0,020571",99,1024,1024
"0,020124",0,2048,512
"0,019938",1,2048,512
"0,020108",2,2048,512
"0,01971",3,2048,512
"0,01935",4,2048,512
"0,020002",5,2048,512
"0,019729",6,2048,512
"0,02104",7,2048,512
"0,019938",8,2048,512
"0,019905",9,2048,512
"0,01971",10,2048,512
"0,020301",11,2048,512
"0,02042",12,2048,512
"0,020155",13,2048,512
"0,019962",14,2048,512
"0,020259",15,2048,512
"0,019693",16,2048,512
"0,020179",17,2048,512
"0,020046",18,2048,512
"0,018658",19,2048,512
"0,020108",20,2048,512
"0,020162",21,2048,512
"0,020593",22,2048,512
"0,020179",23,2048,512
"0,0199",24,2048,512
"0,020421",25,2048,512
"0,019716",26,2048,512
"0,020278",27,2048,512
"0,020354",28,2048,512
"0,020094",29,2048,512
"0,020302",30,2048,512
"0,0203",31,2048,512
"0,019819",32,2048,512
"0,020031",33,2048,512
"0,019997",34,2048,512
"0,021028",35,2048,512
"0,020128",36,2048,512
"0,020025",37,2048,512
"0,019796",38,2048,512
"0,020204",39,2048,512
"0,020117",40,2048,512
"0,019548",41,2048,512
"0,019634",42,2048,512
"0,020818",43,2048,512
"0,019878",44,2048,512
"0,019998",45,2048,512
"0,019916",46,2048,512
"0,020199",47,2048,512
"0,020273",48,2048,512
"0,019689",49,2048,512
"0,019661",50,2048,512
"0,020103",51,2048,512
"0,020136",52,2048,512
"0,020185",53,2048,512
"0,019751",54,2048,512
"0,019575",55,2048,512
"0,020166",56,2048,512
"0,020365",57,2048,512
"0,019966",58,2048,512
"0,020187",59,2048,512
"0,020241",60,2048,512
"0,020287",61,2048,512
"0,020021",62,2048,512
"0,020424",63,2048,512
"0,019743",64,2048,512
"0,020362",65,2048,512
"0,02009",66,2048,512
"0,020163",67,2048,512
"0,020272",68,2048,512
"0,019914",69,2048,512
"0,0203",70,2048,512
"0,019918",71,2048,512
"0,020152",72,2048,512
"0,019855",73,2048,512
"0,020603",74,2048,512
"0,019716",75,2048,512
"0,019348",76,2048,512
"0,019919",77,2048,512
"0,020304",78,2048,512
"0,020168",79,2048,512
"0,020241",80,2048,512
"0,018959",81,2048,512
"0,020307",82,2048,512
"0,019842",83,2048,512
"0,019384",84,2048,512
"0,020185",85,2048,512
"0,019667",86,2048,512
"0,020471",87,2048,512
"0,020156",88,2048,512
"0,019877",89,2048,512
"0,019797",90,2048,512
"0,019932",91,2048,512
"0,020303",92,2048,512
"0,02006",93,2048,512
"0,019781",94,2048,512
"0,02027",95,2048,512
"0,01988",96,2048,512
"0,020545",97,2048,512
"0,019588",98,2048,512
"0,019813",99,2048,512
"0,020545",0,4096,256
"0,019545",1,4096,256
"0,019829",2,4096,256
"0,02004",3,4096,256
"0,018966",4,4096,256
"0,019438",5,4096,256
"0,019869",6,4096,256
"0,019602",7,4096,256
"0,019816",8,4096,256
"0,020107",9,4096,256
"0,019757",10,4096,256
"0,019575",11,4096,256
"0,02009",12,4096,256
"0,019886",13,4096,256
"0,019592",14,4096,256
"0,020146",15,4096,256
"0,02016",16,4096,256
"0,019646",17,4096,256
"0,020407",18,4096,256
"0,019989",19,4096,256
"0,020638",20,4096,256
"0,01978",21,4096,256
"0,020178",22,4096,256
"0,019463",23,4096,256
"0,020114",24,4096,256
"0,019791",25,4096,256
"0,01933",26,4096,256
"0,020171",27,4096,256
"0,019734",28,4096,256
"0,018607",29,4096,256
"0,01967",30,4096,256
"0,020395",31,4096,256
"0,020274",32,4096,256
"0,020063",33,4096,256
"0,01972",34,4096,256
"0,020185",35,4096,256
"0,020118",36,4096,256
"0,020055",37,4096,256
"0,019532",38,4096,256
"0,020195",39,4096,256
"0,019706",40,4096,256
"0,020054",41,4096,256
"0,020319",42,4096,256
"0,019608",43,4096,256
"0,019295",44,4096,256
"0,020168",45,4096,256
"0,019596",46,4096,256
"0,019838",47,4096,256
"0,019615",48,4096,256
"0,020259",49,4096,256
"0,019913",50,4096,256
"0,019829",51,4096,256
"0,02032",52,4096,256
"0,019807",53,4096,256
"0,02046",54,4096,256
"0,019913",55,4096,256
"0,019708",56,4096,256
"0,020598",57,4096,256
"0,020221",58,4096,256
"0,020224",59,4096,256
"0,019672",60,4096,256
"0,020014",61,4096,256
"0,02047",62,4096,256
"0,01967",63,4096,256
"0,019899",64,4096,256
"0,020434",65,4096,256
"0,019811",66,4096,256
"0,020687",67,4096,256
"0,01956",68,4096,256
"0,020005",69,4096,256
"0,020475",70,4096,256
"0,01969",71,4096,256
"0,020261",72,4096,256
"0,019924",73,4096,256
"0,020024",74,4096,256
"0,020352",75,4096,256
"0,01993",76,4096,256
"0,020337",77,4096,256
"0,020155",78,4096,256
"0,019916",79,4096,256
"0,020799",80,4096,256
"0,020537",81,4096,256
"0,019621",82,4096,256
"0,02025",83,4096,256
"0,020019",84,4096,256
"0,019779",85,4096,256
"0,019643",86,4096,256
"0,019957",87,4096,256
"0,020668",88,4096,256
"0,020176",89,4096,256
"0,019603",90,4096,256
"0,019924",91,4096,256
"0,020145",92,4096,256
"0,020145",93,4096,256
"0,019862",94,4096,256
"0,020352",95,4096,256
"0,020105",96,4096,256
"0,020308",97,4096,256
"0,020306",98,4096,256
"0,020265",99,4096,256
"0,019955",0,8192,128
"0,02034",1,8192,128
"0,020212",2,8192,128
"0,019747",3,8192,128
"0,020239",4,8192,128
"0,0203",5,8192,128
"0,020321",6,8192,128
"0,018856",7,8192,128
"0,019594",8,8192,128
"0,019687",9,8192,128
"0,020193",10,8192,128
"0,02029",11,8192,128
"0,02027",12,8192,128
"0,019632",13,8192,128
"0,020487",14,8192,128
"0,01961",15,8192,128
"0,019728",16,8192,128
"0,019255",17,8192,128
"0,020306",18,8192,128
"0,020512",19,8192,128
"0,019562",20,8192,128
"0,020079",21,8192,128
"0,019931",22,8192,128
"0,020331",23,8192,128
"0,020763",24,8192,128
"0,019948",25,8192,128
"0,020059",26,8192,128
"0,020032",27,8192,128
"0,019639",28,8192,128
"0,01976",29,8192,128
"0,020377",30,8192,128
"0,01992",31,8192,128
"0,020378",32,8192,128
"0,019892",33,8192,128
"0,019507",34,8192,128
"0,020231",35,8192,128
"0,019582",36,8192,128
"0,020616",37,8192,128
"0,019677",38,8192,128
"0,02017",39,8192,128
"0,020332",40,8192,128
"0,019906",41,8192,128
"0,020365",42,8192,128
"0,020011",43,8192,128
"0,019696",44,8192,128
"0,020604",45,8192,128
"0,020087",46,8192,128
"0,01972",47,8192,128
"0,020196",48,8192,128
"0,019583",49,8192,128
"0,020474",50,8192,128
"0,019254",51,8192,128
"0,020187",52,8192,128
"0,019671",53,8192,128
"0,019997",54,8192,128
"0,020318",55,8192,128
"0,020477",56,8192,128
"0,019998",57,8192,128
"0,020285",58,8192,128
"0,019614",59,8192,128
"0,020198",60,8192,128
"0,020036",61,8192,128
"0,020235",62,8192,128
"0,020431",63,8192,128
"0,019583",64,8192,128
"0,020234",65,8192,128
"0,019576",66,8192,128
"0,020474",67,8192,128
"0,020164",68,8192,128
"0,02011",69,8192,128
"0,020262",70,8192,128
"0,019571",71,8192,128
"0,020423",72,8192,128
"0,020179",73,8192,128
"0,02027",74,8192,128
"0,020197",75,8192,128
"0,020265",76,8192,128
"0,020047",77,8192,128
"0,019705",78,8192,128
"0,019837",79,8192,128
"0,019389",80,8192,128
"0,020837",81,8192,128
"0,020177",82,8192,128
"0,019727",83,8192,128
"0,020155",84,8192,128
"0,019541",85,8192,128
"0,020581",86,8192,128
"0,019999",87,8192,128
"0,019348",88,8192,128
"0,020266",89,8192,128
"0,020128",90,8192,128
"0,020058",91,8192,128
"0,019723",92,8192,128
"0,019879",93,8192,128
"0,020538",94,8192,128
"0,019988",95,8192,128
"0,020591",96,8192,128
"0,019637",97,8192,128
"0,020314",98,8192,128
"0,02041",99,8192,128
"0,020236",0,16384,64
"0,019603",1,16384,64
"0,020246",2,16384,64
"0,018691",3,16384,64
"0,020444",4,16384,64
"0,019931",5,16384,64
"0,02015",6,16384,64
"0,019713",7,16384,64
"0,020277",8,16384,64
"0,020351",9,16384,64
"0,018707",10,16384,64
"0,019975",11,16384,64
"0,020456",12,16384,64
"0,019917",13,16384,64
"0,020228",14,16384,64
"0,019338",15,16384,64
"0,020222",16,16384,64
"0,020303",17,16384,64
"0,019878",18,16384,64
"0,02022",19,16384,64
"0,020008",20,16384,64
"0,019839",21,16384,64
"0,01959",22,16384,64
"0,019902",23,16384,64
"0,020298",24,16384,64
"0,020221",25,16384,64
"0,020191",26,16384,64
"0,019974",27,16384,64
"0,020126",28,16384,64
"0,019736",29,16384,64
"0,019757",30,16384,64
"0,019688",31,16384,64
"0,020222",32,16384,64
"0,019545",33,16384,64
"0,020046",34,16384,64
"0,020599",35,16384,64
"0,019963",36,16384,64
"0,020021",37,16384,64
"0,019987",38,16384,64
"0,020305",39,16384,64
"0,020276",40,16384,64
"0,019891",41,16384,64
"0,020009",42,16384,64
"0,020036",43,16384,64
"0,020032",44,16384,64
"0,019427",45,16384,64
"0,02025",46,16384,64
"0,019784",47,16384,64
"0,020282",48,16384,64
"0,019504",49,16384,64
"0,020268",50,16384,64
"0,019574",51,16384,64
"0,019854",52,16384,64
"0,020399",53,16384,64
"0,019595",54,16384,64
"0,018812",55,16384,64
"0,019807",56,16384,64
"0,020089",57,16384,64
"0,019786",58,16384,64
"0,020262",59,16384,64
"0,019662",60,16384,64
"0,0205",61,16384,64
"0,020278",62,16384,64
"0,019613",63,16384,64
"0,020061",64,16384,64
"0,01956",65,16384,64
"0,020345",66,16384,64
"0,01986",67,16384,64
"0,020282",68,16384,64
"0,018894",69,16384,64
"0,020014",70,16384,64
"0,019662",71,16384,64
"0,020273",72,16384,64
"0,019478",73,16384,64
"0,020142",74,16384,64
"0,019978",75,16384,64
"0,019993",76,16384,64
"0,020113",77,16384,64
"0,019638",78,16384,64
"0,020502",79,16384,64
"0,019527",80,16384,64
"0,020116",81,16384,64
"0,020124",82,16384,64
"0,018661",83,16384,64
"0,019742",84,16384,64
"0,020211",85,16384,64
"0,019117",86,16384,64
"0,020231",87,16384,64
"0,019996",88,16384,64
"0,019762",89,16384,64
"0,019463",90,16384,64
"0,018716",91,16384,64
"0,020158",92,16384,64
"0,020242",93,16384,64
"0,019811",94,16384,64
"0,020319",95,16384,64
"0,019426",96,16384,64
"0,020358",97,16384,64
"0,019811",98,16384,64
"0,020118",99,16384,64
"0,038215",0,128,16384
"0,036823",1,128,16384
"0,038025",2,128,16384
"0,036893",3,128,16384
"0,038192",4,128,16384
"0,037661",5,128,16384
"0,037497",6,128,16384
"0,036652",7,128,16384
"0,037534",8,128,16384
"0,037795",9,128,16384
"0,036538",10,128,16384
"0,037821",11,128,16384
"0,03781",12,128,16384
"0,037466",13,128,16384
"0,037838",14,128,16384
"0,036994",15,128,16384
"0,037282",16,128,16384
"0,037835",17,128,16384
"0,038065",18,128,16384
"0,037364",19,128,16384
"0,037803",20,128,16384
"0,036849",21,128,16384
"0,036446",22,128,16384
"0,037695",23,128,16384
"0,036538",24,128,16384
"0,036339",25,128,16384
"0,037508",26,128,16384
"0,037889",27,128,16384
"0,037963",28,128,16384
"0,037049",29,128,16384
"0,037578",30,128,16384
"0,036518",31,128,16384
"0,037609",32,128,16384
"0,036585",33,128,16384
"0,038426",34,128,16384
"0,037094",35,128,16384
"0,038248",36,128,16384
"0,036667",37,128,16384
"0,037485",38,128,16384
"0,036396",39,128,16384
"0,037653",40,128,16384
"0,03653",41,128,16384
"0,036656",42,128,16384
"0,037966",43,128,16384
"0,037759",44,128,16384
"0,0368",45,128,16384
"0,037191",46,128,16384
"0,037584",47,128,16384
"0,036329",48,128,16384
"0,036934",49,128,16384
"0,038201",50,128,16384
"0,037273",51,128,16384
"0,038001",52,128,16384
"0,037528",53,128,16384
"0,036788",54,128,16384
"0,036333",55,128,16384
"0,037677",56,128,16384
"0,037649",57,128,16384
"0,036454",58,128,16384
"0,037931",59,128,16384
"0,036818",60,128,16384
"0,0364",61,128,16384
"0,037447",62,128,16384
"0,03652",63,128,16384
"0,037795",64,128,16384
"0,036393",65,128,16384
"0,038051",66,128,16384
"0,037318",67,128,16384
"0,038243",68,128,16384
"0,037617",69,128,16384
"0,036651",70,128,16384
"0,037087",71,128,16384
"0,036367",72,128,16384
"0,037249",73,128,16384
"0,037502",74,128,16384
"0,037996",75,128,16384
"0,037606",76,128,16384
"0,03812",77,128,16384
"0,037639",78,128,16384
"0,038158",79,128,16384
"0,037484",80,128,16384
"0,037719",81,128,16384
"0,037738",82,128,16384
"0,036658",83,128,16384
"0,037701",84,128,16384
"0,03748",85,128,16384
"0,038311",86,128,16384
"0,037005",87,128,16384
"0,037602",88,128,16384
"0,036648",89,128,16384
"0,037453",90,128,16384
"0,036544",91,128,16384
"0,037508",92,128,16384
"0,037963",93,128,16384
"0,036377",94,128,16384
"0,037631",95,128,16384
"0,03642",96,128,16384
"0,037887",97,128,16384
"0,036491",98,128,16384
"0,037539",99,128,16384
"0,037809",0,256,8192
"0,036427",1,256,8192
"0,038214",2,256,8192
"0,037654",3,256,8192
"0,037682",4,256,8192
"0,036586",5,256,8192
"0,037588",6,256,8192
"0,036584",7,256,8192
"0,037078",8,256,8192
"0,037851",9,256,8192
"0,036434",10,256,8192
"0,038441",11,256,8192
"0,03749",12,256,8192
"0,037719",13,256,8192
"0,03758",14,256,8192
"0,037918",15,256,8192
"0,036537",16,256,8192
"0,037262",17,256,8192
"0,038192",18,256,8192
"0,036614",19,256,8192
"0,03804",20,256,8192
"0,036685",21,256,8192
"0,037858",22,256,8192
"0,036646",23,256,8192
"0,036315",24,256,8192
"0,037046",25,256,8192
"0,037599",26,256,8192
"0,038228",27,256,8192
"0,037436",28,256,8192
"0,037021",29,256,8192
"0,03754",30,256,8192
"0,036447",31,256,8192
"0,03729",32,256,8192
"0,036761",33,256,8192
"0,038506",34,256,8192
"0,036918",35,256,8192
"0,038573",36,256,8192
"0,03647",37,256,8192
"0,037588",38,256,8192
"0,037252",39,256,8192
"0,037806",40,256,8192
"0,03724",41,256,8192
"0,036438",42,256,8192
"0,037634",43,256,8192
"0,036547",44,256,8192
"0,037263",45,256,8192
"0,036898",46,256,8192
"0,036673",47,256,8192
"0,036661",48,256,8192
"0,036968",49,256,8192
"0,03801",50,256,8192
"0,037092",51,256,8192
"0,037914",52,256,8192
"0,036956",53,256,8192
"0,037465",54,256,8192
"0,037604",55,256,8192
"0,037819",56,256,8192
"0,037608",57,256,8192
"0,037395",58,256,8192
"0,037428",59,256,8192
"0,036892",60,256,8192
"0,037972",61,256,8192
"0,036428",62,256,8192
"0,037611",63,256,8192
"0,036688",64,256,8192
"0,03757",65,256,8192
"0,037698",66,256,8192
"0,036444",67,256,8192
"0,038331",68,256,8192
"0,037377",69,256,8192
"0,037594",70,256,8192
"0,037561",71,256,8192
"0,037676",72,256,8192
"0,037728",73,256,8192
"0,037984",74,256,8192
"0,037248",75,256,8192
"0,036378",76,256,8192
"0,038465",77,256,8192
"0,037479",78,256,8192
"0,037905",79,256,8192
"0,037252",80,256,8192
"0,037545",81,256,8192
"0,037858",82,256,8192
"0,037958",83,256,8192
"0,03647",84,256,8192
"0,03797",85,256,8192
"0,037946",86,256,8192
"0,036602",87,256,8192
"0,037682",88,256,8192
"0,037721",89,256,8192
"0,036633",90,256,8192
"0,037309",91,256,8192
"0,035225",92,256,8192
"0,037753",93,256,8192
"0,036605",94,256,8192
"0,037875",95,256,8192
"0,03783",96,256,8192
"0,036352",97,256,8192
"0,036973",98,256,8192
"0,03794",99,256,8192
"0,037951",0,512,4096
"0,036535",1,512,4096
"0,03757",2,512,4096
"0,037714",3,512,4096
"0,037914",4,512,4096
"0,036303",5,512,4096
"0,036881",6,512,4096
"0,036353",7,512,4096
"0,03748",8,512,4096
"0,036807",9,512,4096
"0,037793",10,512,4096
"0,037602",11,512,4096
"0,036644",12,512,4096
"0,037917",13,512,4096
"0,037673",14,512,4096
"0,036544",15,512,4096
"0,037971",16,512,4096
"0,037681",17,512,4096
"0,037235",18,512,4096
"0,03682",19,512,4096
"0,038475",20,512,4096
"0,036331",21,512,4096
"0,037576",22,512,4096
"0,037716",23,512,4096
"0,036486",24,512,4096
"0,037722",25,512,4096
"0,036526",26,512,4096
"0,037089",27,512,4096
"0,036229",28,512,4096
"0,037897",29,512,4096
"0,037617",30,512,4096
"0,037536",31,512,4096
"0,03642",32,512,4096
"0,03696",33,512,4096
"0,037759",34,512,4096
"0,03742",35,512,4096
"0,037508",36,512,4096
"0,037348",37,512,4096
"0,037763",38,512,4096
"0,03764",39,512,4096
"0,036759",40,512,4096
"0,037263",41,512,4096
"0,037003",42,512,4096
"0,038131",43,512,4096
"0,037731",44,512,4096
"0,038073",45,512,4096
"0,037025",46,512,4096
"0,037852",47,512,4096
"0,037743",48,512,4096
"0,03753",49,512,4096
"0,036491",50,512,4096
"0,03729",51,512,4096
"0,037432",52,512,4096
"0,037604",53,512,4096
"0,037956",54,512,4096
"0,037595",55,512,4096
"0,036221",56,512,4096
"0,037404",57,512,4096
"0,03656",58,512,4096
"0,036754",59,512,4096
"0,03705",60,512,4096
"0,03815",61,512,4096
"0,03669",62,512,4096
"0,03798",63,512,4096
"0,037428",64,512,4096
"0,036483",65,512,4096
"0,037524",66,512,4096
"0,036325",67,512,4096
"0,03751",68,512,4096
"0,036965",69,512,4096
"0,038487",70,512,4096
"0,037431",71,512,4096
"0,037408",72,512,4096
"0,037705",73,512,4096
"0,037238",74,512,4096
"0,038157",75,512,4096
"0,036474",76,512,4096
"0,038121",77,512,4096
"0,03635",78,512,4096
"0,038362",79,512,4096
"0,035534",80,512,4096
"0,036882",81,512,4096
"0,037926",82,512,4096
"0,036541",83,512,4096
"0,037076",84,512,4096
"0,037805",85,512,4096
"0,038134",86,512,4096
"0,037829",87,512,4096
"0,036855",88,512,4096
"0,037712",89,512,4096
"0,037787",90,512,4096
"0,036826",91,512,4096
"0,036492",92,512,4096
"0,037779",93,512,4096
"0,036903",94,512,4096
"0,037749",95,512,4096
"0,036581",96,512,4096
"0,037871",97,512,4096
"0,036651",98,512,4096
"0,036872",99,512,4096
"0,037855",0,1024,2048
"0,036951",1,1024,2048
"0,038225",2,1024,2048
"0,036488",3,1024,2048
"0,038288",4,1024,2048
"0,036975",5,1024,2048
"0,037554",6,1024,2048
"0,037178",7,1024,2048
"0,037396",8,1024,2048
"0,036388",9,1024,2048
"0,037874",10,1024,2048
"0,038223",11,1024,2048
"0,036445",12,1024,2048
"0,037676",13,1024,2048
"0,037686",14,1024,2048
"0,035759",15,1024,2048
"0,038125",16,1024,2048
"0,037653",17,1024,2048
"0,037487",18,1024,2048
"0,037363",19,1024,2048
"0,036995",20,1024,2048
"0,036687",21,1024,2048
"0,036852",22,1024,2048
"0,037162",23,1024,2048
"0,037271",24,1024,2048
"0,036756",25,1024,2048
"0,036409",26,1024,2048
"0,037393",27,1024,2048
"0,037458",28,1024,2048
"0,038188",29,1024,2048
"0,037593",30,1024,2048
"0,036696",31,1024,2048
"0,036467",32,1024,2048
"0,036843",33,1024,2048
"0,03647",34,1024,2048
"0,037793",35,1024,2048
"0,037986",36,1024,2048
"0,03661",37,1024,2048
"0,037708",38,1024,2048
"0,037106",39,1024,2048
"0,037247",40,1024,2048
"0,037089",41,1024,2048
"0,037902",42,1024,2048
"0,035506",43,1024,2048
"0,037625",44,1024,2048
"0,037644",45,1024,2048
"0,037486",46,1024,2048
"0,037857",47,1024,2048
"0,037826",48,1024,2048
"0,037753",49,1024,2048
"0,03739",50,1024,2048
"0,036542",51,1024,2048
"0,037584",52,1024,2048
"0,037582",53,1024,2048
"0,037757",54,1024,2048
"0,03735",55,1024,2048
"0,037918",56,1024,2048
"0,037929",57,1024,2048
"0,036474",58,1024,2048
"0,037586",59,1024,2048
"0,035263",60,1024,2048
"0,037662",61,1024,2048
"0,037728",62,1024,2048
"0,038068",63,1024,2048
"0,037547",64,1024,2048
"0,037019",65,1024,2048
"0,036359",66,1024,2048
"0,036632",67,1024,2048
"0,037888",68,1024,2048
"0,036862",69,1024,2048
"0,038209",70,1024,2048
"0,036675",71,1024,2048
"0,038228",72,1024,2048
"0,036625",73,1024,2048
"0,037868",74,1024,2048
"0,036763",75,1024,2048
"0,035536",76,1024,2048
"0,03744",77,1024,2048
"0,036458",78,1024,2048
"0,036487",79,1024,2048
"0,037948",80,1024,2048
"0,036833",81,1024,2048
"0,037555",82,1024,2048
"0,037456",83,1024,2048
"0,036869",84,1024,2048
"0,036502",85,1024,2048
"0,037789",86,1024,2048
"0,036939",87,1024,2048
"0,038228",88,1024,2048
"0,037733",89,1024,2048
"0,037942",90,1024,2048
"0,03643",91,1024,2048
"0,036859",92,1024,2048
"0,037579",93,1024,2048
"0,036556",94,1024,2048
"0,038324",95,1024,2048
"0,036648",96,1024,2048
"0,037549",97,1024,2048
"0,036586",98,1024,2048
"0,0375",99,1024,2048
"0,035806",0,2048,1024
"0,03761",1,2048,1024
"0,037445",2,2048,1024
"0,036351",3,2048,1024
"0,037789",4,2048,1024
"0,036738",5,2048,1024
"0,037416",6,2048,1024
"0,036453",7,2048,1024
"0,037473",8,2048,1024
"0,037627",9,2048,1024
"0,037526",10,2048,1024
"0,037763",11,2048,1024
"0,035733",12,2048,1024
"0,038008",13,2048,1024
"0,036883",14,2048,1024
"0,037678",15,2048,1024
"0,036595",16,2048,1024
"0,036406",17,2048,1024
"0,03603",18,2048,1024
"0,03642",19,2048,1024
"0,037629",20,2048,1024
"0,037969",21,2048,1024
"0,037654",22,2048,1024
"0,037185",23,2048,1024
"0,037462",24,2048,1024
"0,036246",25,2048,1024
"0,036414",26,2048,1024
"0,038128",27,2048,1024
"0,037389",28,2048,1024
"0,037571",29,2048,1024
"0,036592",30,2048,1024
"0,036848",31,2048,1024
"0,036579",32,2048,1024
"0,037325",33,2048,1024
"0,037143",34,2048,1024
"0,037446",35,2048,1024
"0,037804",36,2048,1024
"0,037543",37,2048,1024
"0,03644",38,2048,1024
"0,037337",39,2048,1024
"0,036769",40,2048,1024
"0,036808",41,2048,1024
"0,037537",42,2048,1024
"0,037908",43,2048,1024
"0,036877",44,2048,1024
"0,037784",45,2048,1024
"0,036508",46,2048,1024
"0,036706",47,2048,1024
"0,036364",48,2048,1024
"0,03658",49,2048,1024
"0,037897",50,2048,1024
"0,037292",51,2048,1024
"0,038148",52,2048,1024
"0,036673",53,2048,1024
"0,036637",54,2048,1024
"0,03754",55,2048,1024
"0,036864",56,2048,1024
"0,037466",57,2048,1024
"0,036408",58,2048,1024
"0,037927",59,2048,1024
"0,037529",60,2048,1024
"0,037828",61,2048,1024
"0,037089",62,2048,1024
"0,037619",63,2048,1024
"0,036403",64,2048,1024
"0,037729",65,2048,1024
"0,036682",66,2048,1024
"0,036964",67,2048,1024
"0,036813",68,2048,1024
"0,036999",69,2048,1024
"0,037764",70,2048,1024
"0,036873",71,2048,1024
"0,038713",72,2048,1024
"0,036679",73,2048,1024
"0,037885",74,2048,1024
"0,036648",75,2048,1024
"0,036469",76,2048,1024
"0,037773",77,2048,1024
"0,036614",78,2048,1024
"0,03775",79,2048,1024
"0,037383",80,2048,1024
"0,03679",81,2048,1024
"0,036608",82,2048,1024
"0,036242",83,2048,1024
"0,037938",84,2048,1024
"0,037714",85,2048,1024
"0,03808",86,2048,1024
"0,036561",87,2048,1024
"0,037829",88,2048,1024
"0,036599",89,2048,1024
"0,037603",90,2048,1024
"0,036435",91,2048,1024
"0,03756",92,2048,1024
"0,036748",93,2048,1024
"0,037531",94,2048,1024
"0,037973",95,2048,1024
"0,03609",96,2048,1024
"0,037348",97,2048,1024
"0,036523",98,2048,1024
"0,037512",99,2048,1024
"0,036877",0,4096,512
"0,037842",1,4096,512
"0,038408",2,4096,512
"0,036689",3,4096,512
"0,037265",4,4096,512
"0,036626",5,4096,512
"0,036654",6,4096,512
"0,036619",7,4096,512
"0,037944",8,4096,512
"0,035737",9,4096,512
"0,037317",10,4096,512
"0,038584",11,4096,512
"0,038109",12,4096,512
"0,037837",13,4096,512
"0,036845",14,4096,512
"0,036552",15,4096,512
"0,037599",16,4096,512
"0,037654",17,4096,512
"0,038078",18,4096,512
"0,037827",19,4096,512
"0,038119",20,4096,512
"0,037577",21,4096,512
"0,037393",22,4096,512
"0,037442",23,4096,512
"0,036314",24,4096,512
"0,037018",25,4096,512
"0,037606",26,4096,512
"0,037954",27,4096,512
"0,037318",28,4096,512
"0,037042",29,4096,512
"0,036718",30,4096,512
"0,037991",31,4096,512
"0,036963",32,4096,512
"0,037724",33,4096,512
"0,037232",34,4096,512
"0,036949",35,4096,512
"0,03811",36,4096,512
"0,036195",37,4096,512
"0,037821",38,4096,512
"0,036673",39,4096,512
"0,036891",40,4096,512
"0,037231",41,4096,512
"0,036434",42,4096,512
"0,037999",43,4096,512
"0,037557",44,4096,512
"0,037928",45,4096,512
"0,036645",46,4096,512
"0,037523",47,4096,512
"0,037277",48,4096,512
"0,037409",49,4096,512
"0,036792",50,4096,512
"0,037824",51,4096,512
"0,037692",52,4096,512
"0,037292",53,4096,512
"0,03804",54,4096,512
"0,036283",55,4096,512
"0,037413",56,4096,512
"0,036482",57,4096,512
"0,037472",58,4096,512
"0,038219",59,4096,512
"0,036328",60,4096,512
"0,03755",61,4096,512
"0,037703",62,4096,512
"0,037457",63,4096,512
"0,036575",64,4096,512
"0,036951",65,4096,512
"0,037422",66,4096,512
"0,037895",67,4096,512
"0,037248",68,4096,512
"0,036779",69,4096,512
"0,036436",70,4096,512
"0,037825",71,4096,512
"0,037502",72,4096,512
"0,036868",73,4096,512
"0,03639",74,4096,512
"0,03789",75,4096,512
"0,037489",76,4096,512
"0,037884",77,4096,512
"0,037156",78,4096,512
"0,03641",79,4096,512
"0,036795",80,4096,512
"0,037819",81,4096,512
"0,037565",82,4096,512
"0,037608",83,4096,512
"0,038422",84,4096,512
"0,037581",85,4096,512
"0,036824",86,4096,512
"0,037496",87,4096,512
"0,036484",88,4096,512
"0,037468",89,4096,512
"0,03653",90,4096,512
"0,038111",91,4096,512
"0,036307",92,4096,512
"0,037924",93,4096,512
"0,036666",94,4096,512
"0,037549",95,4096,512
"0,037765",96,4096,512
"0,036414",97,4096,512
"0,03733",98,4096,512
"0,036496",99,4096,512
"0,038548",0,8192,256
"0,037272",1,8192,256
"0,037367",2,8192,256
"0,036812",3,8192,256
"0,037505",4,8192,256
"0,036414",5,8192,256
"0,03717",6,8192,256
"0,036531",7,8192,256
"0,037384",8,8192,256
"0,038088",9,8192,256
"0,03543",10,8192,256
"0,037579",11,8192,256
"0,037593",12,8192,256
"0,036926",13,8192,256
"0,037495",14,8192,256
"0,036297",15,8192,256
"0,038018",16,8192,256
"0,037378",17,8192,256
"0,036944",18,8192,256
"0,037567",19,8192,256
"0,036214",20,8192,256
"0,037853",21,8192,256
"0,037391",22,8192,256
"0,036841",23,8192,256
"0,036598",24,8192,256
"0,037874",25,8192,256
"0,037073",26,8192,256
"0,037366",27,8192,256
"0,036475",28,8192,256
"0,037774",29,8192,256
"0,036306",30,8192,256
"0,037624",31,8192,256
"0,038029",32,8192,256
"0,037188",33,8192,256
"0,037971",34,8192,256
"0,035441",35,8192,256
"0,037908",36,8192,256
"0,037763",37,8192,256
"0,03765",38,8192,256
"0,0372",39,8192,256
"0,037123",40,8192,256
"0,037985",41,8192,256
"0,036958",42,8192,256
"0,037638",43,8192,256
"0,03687",44,8192,256
"0,037544",45,8192,256
"0,036529",46,8192,256
"0,037306",47,8192,256
"0,038239",48,8192,256
"0,037595",49,8192,256
"0,037976",50,8192,256
"0,036752",51,8192,256
"0,036999",52,8192,256
"0,036435",53,8192,256
"0,037271",54,8192,256
"0,037144",55,8192,256
"0,036557",56,8192,256
"0,037855",57,8192,256
"0,036548",58,8192,256
"0,037042",59,8192,256
"0,036452",60,8192,256
"0,036883",61,8192,256
"0,03652",62,8192,256
"0,036586",63,8192,256
"0,037676",64,8192,256
"0,036616",65,8192,256
"0,037188",66,8192,256
"0,036649",67,8192,256
"0,036899",68,8192,256
"0,037939",69,8192,256
"0,03719",70,8192,256
"0,038234",71,8192,256
"0,03752",72,8192,256
"0,038139",73,8192,256
"0,037542",74,8192,256
"0,03655",75,8192,256
"0,037285",76,8192,256
"0,037873",77,8192,256
"0,036712",78,8192,256
"0,037422",79,8192,256
"0,038461",80,8192,256
"0,035545",81,8192,256
"0,037861",82,8192,256
"0,037319",83,8192,256
"0,036394",84,8192,256
"0,037699",85,8192,256
"0,036986",86,8192,256
"0,037046",87,8192,256
"0,037424",88,8192,256
"0,038323",89,8192,256
"0,03659",90,8192,256
"0,037436",91,8192,256
"0,037415",92,8192,256
"0,036942",93,8192,256
"0,037739",94,8192,256
"0,03659",95,8192,256
"0,037598",96,8192,256
"0,037553",97,8192,256
"0,037597",98,8192,256
"0,036737",99,8192,256
"0,036427",0,16384,128
"0,036878",1,16384,128
"0,037687",2,16384,128
"0,037199",3,16384,128
"0,036958",4,16384,128
"0,038614",5,16384,128
"0,036855",6,16384,128
"0,038338",7,16384,128
"0,037151",8,16384,128
"0,037637",9,16384,128
"0,037349",10,16384,128
"0,037118",11,16384,128
"0,037373",12,16384,128
"0,037014",13,16384,128
"0,038145",14,16384,128
"0,037002",15,16384,128
"0,038099",16,16384,128
"0,036807",17,16384,128
"0,036309",18,16384,128
"0,03773",19,16384,128
"0,036479",20,16384,128
"0,038064",21,16384,128
"0,036945",22,16384,128
"0,038126",23,16384,128
"0,03685",24,16384,128
"0,03708",25,16384,128
"0,036368",26,16384,128
"0,03684",27,16384,128
"0,037155",28,16384,128
"0,037616",29,16384,128
"0,038224",30,16384,128
"0,037371",31,16384,128
"0,037573",32,16384,128
"0,037543",33,16384,128
"0,036576",34,16384,128
"0,037581",35,16384,128
"0,036536",36,16384,128
"0,037312",37,16384,128
"0,036978",38,16384,128
"0,038165",39,16384,128
"0,037632",40,16384,128
"0,037807",41,16384,128
"0,036893",42,16384,128
"0,037397",43,16384,128
"0,036429",44,16384,128
"0,037879",45,16384,128
"0,037937",46,16384,128
"0,03785",47,16384,128
"0,038336",48,16384,128
"0,036726",49,16384,128
"0,037512",50,16384,128
"0,036443",51,16384,128
"0,037845",52,16384,128
"0,036536",53,16384,128
"0,037744",54,16384,128
"0,037977",55,16384,128
"0,036998",56,16384,128
"0,037988",57,16384,128
"0,037538",58,16384,128
"0,037949",59,16384,128
"0,036557",60,16384,128
"0,037019",61,16384,128
"0,037279",62,16384,128
"0,037066",63,16384,128
"0,038529",64,16384,128
"0,037006",65,16384,128
"0,037552",66,16384,128
"0,037156",67,16384,128
"0,037425",68,16384,128
"0,036624",69,16384,128
"0,037276",70,16384,128
"0,037849",71,16384,128
"0,036524",72,16384,128
"0,038304",73,16384,128
"0,036514",74,16384,128
"0,036353",75,16384,128
"0,037415",76,16384,128
"0,036615",77,16384,128
"0,037778",78,16384,128
"0,036547",79,16384,128
"0,038337",80,16384,128
"0,036366",81,16384,128
"0,037937",82,16384,128
"0,036789",83,16384,128
"0,037435",84,16384,128
"0,036905",85,16384,128
"0,037552",86,16384,128
"0,037348",87,16384,128
"0,037757",88,16384,128
"0,03763",89,16384,128
"0,036833",90,16384,128
"0,037856",91,16384,128
"0,036592",92,16384,128
"0,036601",93,16384,128
"0,036367",94,16384,128
"0,036987",95,16384,128
"0,03788",96,16384,128
"0,036219",97,16384,128
"0,037934",98,16384,128
"0,036524",99,16384,128
"0,086981",0,256,16384
"0,084627",1,256,16384
"0,087515",2,256,16384
"0,086812",3,256,16384
"0,085015",4,256,16384
"0,085165",5,256,16384
"0,086737",6,256,16384
"0,084947",7,256,16384
"0,087267",8,256,16384
"0,088222",9,256,16384
"0,087127",10,256,16384
"0,08738",11,256,16384
"0,086843",12,256,16384
"0,08512",13,256,16384
"0,087659",14,256,16384
"0,088099",15,256,16384
"0,089261",16,256,16384
"0,086177",17,256,16384
"0,087341",18,256,16384
"0,086608",19,256,16384
"0,084831",20,256,16384
"0,087869",21,256,16384
"0,085187",22,256,16384
"0,088938",23,256,16384
"0,085695",24,256,16384
"0,087418",25,256,16384
"0,087352",26,256,16384
"0,085173",27,256,16384
"0,087245",28,256,16384
"0,084827",29,256,16384
"0,086669",30,256,16384
"0,084396",31,256,16384
"0,088208",32,256,16384
"0,085165",33,256,16384
"0,085362",34,256,16384
"0,085559",35,256,16384
"0,087749",36,256,16384
"0,086612",37,256,16384
"0,085129",38,256,16384
"0,088231",39,256,16384
"0,085013",40,256,16384
"0,087843",41,256,16384
"0,087371",42,256,16384
"0,085575",43,256,16384
"0,084276",44,256,16384
"0,08754",45,256,16384
"0,088228",46,256,16384
"0,087137",47,256,16384
"0,086837",48,256,16384
"0,086961",49,256,16384
"0,084867",50,256,16384
"0,084522",51,256,16384
"0,086934",52,256,16384
"0,086371",53,256,16384
"0,087952",54,256,16384
"0,087821",55,256,16384
"0,08576",56,256,16384
"0,084459",57,256,16384
"0,084847",58,256,16384
"0,08734",59,256,16384
"0,085771",60,256,16384
"0,085884",61,256,16384
"0,088512",62,256,16384
"0,087844",63,256,16384
"0,087855",64,256,16384
"0,085615",65,256,16384
"0,086532",66,256,16384
"0,085621",67,256,16384
"0,084528",68,256,16384
"0,087637",69,256,16384
"0,086694",70,256,16384
"0,087237",71,256,16384
"0,084679",72,256,16384
"0,085856",73,256,16384
"0,084451",74,256,16384
"0,08728",75,256,16384
"0,088068",76,256,16384
"0,08471",77,256,16384
"0,088017",78,256,16384
"0,084622",79,256,16384
"0,084782",80,256,16384
"0,087822",81,256,16384
"0,084244",82,256,16384
"0,084883",83,256,16384
"0,088048",84,256,16384
"0,088158",85,256,16384
"0,086101",86,256,16384
"0,088502",87,256,16384
"0,085774",88,256,16384
"0,087321",89,256,16384
"0,085199",90,256,16384
"0,087452",91,256,16384
"0,087962",92,256,16384
"0,085316",93,256,16384
"0,088877",94,256,16384
"0,087433",95,256,16384
"0,086174",96,256,16384
"0,084818",97,256,16384
"0,085331",98,256,16384
"0,086148",99,256,16384
"0,083851",0,512,8192
"0,087799",1,512,8192
"0,087075",2,512,8192
"0,085058",3,512,8192
"0,087566",4,512,8192
"0,084304",5,512,8192
"0,085512",6,512,8192
"0,088037",7,512,8192
"0,087863",8,512,8192
"0,084975",9,512,8192
"0,086366",10,512,8192
"0,085244",11,512,8192
"0,087007",12,512,8192
"0,08566",13,512,8192
"0,084699",14,512,8192
"0,090621",15,512,8192
"0,086084",16,512,8192
"0,088281",17,512,8192
"0,087163",18,512,8192
"0,085358",19,512,8192
"0,087719",20,512,8192
"0,085312",21,512,8192
"0,085621",22,512,8192
"0,085336",23,512,8192
"0,087721",24,512,8192
"0,088127",25,512,8192
"0,085975",26,512,8192
"0,087586",27,512,8192
"0,086302",28,512,8192
"0,085549",29,512,8192
"0,084625",30,512,8192
"0,08827",31,512,8192
"0,086739",32,512,8192
"0,086502",33,512,8192
"0,085458",34,512,8192
"0,086956",35,512,8192
"0,084886",36,512,8192
"0,088208",37,512,8192
"0,086511",38,512,8192
"0,086047",39,512,8192
"0,088312",40,512,8192
"0,086862",41,512,8192
"0,085703",42,512,8192
"0,087487",43,512,8192
"0,084456",44,512,8192
"0,085398",45,512,8192
"0,087105",46,512,8192
"0,088867",47,512,8192
"0,085509",48,512,8192
"0,087407",49,512,8192
"0,085195",50,512,8192
"0,087466",51,512,8192
"0,085825",52,512,8192
"0,085011",53,512,8192
"0,087942",54,512,8192
"0,084355",55,512,8192
"0,08889",56,512,8192
"0,087274",57,512,8192
"0,085824",58,512,8192
"0,087794",59,512,8192
"0,087524",60,512,8192
"0,087904",61,512,8192
"0,085316",62,512,8192
"0,087477",63,512,8192
"0,085765",64,512,8192
"0,084975",65,512,8192
"0,085839",66,512,8192
"0,086956",67,512,8192
"0,08601",68,512,8192
"0,084271",69,512,8192
"0,088918",70,512,8192
"0,085055",71,512,8192
"0,087248",72,512,8192
"0,085662",73,512,8192
"0,084445",74,512,8192
"0,086194",75,512,8192
"0,087284",76,512,8192
"0,087863",77,512,8192
"0,087611",78,512,8192
"0,084446",79,512,8192
"0,084958",80,512,8192
"0,08745",81,512,8192
"0,086309",82,512,8192
"0,087421",83,512,8192
"0,088718",84,512,8192
"0,084605",85,512,8192
"0,086099",86,512,8192
"0,087324",87,512,8192
"0,084482",88,512,8192
"0,084759",89,512,8192
"0,087096",90,512,8192
"0,088707",91,512,8192
"0,086826",92,512,8192
"0,087263",93,512,8192
"0,086935",94,512,8192
"0,084892",95,512,8192
"0,087184",96,512,8192
"0,086486",97,512,8192
"0,087802",98,512,8192
"0,087506",99,512,8192
"0,087455",0,1024,4096
"0,086839",1,1024,4096
"0,084858",2,1024,4096
"0,085287",3,1024,4096
"0,084265",4,1024,4096
"0,087122",5,1024,4096
"0,084481",6,1024,4096
"0,088589",7,1024,4096
"0,086919",8,1024,4096
"0,086694",9,1024,4096
"0,086607",10,1024,4096
"0,084925",11,1024,4096
"0,085545",12,1024,4096
"0,084631",13,1024,4096
"0,089751",14,1024,4096
"0,084964",15,1024,4096
"0,088119",16,1024,4096
"0,086054",17,1024,4096
"0,087863",18,1024,4096
"0,085478",19,1024,4096
"0,087796",20,1024,4096
"0,088419",21,1024,4096
"0,084754",22,1024,4096
"0,087295",23,1024,4096
"0,087018",24,1024,4096
"0,084439",25,1024,4096
"0,085563",26,1024,4096
"0,086377",27,1024,4096
"0,088016",28,1024,4096
"0,086211",29,1024,4096
"0,088186",30,1024,4096
"0,084938",31,1024,4096
"0,087765",32,1024,4096
"0,085741",33,1024,4096
"0,088552",34,1024,4096
"0,088381",35,1024,4096
"0,087182",36,1024,4096
"0,087836",37,1024,4096
"0,086801",38,1024,4096
"0,085354",39,1024,4096
"0,084364",40,1024,4096
"0,087381",41,1024,4096
"0,086231",42,1024,4096
"0,086655",43,1024,4096
"0,087891",44,1024,4096
"0,087139",45,1024,4096
"0,084569",46,1024,4096
"0,087904",47,1024,4096
"0,085409",48,1024,4096
"0,086445",49,1024,4096
"0,083948",50,1024,4096
"0,087881",51,1024,4096
"0,087201",52,1024,4096
"0,084971",53,1024,4096
"0,085144",54,1024,4096
"0,085942",55,1024,4096
"0,08495",56,1024,4096
"0,086634",57,1024,4096
"0,087062",58,1024,4096
"0,086793",59,1024,4096
"0,087363",60,1024,4096
"0,087006",61,1024,4096
"0,084856",62,1024,4096
"0,085789",63,1024,4096
"0,084156",64,1024,4096
"0,086854",65,1024,4096
"0,084708",66,1024,4096
"0,088624",67,1024,4096
"0,086823",68,1024,4096
"0,085321",69,1024,4096
"0,087729",70,1024,4096
"0,085026",71,1024,4096
"0,087704",72,1024,4096
"0,08721",73,1024,4096
"0,088567",74,1024,4096
"0,084954",75,1024,4096
"0,084873",76,1024,4096
"0,085556",77,1024,4096
"0,086132",78,1024,4096
"0,085072",79,1024,4096
"0,087089",80,1024,4096
"0,08859",81,1024,4096
"0,084825",82,1024,4096
"0,086162",83,1024,4096
"0,087869",84,1024,4096
"0,085259",85,1024,4096
"0,086762",86,1024,4096
"0,087178",87,1024,4096
"0,087051",88,1024,4096
"0,084829",89,1024,4096
"0,088424",90,1024,4096
"0,087597",91,1024,4096
"0,088548",92,1024,4096
"0,086244",93,1024,4096
"0,086767",94,1024,4096
"0,088207",95,1024,4096
"0,085343",96,1024,4096
"0,088301",97,1024,4096
"0,085421",98,1024,4096
"0,086737",99,1024,4096
"0,0852",0,2048,2048
"0,08442",1,2048,2048
"0,085987",2,2048,2048
"0,08769",3,2048,2048
"0,088296",4,2048,2048
"0,08629",5,2048,2048
"0,085765",6,2048,2048
"0,087836",7,2048,2048
"0,085858",8,2048,2048
"0,086921",9,2048,2048
"0,086461",10,2048,2048
"0,088035",11,2048,2048
"0,086161",12,2048,2048
"0,0869",13,2048,2048
"0,087781",14,2048,2048
"0,086914",15,2048,2048
"0,084631",16,2048,2048
"0,087903",17,2048,2048
"0,08868",18,2048,2048
"0,084935",19,2048,2048
"0,087966",20,2048,2048
"0,085491",21,2048,2048
"0,086827",22,2048,2048
"0,084198",23,2048,2048
"0,085373",24,2048,2048
"0,08678",25,2048,2048
"0,086213",26,2048,2048
"0,08732",27,2048,2048
"0,084541",28,2048,2048
"0,086186",29,2048,2048
"0,085938",30,2048,2048
"0,0855",31,2048,2048
"0,084552",32,2048,2048
"0,086423",33,2048,2048
"0,087596",34,2048,2048
"0,086313",35,2048,2048
"0,087661",36,2048,2048
"0,087491",37,2048,2048
"0,084881",38,2048,2048
"0,08433",39,2048,2048
"0,085506",40,2048,2048
"0,088095",41,2048,2048
"0,086432",42,2048,2048
"0,087827",43,2048,2048
"0,087815",44,2048,2048
"0,085705",45,2048,2048
"0,084941",46,2048,2048
"0,086588",47,2048,2048
"0,085648",48,2048,2048
"0,086351",49,2048,2048
"0,08764",50,2048,2048
"0,086673",51,2048,2048
"0,086021",52,2048,2048
"0,085241",53,2048,2048
"0,084534",54,2048,2048
"0,085392",55,2048,2048
"0,087492",56,2048,2048
"0,087462",57,2048,2048
"0,087813",58,2048,2048
"0,087693",59,2048,2048
"0,085768",60,2048,2048
"0,086728",61,2048,2048
"0,084292",62,2048,2048
"0,085412",63,2048,2048
"0,087806",64,2048,2048
"0,085463",65,2048,2048
"0,087749",66,2048,2048
"0,08456",67,2048,2048
"0,085242",68,2048,2048
"0,087446",69,2048,2048
"0,086109",70,2048,2048
"0,086988",71,2048,2048
"0,085642",72,2048,2048
"0,088816",73,2048,2048
"0,08477",74,2048,2048
"0,087996",75,2048,2048
"0,084311",76,2048,2048
"0,085758",77,2048,2048
"0,087914",78,2048,2048
"0,085324",79,2048,2048
"0,088254",80,2048,2048
"0,085567",81,2048,2048
"0,087787",82,2048,2048
"0,084803",83,2048,2048
"0,087486",84,2048,2048
"0,085508",85,2048,2048
"0,083933",86,2048,2048
"0,087636",87,2048,2048
"0,085938",88,2048,2048
"0,087806",89,2048,2048
"0,084565",90,2048,2048
"0,086622",91,2048,2048
"0,085699",92,2048,2048
"0,08469",93,2048,2048
"0,087749",94,2048,2048
"0,087144",95,2048,2048
"0,088963",96,2048,2048
"0,085196",97,2048,2048
"0,086673",98,2048,2048
"0,085653",99,2048,2048
"0,086439",0,4096,1024
"0,086184",1,4096,1024
"0,087707",2,4096,1024
"0,088449",3,4096,1024
"0,087395",4,4096,1024
"0,085709",5,4096,1024
"0,087571",6,4096,1024
"0,087721",7,4096,1024
"0,085905",8,4096,1024
"0,086431",9,4096,1024
"0,088572",10,4096,1024
"0,086411",11,4096,1024
"0,085578",12,4096,1024
"0,087579",13,4096,1024
"0,084554",14,4096,1024
"0,087087",15,4096,1024
"0,086638",16,4096,1024
"0,088443",17,4096,1024
"0,085095",18,4096,1024
"0,087803",19,4096,1024
"0,086517",20,4096,1024
"0,08687",21,4096,1024
"0,087593",22,4096,1024
"0,086533",23,4096,1024
"0,088115",24,4096,1024
"0,086627",25,4096,1024
"0,086713",26,4096,1024
"0,085035",27,4096,1024
"0,086017",28,4096,1024
"0,084525",29,4096,1024
"0,084962",30,4096,1024
"0,088468",31,4096,1024
"0,085382",32,4096,1024
"0,088749",33,4096,1024
"0,084147",34,4096,1024
"0,087132",35,4096,1024
"0,085592",36,4096,1024
"0,087821",37,4096,1024
"0,086273",38,4096,1024
"0,086745",39,4096,1024
"0,088573",40,4096,1024
"0,086701",41,4096,1024
"0,085381",42,4096,1024
"0,084391",43,4096,1024
"0,085522",44,4096,1024
"0,087915",45,4096,1024
"0,084683",46,4096,1024
"0,087577",47,4096,1024
"0,086959",48,4096,1024
"0,086744",49,4096,1024
"0,084479",50,4096,1024
"0,087301",51,4096,1024
"0,085836",52,4096,1024
"0,086546",53,4096,1024
"0,087112",54,4096,1024
"0,087325",55,4096,1024
"0,086826",56,4096,1024
"0,087885",57,4096,1024
"0,084267",58,4096,1024
"0,086994",59,4096,1024
"0,085263",60,4096,1024
"0,087113",61,4096,1024
"0,086585",62,4096,1024
"0,087553",63,4096,1024
"0,087676",64,4096,1024
"0,085751",65,4096,1024
"0,087516",66,4096,1024
"0,085546",67,4096,1024
"0,088116",68,4096,1024
"0,085058",69,4096,1024
"0,088257",70,4096,1024
"0,084942",71,4096,1024
"0,088074",72,4096,1024
"0,087464",73,4096,1024
"0,084672",74,4096,1024
"0,084855",75,4096,1024
"0,08674",76,4096,1024
"0,087516",77,4096,1024
"0,087832",78,4096,1024
"0,085195",79,4096,1024
"0,086679",80,4096,1024
"0,085597",81,4096,1024
"0,085538",82,4096,1024
"0,085752",83,4096,1024
"0,087376",84,4096,1024
"0,084729",85,4096,1024
"0,086495",86,4096,1024
"0,08662",87,4096,1024
"0,084858",88,4096,1024
"0,084693",89,4096,1024
"0,084628",90,4096,1024
"0,086207",91,4096,1024
"0,087387",92,4096,1024
"0,087791",93,4096,1024
"0,08807",94,4096,1024
"0,085955",95,4096,1024
"0,087461",96,4096,1024
"0,085588",97,4096,1024
"0,086481",98,4096,1024
"0,086851",99,4096,1024
"0,088025",0,8192,512
"0,085551",1,8192,512
"0,087744",2,8192,512
"0,086426",3,8192,512
"0,085601",4,8192,512
"0,085273",5,8192,512
"0,08701",6,8192,512
"0,087326",7,8192,512
"0,084565",8,8192,512
"0,087698",9,8192,512
"0,087605",10,8192,512
"0,085757",11,8192,512
"0,086691",12,8192,512
"0,085166",13,8192,512
"0,088841",14,8192,512
"0,085492",15,8192,512
"0,088549",16,8192,512
"0,085405",17,8192,512
"0,086003",18,8192,512
"0,087459",19,8192,512
"0,085204",20,8192,512
"0,08672",21,8192,512
"0,084438",22,8192,512
"0,088521",23,8192,512
"0,08497",24,8192,512
"0,086887",25,8192,512
"0,087707",26,8192,512
"0,084764",27,8192,512
"0,086019",28,8192,512
"0,088173",29,8192,512
"0,087909",30,8192,512
"0,085171",31,8192,512
"0,087999",32,8192,512
"0,084355",33,8192,512
"0,087035",34,8192,512
"0,084744",35,8192,512
"0,086055",36,8192,512
"0,085655",37,8192,512
"0,087116",38,8192,512
"0,088226",39,8192,512
"0,085366",40,8192,512
"0,087831",41,8192,512
"0,084351",42,8192,512
"0,087444",43,8192,512
"0,084691",44,8192,512
"0,08517",45,8192,512
"0,088725",46,8192,512
"0,087235",47,8192,512
"0,086983",48,8192,512
"0,086773",49,8192,512
"0,084348",50,8192,512
"0,084674",51,8192,512
"0,086536",52,8192,512
"0,085724",53,8192,512
"0,084886",54,8192,512
"0,087654",55,8192,512
"0,084851",56,8192,512
"0,0875",57,8192,512
"0,085038",58,8192,512
"0,086632",59,8192,512
"0,085275",60,8192,512
"0,08634",61,8192,512
"0,088627",62,8192,512
"0,087667",63,8192,512
"0,086456",64,8192,512
"0,085222",65,8192,512
"0,087704",66,8192,512
"0,084104",67,8192,512
"0,087071",68,8192,512
"0,086955",69,8192,512
"0,087172",70,8192,512
"0,087977",71,8192,512
"0,087503",72,8192,512
"0,086442",73,8192,512
"0,085588",74,8192,512
"0,084291",75,8192,512
"0,086594",76,8192,512
"0,086419",77,8192,512
"0,088104",78,8192,512
"0,087308",79,8192,512
"0,086523",80,8192,512
"0,084866",81,8192,512
"0,087004",82,8192,512
"0,085551",83,8192,512
"0,087039",84,8192,512
"0,087874",85,8192,512
"0,085437",86,8192,512
"0,086759",87,8192,512
"0,086306",88,8192,512
"0,0848",89,8192,512
"0,08787",90,8192,512
"0,084923",91,8192,512
"0,088414",92,8192,512
"0,084986",93,8192,512
"0,088308",94,8192,512
"0,085143",95,8192,512
"0,087633",96,8192,512
"0,08576",97,8192,512
"0,086748",98,8192,512
"0,087498",99,8192,512
"0,087621",0,16384,256
"0,087589",1,16384,256
"0,087385",2,16384,256
"0,084414",3,16384,256
"0,084686",4,16384,256
"0,087947",5,16384,256
"0,087512",6,16384,256
"0,08766",7,16384,256
"0,087939",8,16384,256
"0,086932",9,16384,256
"0,086896",10,16384,256
"0,087323",11,16384,256
"0,08644",12,16384,256
"0,085978",13,16384,256
"0,086303",14,16384,256
"0,087822",15,16384,256
"0,085213",16,16384,256
"0,086659",17,16384,256
"0,084811",18,16384,256
"0,087509",19,16384,256
"0,087729",20,16384,256
"0,083857",21,16384,256
"0,088508",22,16384,256
"0,084605",23,16384,256
"0,087531",24,16384,256
"0,087184",25,16384,256
"0,087383",26,16384,256
"0,085869",27,16384,256
"0,087994",28,16384,256
"0,088881",29,16384,256
"0,087667",30,16384,256
"0,087426",31,16384,256
"0,085106",32,16384,256
"0,087963",33,16384,256
"0,085238",34,16384,256
"0,084707",35,16384,256
"0,088637",36,16384,256
"0,086637",37,16384,256
"0,087199",38,16384,256
"0,087572",39,16384,256
"0,085438",40,16384,256
"0,087188",41,16384,256
"0,086937",42,16384,256
"0,087463",43,16384,256
"0,087056",44,16384,256
"0,088457",45,16384,256
"0,086938",46,16384,256
"0,084729",47,16384,256
"0,087057",48,16384,256
"0,084684",49,16384,256
"0,087598",50,16384,256
"0,087771",51,16384,256
"0,087784",52,16384,256
"0,08724",53,16384,256
"0,086017",54,16384,256
"0,087011",55,16384,256
"0,085193",56,16384,256
"0,088103",57,16384,256
"0,08436",58,16384,256
"0,088665",59,16384,256
"0,087319",60,16384,256
"0,086687",61,16384,256
"0,084988",62,16384,256
"0,087453",63,16384,256
"0,087577",64,16384,256
"0,084631",65,16384,256
"0,087278",66,16384,256
"0,086629",67,16384,256
"0,08523",68,16384,256
"0,086667",69,16384,256
"0,08411",70,16384,256
"0,086274",71,16384,256
"0,086674",72,16384,256
"0,087244",73,16384,256
"0,087445",74,16384,256
"0,088828",75,16384,256
"0,085496",76,16384,256
"0,084845",77,16384,256
"0,085224",78,16384,256
"0,084446",79,16384,256
"0,086856",80,16384,256
"0,084021",81,16384,256
"0,089084",82,16384,256
"0,086089",83,16384,256
"0,08492",84,16384,256
"0,087174",85,16384,256
"0,085328",86,16384,256
"0,087423",87,16384,256
"0,08463",88,16384,256
"0,088552",89,16384,256
"0,087592",90,16384,256
"0,084997",91,16384,256
"0,087515",92,16384,256
"0,084146",93,16384,256
"0,087302",94,16384,256
"0,084328",95,16384,256
"0,087974",96,16384,256
"0,086509",97,16384,256
"0,086813",98,16384,256
"0,087582",99,16384,256
"0,085356",0,32768,128
"0,087131",1,32768,128
"0,087365",2,32768,128
"0,088385",3,32768,128
"0,084163",4,32768,128
"0,08824",5,32768,128
"0,084781",6,32768,128
"0,086845",7,32768,128
"0,08689",8,32768,128
"0,087573",9,32768,128
"0,087875",10,32768,128
"0,08656",11,32768,128
"0,087214",12,32768,128
"0,087586",13,32768,128
"0,087138",14,32768,128
"0,085731",15,32768,128
"0,087184",16,32768,128
"0,086481",17,32768,128
"0,0864",18,32768,128
"0,088169",19,32768,128
"0,087773",20,32768,128
"0,087359",21,32768,128
"0,08761",22,32768,128
"0,083986",23,32768,128
"0,087815",24,32768,128
"0,08576",25,32768,128
"0,087756",26,32768,128
"0,087023",27,32768,128
"0,085412",28,32768,128
"0,084773",29,32768,128
"0,087029",30,32768,128
"0,08712",31,32768,128
"0,086086",32,32768,128
"0,088747",33,32768,128
"0,084378",34,32768,128
"0,087535",35,32768,128
"0,085398",36,32768,128
"0,087648",37,32768,128
"0,085204",38,32768,128
"0,087582",39,32768,128
"0,088681",40,32768,128
"0,086931",41,32768,128
"0,086878",42,32768,128
"0,08639",43,32768,128
"0,086573",44,32768,128
"0,084259",45,32768,128
"0,088124",46,32768,128
"0,088856",47,32768,128
"0,087218",48,32768,128
"0,087907",49,32768,128
"0,086738",50,32768,128
"0,083937",51,32768,128
"0,086603",52,32768,128
"0,084195",53,32768,128
"0,088481",54,32768,128
"0,086402",55,32768,128
"0,086565",56,32768,128
"0,088273",57,32768,128
"0,084525",58,32768,128
"0,087749",59,32768,128
"0,087585",60,32768,128
"0,088554",61,32768,128
"0,085792",62,32768,128
"0,086525",63,32768,128
"0,087976",64,32768,128
"0,087621",65,32768,128
"0,085693",66,32768,128
"0,085144",67,32768,128
"0,087808",68,32768,128
"0,085611",69,32768,128
"0,086604",70,32768,128
"0,086103",71,32768,128
"0,084828",72,32768,128
"0,086569",73,32768,128
"0,085076",74,32768,128
"0,087789",75,32768,128
"0,087505",76,32768,128
"0,088695",77,32768,128
"0,085651",78,32768,128
"0,087893",79,32768,128
"0,084888",80,32768,128
"0,086927",81,32768,128
"0,088065",82,32768,128
"0,086423",83,32768,128
"0,0879",84,32768,128
"0,084508",85,32768,128
"0,088008",86,32768,128
"0,087107",87,32768,128
"0,085214",88,32768,128
"0,087867",89,32768,128
"0,084977",90,32768,128
"0,088477",91,32768,128
"0,088155",92,32768,128
"0,08668",93,32768,128
"0,085958",94,32768,128
"0,087327",95,32768,128
"0,086436",96,32768,128
"0,085716",97,32768,128
"0,088352",98,32768,128
"0,086663",99,32768,128
"0,164144",0,256,32768
"0,171677",1,256,32768
"0,168582",2,256,32768
"0,168235",3,256,32768
"0,16393",4,256,32768
"0,169459",5,256,32768
"0,170601",6,256,32768
"0,166903",7,256,32768
"0,166079",8,256,32768
"0,167684",9,256,32768
"0,16936",10,256,32768
"0,169309",11,256,32768
"0,167329",12,256,32768
"0,166665",13,256,32768
"0,170115",14,256,32768
"0,167298",15,256,32768
"0,17072",16,256,32768
"0,169314",17,256,32768
"0,170225",18,256,32768
"0,16366",19,256,32768
"0,166032",20,256,32768
"0,171401",21,256,32768
"0,167808",22,256,32768
"0,164173",23,256,32768
"0,1638",24,256,32768
"0,170176",25,256,32768
"0,169892",26,256,32768
"0,168147",27,256,32768
"0,163782",28,256,32768
"0,164535",29,256,32768
"0,17195",30,256,32768
"0,167683",31,256,32768
"0,16528",32,256,32768
"0,167829",33,256,32768
"0,162855",34,256,32768
"0,172403",35,256,32768
"0,168405",36,256,32768
"0,16514",37,256,32768
"0,164168",38,256,32768
"0,167127",39,256,32768
"0,169649",40,256,32768
"0,169936",41,256,32768
"0,167346",42,256,32768
"0,163967",43,256,32768
"0,169659",44,256,32768
"0,172112",45,256,32768
"0,168444",46,256,32768
"0,168677",47,256,32768
"0,163266",48,256,32768
"0,171456",49,256,32768
"0,169328",50,256,32768
"0,169882",51,256,32768
"0,168168",52,256,32768
"0,164494",53,256,32768
"0,171264",54,256,32768
"0,169874",55,256,32768
"0,165006",56,256,32768
"0,168067",57,256,32768
"0,168335",58,256,32768
"0,168821",59,256,32768
"0,170076",60,256,32768
"0,167272",61,256,32768
"0,162519",62,256,32768
"0,170429",63,256,32768
"0,169699",64,256,32768
"0,171021",65,256,32768
"0,163443",66,256,32768
"0,168978",67,256,32768
"0,163619",68,256,32768
"0,171506",69,256,32768
"0,166229",70,256,32768
"0,168784",71,256,32768
"0,164924",72,256,32768
"0,168977",73,256,32768
"0,170002",74,256,32768
"0,171479",75,256,32768
"0,162199",76,256,32768
"0,169771",77,256,32768
"0,170954",78,256,32768
"0,169342",79,256,32768
"0,168155",80,256,32768
"0,165927",81,256,32768
"0,169142",82,256,32768
"0,168452",83,256,32768
"0,167674",84,256,32768
"0,164977",85,256,32768
"0,163603",86,256,32768
"0,168566",87,256,32768
"0,168891",88,256,32768
"0,168618",89,256,32768
"0,168219",90,256,32768
"0,167006",91,256,32768
"0,164732",92,256,32768
"0,170039",93,256,32768
"0,165124",94,256,32768
"0,1646",95,256,32768
"0,170273",96,256,32768
"0,169248",97,256,32768
"0,168397",98,256,32768
"0,170327",99,256,32768
"0,16713",0,512,16384
"0,168473",1,512,16384
"0,167973",2,512,16384
"0,169173",3,512,16384
"0,16503",4,512,16384
"0,163344",5,512,16384
"0,16573",6,512,16384
"0,170089",7,512,16384
"0,169489",8,512,16384
"0,163885",9,512,16384
"0,168482",10,512,16384
"0,166344",11,512,16384
"0,170381",12,512,16384
"0,167721",13,512,16384
"0,170304",14,512,16384
"0,163707",15,512,16384
"0,168599",16,512,16384
"0,170538",17,512,16384
"0,164531",18,512,16384
"0,167894",19,512,16384
"0,168702",20,512,16384
"0,168864",21,512,16384
"0,168181",22,512,16384
"0,168959",23,512,16384
"0,169499",24,512,16384
"0,169868",25,512,16384
"0,167563",26,512,16384
"0,170881",27,512,16384
"0,162884",28,512,16384
"0,169716",29,512,16384
"0,167255",30,512,16384
"0,168903",31,512,16384
"0,168549",32,512,16384
"0,166068",33,512,16384
"0,16856",34,512,16384
"0,164772",35,512,16384
"0,170145",36,512,16384
"0,165534",37,512,16384
"0,163653",38,512,16384
"0,168549",39,512,16384
"0,165221",40,512,16384
"0,171617",41,512,16384
"0,170099",42,512,16384
"0,165684",43,512,16384
"0,167517",44,512,16384
"0,167238",45,512,16384
"0,168727",46,512,16384
"0,167968",47,512,16384
"0,168708",48,512,16384
"0,169315",49,512,16384
"0,168665",50,512,16384
"0,167923",51,512,16384
"0,170163",52,512,16384
"0,164583",53,512,16384
"0,169248",54,512,16384
"0,169398",55,512,16384
"0,170761",56,512,16384
"0,163999",57,512,16384
"0,168552",58,512,16384
"0,169879",59,512,16384
"0,171131",60,512,16384
"0,165609",61,512,16384
"0,162108",62,512,16384
"0,168672",63,512,16384
"0,166011",64,512,16384
"0,170518",65,512,16384
"0,166585",66,512,16384
"0,170452",67,512,16384
"0,168728",68,512,16384
"0,166198",69,512,16384
"0,171706",70,512,16384
"0,165224",71,512,16384
"0,16409",72,512,16384
"0,16662",73,512,16384
"0,170606",74,512,16384
"0,168271",75,512,16384
"0,169774",76,512,16384
"0,167147",77,512,16384
"0,169711",78,512,16384
"0,168196",79,512,16384
"0,169894",80,512,16384
"0,163139",81,512,16384
"0,168657",82,512,16384
"0,164292",83,512,16384
"0,170472",84,512,16384
"0,168726",85,512,16384
"0,165403",86,512,16384
"0,167991",87,512,16384
"0,170085",88,512,16384
"0,169918",89,512,16384
"0,167846",90,512,16384
"0,166007",91,512,16384
"0,169478",92,512,16384
"0,16383",93,512,16384
"0,17131",94,512,16384
"0,169602",95,512,16384
"0,166452",96,512,16384
"0,168735",97,512,16384
"0,169883",98,512,16384
"0,168376",99,512,16384
"0,169056",0,1024,8192
"0,165334",1,1024,8192
"0,168476",2,1024,8192
"0,167393",3,1024,8192
"0,17188",4,1024,8192
"0,163412",5,1024,8192
"0,169979",6,1024,8192
"0,163575",7,1024,8192
"0,172181",8,1024,8192
"0,169979",9,1024,8192
"0,162789",10,1024,8192
"0,170569",11,1024,8192
"0,167832",12,1024,8192
"0,169227",13,1024,8192
"0,170715",14,1024,8192
"0,170155",15,1024,8192
"0,165378",16,1024,8192
"0,16861",17,1024,8192
"0,169419",18,1024,8192
"0,165171",19,1024,8192
"0,169667",20,1024,8192
"0,168677",21,1024,8192
"0,165356",22,1024,8192
"0,17231",23,1024,8192
"0,168245",24,1024,8192
"0,165733",25,1024,8192
"0,169883",26,1024,8192
"0,1652",27,1024,8192
"0,169979",28,1024,8192
"0,163165",29,1024,8192
"0,166306",30,1024,8192
"0,168801",31,1024,8192
"0,171615",32,1024,8192
"0,171348",33,1024,8192
"0,164387",34,1024,8192
"0,16925",35,1024,8192
"0,163467",36,1024,8192
"0,170597",37,1024,8192
"0,169426",38,1024,8192
"0,163798",39,1024,8192
"0,169895",40,1024,8192
"0,170174",41,1024,8192
"0,169904",42,1024,8192
"0,169758",43,1024,8192
"0,169918",44,1024,8192
"0,170179",45,1024,8192
"0,164741",46,1024,8192
"0,171724",47,1024,8192
"0,164356",48,1024,8192
"0,164156",49,1024,8192
"0,16996",50,1024,8192
"0,166349",51,1024,8192
"0,16877",52,1024,8192
"0,168241",53,1024,8192
"0,168038",54,1024,8192
"0,16403",55,1024,8192
"0,170793",56,1024,8192
"0,168244",57,1024,8192
"0,168082",58,1024,8192
"0,167822",59,1024,8192
"0,16571",60,1024,8192
"0,171297",61,1024,8192
"0,170817",62,1024,8192
"0,164927",63,1024,8192
"0,163588",64,1024,8192
"0,167895",65,1024,8192
"0,170932",66,1024,8192
"0,168528",67,1024,8192
"0,165877",68,1024,8192
"0,163374",69,1024,8192
"0,167363",70,1024,8192
"0,16922",71,1024,8192
"0,164013",72,1024,8192
"0,169349",73,1024,8192
"0,168935",74,1024,8192
"0,167853",75,1024,8192
"0,170288",76,1024,8192
"0,167914",77,1024,8192
"0,164398",78,1024,8192
"0,167745",79,1024,8192
"0,168895",80,1024,8192
"0,170786",81,1024,8192
"0,169699",82,1024,8192
"0,163562",83,1024,8192
"0,168522",84,1024,8192
"0,170952",85,1024,8192
"0,171107",86,1024,8192
"0,165022",87,1024,8192
"0,167815",88,1024,8192
"0,165539",89,1024,8192
"0,171384",90,1024,8192
"0,165888",91,1024,8192
"0,169432",92,1024,8192
"0,166319",93,1024,8192
"0,170442",94,1024,8192
"0,170672",95,1024,8192
"0,165789",96,1024,8192
"0,168622",97,1024,8192
"0,163716",98,1024,8192
"0,17206",99,1024,8192
"0,169521",0,2048,4096
"0,165132",1,2048,4096
"0,169307",2,2048,4096
"0,170058",3,2048,4096
"0,171751",4,2048,4096
"0,171631",5,2048,4096
"0,169484",6,2048,4096
"0,164788",7,2048,4096
"0,169823",8,2048,4096
"0,171546",9,2048,4096
"0,170971",10,2048,4096
"0,164118",11,2048,4096
"0,169188",12,2048,4096
"0,168601",13,2048,4096
"0,169941",14,2048,4096
"0,17113",15,2048,4096
"0,164108",16,2048,4096
"0,169607",17,2048,4096
"0,164768",18,2048,4096
"0,170282",19,2048,4096
"0,163264",20,2048,4096
"0,167681",21,2048,4096
"0,16995",22,2048,4096
"0,170309",23,2048,4096
"0,171628",24,2048,4096
"0,163253",25,2048,4096
"0,16607",26,2048,4096
"0,169427",27,2048,4096
"0,167454",28,2048,4096
"0,168946",29,2048,4096
"0,165065",30,2048,4096
"0,166093",31,2048,4096
"0,167263",32,2048,4096
"0,17013",33,2048,4096
"0,167749",34,2048,4096
"0,168795",35,2048,4096
"0,163179",36,2048,4096
"0,169403",37,2048,4096
"0,169225",38,2048,4096
"0,168727",39,2048,4096
"0,163632",40,2048,4096
"0,165872",41,2048,4096
"0,164749",42,2048,4096
"0,170955",43,2048,4096
"0,163633",44,2048,4096
"0,167737",45,2048,4096
"0,163315",46,2048,4096
"0,168792",47,2048,4096
"0,170192",48,2048,4096
"0,165892",49,2048,4096
"0,168926",50,2048,4096
"0,169307",51,2048,4096
"0,17067",52,2048,4096
"0,168964",53,2048,4096
"0,168091",54,2048,4096
"0,163053",55,2048,4096
"0,168828",56,2048,4096
"0,170836",57,2048,4096
"0,16902",58,2048,4096
"0,165725",59,2048,4096
"0,169212",60,2048,4096
"0,163139",61,2048,4096
"0,17079",62,2048,4096
"0,164548",63,2048,4096
"0,164362",64,2048,4096
"0,167214",65,2048,4096
"0,169592",66,2048,4096
"0,169002",67,2048,4096
"0,167736",68,2048,4096
"0,162871",69,2048,4096
"0,167979",70,2048,4096
"0,171779",71,2048,4096
"0,170019",72,2048,4096
"0,164079",73,2048,4096
"0,168092",74,2048,4096
"0,163035",75,2048,4096
"0,170652",76,2048,4096
"0,170562",77,2048,4096
"0,163366",78,2048,4096
"0,168409",79,2048,4096
"0,166584",80,2048,4096
"0,169818",81,2048,4096
"0,16927",82,2048,4096
"0,167882",83,2048,4096
"0,164067",84,2048,4096
"0,168503",85,2048,4096
"0,169544",86,2048,4096
"0,168432",87,2048,4096
"0,163091",88,2048,4096
"0,168445",89,2048,4096
"0,16647",90,2048,4096
"0,169974",91,2048,4096
"0,169027",92,2048,4096
"0,16471",93,2048,4096
"0,163133",94,2048,4096
"0,169414",95,2048,4096
"0,16627",96,2048,4096
"0,164492",97,2048,4096
"0,169302",98,2048,4096
"0,16459",99,2048,4096
"0,17191",0,4096,2048
"0,163395",1,4096,2048
"0,169717",2,4096,2048
"0,168341",3,4096,2048
"0,168804",4,4096,2048
"0,170113",5,4096,2048
"0,169919",6,4096,2048
"0,165466",7,4096,2048
"0,167808",8,4096,2048
"0,168539",9,4096,2048
"0,169884",10,4096,2048
"0,174036",11,4096,2048
"0,169389",12,4096,2048
"0,169278",13,4096,2048
"0,16742",14,4096,2048
"0,170561",15,4096,2048
"0,165025",16,4096,2048
"0,168126",17,4096,2048
"0,169438",18,4096,2048
"0,168548",19,4096,2048
"0,169513",20,4096,2048
"0,16609",21,4096,2048
"0,169944",22,4096,2048
"0,16931",23,4096,2048
"0,170108",24,4096,2048
"0,166981",25,4096,2048
"0,168002",26,4096,2048
"0,168612",27,4096,2048
"0,169637",28,4096,2048
"0,17107",29,4096,2048
"0,168416",30,4096,2048
"0,165001",31,4096,2048
"0,169816",32,4096,2048
"0,168315",33,4096,2048
"0,170265",34,4096,2048
"0,169133",35,4096,2048
"0,162637",36,4096,2048
"0,167436",37,4096,2048
"0,171843",38,4096,2048
"0,168005",39,4096,2048
"0,170007",40,4096,2048
"0,163998",41,4096,2048
"0,168515",42,4096,2048
"0,171197",43,4096,2048
"0,167615",44,4096,2048
"0,16486",45,4096,2048
"0,170046",46,4096,2048
"0,164808",47,4096,2048
"0,170963",48,4096,2048
"0,167173",49,4096,2048
"0,167956",50,4096,2048
"0,168502",51,4096,2048
"0,16786",52,4096,2048
"0,172457",53,4096,2048
"0,164019",54,4096,2048
"0,165055",55,4096,2048
"0,16908",56,4096,2048
"0,171238",57,4096,2048
"0,168284",58,4096,2048
"0,169392",59,4096,2048
"0,162947",60,4096,2048
"0,170355",61,4096,2048
"0,167646",62,4096,2048
"0,168573",63,4096,2048
"0,168973",64,4096,2048
"0,168267",65,4096,2048
"0,169683",66,4096,2048
"0,172126",67,4096,2048
"0,167841",68,4096,2048
"0,163714",69,4096,2048
"0,169935",70,4096,2048
"0,16364",71,4096,2048
"0,169146",72,4096,2048
"0,168649",73,4096,2048
"0,166",74,4096,2048
"0,169585",75,4096,2048
"0,16732",76,4096,2048
"0,16966",77,4096,2048
"0,166205",78,4096,2048
"0,170298",79,4096,2048
"0,16394",80,4096,2048
"0,16629",81,4096,2048
"0,17087",82,4096,2048
"0,163283",83,4096,2048
"0,16899",84,4096,2048
"0,169576",85,4096,2048
"0,168221",86,4096,2048
"0,169503",87,4096,2048
"0,165018",88,4096,2048
"0,169604",89,4096,2048
"0,167386",90,4096,2048
"0,172253",91,4096,2048
"0,16864",92,4096,2048
"0,16393",93,4096,2048
"0,164951",94,4096,2048
"0,16903",95,4096,2048
"0,168355",96,4096,2048
"0,170467",97,4096,2048
"0,163563",98,4096,2048
"0,169762",99,4096,2048
"0,165115",0,8192,1024
"0,1711",1,8192,1024
"0,16588",2,8192,1024
"0,169779",3,8192,1024
"0,164779",4,8192,1024
"0,169553",5,8192,1024
"0,172074",6,8192,1024
"0,1686",7,8192,1024
"0,17001",8,8192,1024
"0,168855",9,8192,1024
"0,164535",10,8192,1024
"0,172079",11,8192,1024
"0,166011",12,8192,1024
"0,168742",13,8192,1024
"0,169666",14,8192,1024
"0,171026",15,8192,1024
"0,17093",16,8192,1024
"0,165061",17,8192,1024
"0,164735",18,8192,1024
"0,17055",19,8192,1024
"0,168961",20,8192,1024
"0,170898",21,8192,1024
"0,163909",22,8192,1024
"0,165993",23,8192,1024
"0,167521",24,8192,1024
"0,172275",25,8192,1024
"0,167426",26,8192,1024
"0,167935",27,8192,1024
"0,167217",28,8192,1024
"0,16385",29,8192,1024
"0,171679",30,8192,1024
"0,167084",31,8192,1024
"0,168478",32,8192,1024
"0,169913",33,8192,1024
"0,163807",34,8192,1024
"0,171655",35,8192,1024
"0,167026",36,8192,1024
"0,164517",37,8192,1024
"0,169778",38,8192,1024
"0,169468",39,8192,1024
"0,16913",40,8192,1024
"0,168491",41,8192,1024
"0,163055",42,8192,1024
"0,164769",43,8192,1024
"0,168915",44,8192,1024
"0,170737",45,8192,1024
"0,166727",46,8192,1024
"0,165323",47,8192,1024
"0,167357",48,8192,1024
"0,167883",49,8192,1024
"0,170837",50,8192,1024
"0,167295",51,8192,1024
"0,168956",52,8192,1024
"0,164509",53,8192,1024
"0,169564",54,8192,1024
"0,168681",55,8192,1024
"0,164633",56,8192,1024
"0,165284",57,8192,1024
"0,168549",58,8192,1024
"0,170773",59,8192,1024
"0,168377",60,8192,1024
"0,169242",61,8192,1024
"0,168123",62,8192,1024
"0,165333",63,8192,1024
"0,17234",64,8192,1024
"0,165191",65,8192,1024
"0,166818",66,8192,1024
"0,168728",67,8192,1024
"0,170939",68,8192,1024
"0,169589",69,8192,1024
"0,165397",70,8192,1024
"0,169065",71,8192,1024
"0,166058",72,8192,1024
"0,167944",73,8192,1024
"0,169886",74,8192,1024
"0,167923",75,8192,1024
"0,164105",76,8192,1024
"0,165853",77,8192,1024
"0,17094",78,8192,1024
"0,169803",79,8192,1024
"0,168832",80,8192,1024
"0,167976",81,8192,1024
"0,167611",82,8192,1024
"0,166568",83,8192,1024
"0,168767",84,8192,1024
"0,163027",85,8192,1024
"0,164502",86,8192,1024
"0,168757",87,8192,1024
"0,16888",88,8192,1024
"0,170804",89,8192,1024
"0,163285",90,8192,1024
"0,165972",91,8192,1024
"0,168791",92,8192,1024
"0,170049",93,8192,1024
"0,166144",94,8192,1024
"0,167316",95,8192,1024
"0,16409",96,8192,1024
"0,166304",97,8192,1024
"0,171394",98,8192,1024
"0,163614",99,8192,1024
"0,163845",0,16384,512
"0,169302",1,16384,512
"0,171795",2,16384,512
"0,166507",3,16384,512
"0,170067",4,16384,512
"0,164882",5,16384,512
"0,167781",6,16384,512
"0,168495",7,16384,512
"0,166672",8,16384,512
"0,164842",9,16384,512
"0,169881",10,16384,512
"0,169069",11,16384,512
"0,170213",12,16384,512
"0,165651",13,16384,512
"0,165093",14,16384,512
"0,168287",15,16384,512
"0,169764",16,16384,512
"0,169516",17,16384,512
"0,166685",18,16384,512
"0,164902",19,16384,512
"0,168779",20,16384,512
"0,167099",21,16384,512
"0,16516",22,16384,512
"0,167944",23,16384,512
"0,165732",24,16384,512
"0,168228",25,16384,512
"0,169536",26,16384,512
"0,1698",27,16384,512
"0,16402",28,16384,512
"0,168548",29,16384,512
"0,169341",30,16384,512
"0,171348",31,16384,512
"0,169464",32,16384,512
"0,16457",33,16384,512
"0,168247",34,16384,512
"0,16735",35,16384,512
"0,172206",36,16384,512
"0,17029",37,16384,512
"0,164201",38,16384,512
"0,167812",39,16384,512
"0,169657",40,16384,512
"0,170768",41,16384,512
"0,168541",42,16384,512
"0,164242",43,16384,512
"0,169166",44,16384,512
"0,169315",45,16384,512
"0,1696",46,16384,512
"0,167412",47,16384,512
"0,167332",48,16384,512
"0,166289",49,16384,512
"0,170322",50,16384,512
"0,170874",51,16384,512
"0,163703",52,16384,512
"0,164544",53,16384,512
"0,168438",54,16384,512
"0,17234",55,16384,512
"0,170546",56,16384,512
"0,167856",57,16384,512
"0,166076",58,16384,512
"0,167294",59,16384,512
"0,171024",60,16384,512
"0,169254",61,16384,512
"0,170009",62,16384,512
"0,165879",63,16384,512
"0,167242",64,16384,512
"0,172334",65,16384,512
"0,167741",66,16384,512
"0,168824",67,16384,512
"0,165604",68,16384,512
"0,167616",69,16384,512
"0,171015",70,16384,512
"0,167892",71,16384,512
"0,167545",72,16384,512
"0,164922",73,16384,512
"0,16842",74,16384,512
"0,172066",75,16384,512
"0,165826",76,16384,512
"0,168602",77,16384,512
"0,167985",78,16384,512
"0,167274",79,16384,512
"0,170307",80,16384,512
"0,167557",81,16384,512
"0,167004",82,16384,512
"0,164336",83,16384,512
"0,170452",84,16384,512
"0,169716",85,16384,512
"0,164272",86,16384,512
"0,169695",87,16384,512
"0,167401",88,16384,512
"0,171284",89,16384,512
"0,16844",90,16384,512
"0,168141",91,16384,512
"0,165416",92,16384,512
"0,167528",93,16384,512
"0,168554",94,16384,512
"0,167998",95,16384,512
"0,167771",96,16384,512
"0,165007",97,16384,512
"0,168492",98,16384,512
"0,171781",99,16384,512
"0,168209",0,32768,256
"0,164443",1,32768,256
"0,167364",2,32768,256
"0,165325",3,32768,256
"0,172261",4,32768,256
"0,169068",5,32768,256
"0,164071",6,32768,256
"0,169696",7,32768,256
"0,167296",8,32768,256
"0,170765",9,32768,256
"0,169174",10,32768,256
"0,166256",11,32768,256
"0,167645",12,32768,256
"0,166481",13,32768,256
"0,171166",14,32768,256
"0,166773",15,32768,256
"0,169325",16,32768,256
"0,166229",17,32768,256
"0,167955",18,32768,256
"0,169397",19,32768,256
"0,167234",20,32768,256
"0,166646",21,32768,256
"0,168178",22,32768,256
"0,168312",23,32768,256
"0,17073",24,32768,256
"0,16787",25,32768,256
"0,169593",26,32768,256
"0,170402",27,32768,256
"0,169359",28,32768,256
"0,171586",29,32768,256
"0,169243",30,32768,256
"0,170148",31,32768,256
"0,163663",32,32768,256
"0,171551",33,32768,256
"0,169074",34,32768,256
"0,165015",35,32768,256
"0,167983",36,32768,256
"0,169344",37,32768,256
"0,171455",38,32768,256
"0,169258",39,32768,256
"0,163437",40,32768,256
"0,168881",41,32768,256
"0,16827",42,32768,256
"0,171775",43,32768,256
"0,169003",44,32768,256
"0,170012",45,32768,256
"0,170017",46,32768,256
"0,167575",47,32768,256
"0,170131",48,32768,256
"0,16973",49,32768,256
"0,169826",50,32768,256
"0,169391",51,32768,256
"0,168615",52,32768,256
"0,170223",53,32768,256
"0,168901",54,32768,256
"0,169902",55,32768,256
"0,169934",56,32768,256
"0,164604",57,32768,256
"0,172943",58,32768,256
"0,166583",59,32768,256
"0,169967",60,32768,256
"0,169246",61,32768,256
"0,168486",62,32768,256
"0,16949",63,32768,256
"0,168623",64,32768,256
"0,165681",65,32768,256
"0,168929",66,32768,256
"0,170448",67,32768,256
"0,170465",68,32768,256
"0,16918",69,32768,256
"0,165488",70,32768,256
"0,168976",71,32768,256
"0,171654",72,32768,256
"0,169936",73,32768,256
"0,165212",74,32768,256
"0,163321",75,32768,256
"0,16867",76,32768,256
"0,16839",77,32768,256
"0,171097",78,32768,256
"0,169675",79,32768,256
"0,16552",80,32768,256
"0,169736",81,32768,256
"0,170939",82,32768,256
"0,169435",83,32768,256
"0,168808",84,32768,256
"0,165041",85,32768,256
"0,169725",86,32768,256
"0,170367",87,32768,256
"0,171108",88,32768,256
"0,165137",89,32768,256
"0,163952",90,32768,256
"0,168288",91,32768,256
"0,169114",92,32768,256
"0,170105",93,32768,256
"0,165441",94,32768,256
"0,167187",95,32768,256
"0,168931",96,32768,256
"0,170688",97,32768,256
"0,167595",98,32768,256
"0,169562",99,32768,256
"0,333078",0,512,32768
"0,334085",1,512,32768
"0,332443",2,512,32768
"0,32398",3,512,32768
"0,334544",4,512,32768
"0,337247",5,512,32768
"0,333633",6,512,32768
"0,321393",7,512,32768
"0,334643",8,512,32768
"0,33593",9,512,32768
"0,330439",10,512,32768
"0,331076",11,512,32768
"0,331996",12,512,32768
"0,338097",13,512,32768
"0,332448",14,512,32768
"0,331459",15,512,32768
"0,329452",16,512,32768
"0,335375",17,512,32768
"0,334545",18,512,32768
"0,322138",19,512,32768
"0,334446",20,512,32768
"0,331841",21,512,32768
"0,332266",22,512,32768
"0,323851",23,512,32768
"0,333815",24,512,32768
"0,332387",25,512,32768
"0,333001",26,512,32768
"0,330932",27,512,32768
"0,325647",28,512,32768
"0,334296",29,512,32768
"0,327522",30,512,32768
"0,331162",31,512,32768
"0,327161",32,512,32768
"0,33733",33,512,32768
"0,32354",34,512,32768
"0,332049",35,512,32768
"0,324993",36,512,32768
"0,33645",37,512,32768
"0,325229",38,512,32768
"0,322924",39,512,32768
"0,332979",40,512,32768
"0,336345",41,512,32768
"0,335106",42,512,32768
"0,333653",43,512,32768
"0,330587",44,512,32768
"0,336169",45,512,32768
"0,32371",46,512,32768
"0,332866",47,512,32768
"0,331069",48,512,32768
"0,32913",49,512,32768
"0,333006",50,512,32768
"0,319996",51,512,32768
"0,333629",52,512,32768
"0,335139",53,512,32768
"0,335431",54,512,32768
"0,334352",55,512,32768
"0,329351",56,512,32768
"0,330125",57,512,32768
"0,333817",58,512,32768
"0,331697",59,512,32768
"0,334164",60,512,32768
"0,33166",61,512,32768
"0,334776",62,512,32768
"0,331593",63,512,32768
"0,33319",64,512,32768
"0,329767",65,512,32768
"0,333073",66,512,32768
"0,331697",67,512,32768
"0,329165",68,512,32768
"0,329701",69,512,32768
"0,336064",70,512,32768
"0,3304",71,512,32768
"0,321358",72,512,32768
"0,330793",73,512,32768
"0,338734",74,512,32768
"0,321441",75,512,32768
"0,333545",76,512,32768
"0,338166",77,512,32768
"0,336827",78,512,32768
"0,33222",79,512,32768
"0,332597",80,512,32768
"0,332927",81,512,32768
"0,333354",82,512,32768
"0,32995",83,512,32768
"0,330404",84,512,32768
"0,330493",85,512,32768
"0,336376",86,512,32768
"0,322341",87,512,32768
"0,332757",88,512,32768
"0,335511",89,512,32768
"0,33737",90,512,32768
"0,333576",91,512,32768
"0,333552",92,512,32768
"0,332221",93,512,32768
"0,336855",94,512,32768
"0,332163",95,512,32768
"0,323862",96,512,32768
"0,329332",97,512,32768
"0,327012",98,512,32768
"0,331557",99,512,32768
"0,324026",0,1024,16384
"0,333419",1,1024,16384
"0,336857",2,1024,16384
"0,322275",3,1024,16384
"0,333391",4,1024,16384
"0,329395",5,1024,16384
"0,335579",6,1024,16384
"0,326351",7,1024,16384
"0,333256",8,1024,16384
"0,329267",9,1024,16384
"0,333698",10,1024,16384
"0,331285",11,1024,16384
"0,330749",12,1024,16384
"0,333014",13,1024,16384
"0,326905",14,1024,16384
"0,326056",15,1024,16384
"0,331455",16,1024,16384
"0,329841",17,1024,16384
"0,329877",18,1024,16384
"0,33374",19,1024,16384
"0,32094",20,1024,16384
"0,329295",21,1024,16384
"0,336314",22,1024,16384
"0,325662",23,1024,16384
"0,332364",24,1024,16384
"0,330759",25,1024,16384
"0,333761",26,1024,16384
"0,330471",27,1024,16384
"0,332275",28,1024,16384
"0,328974",29,1024,16384
"0,338121",30,1024,16384
"0,33214",31,1024,16384
"0,333331",32,1024,16384
"0,330115",33,1024,16384
"0,334822",34,1024,16384
"0,33221",35,1024,16384
"0,330499",36,1024,16384
"0,333654",37,1024,16384
"0,328459",38,1024,16384
"0,330698",39,1024,16384
"0,321624",40,1024,16384
"0,332367",41,1024,16384
"0,338595",42,1024,16384
"0,331617",43,1024,16384
"0,32286",44,1024,16384
"0,330931",45,1024,16384
"0,328576",46,1024,16384
"0,33294",47,1024,16384
"0,332617",48,1024,16384
"0,328234",49,1024,16384
"0,335747",50,1024,16384
"0,334771",51,1024,16384
"0,333206",52,1024,16384
"0,335222",53,1024,16384
"0,330076",54,1024,16384
"0,334327",55,1024,16384
"0,332599",56,1024,16384
"0,332391",57,1024,16384
"0,338244",58,1024,16384
"0,330838",59,1024,16384
"0,329854",60,1024,16384
"0,327772",61,1024,16384
"0,337304",62,1024,16384
"0,329807",63,1024,16384
"0,331278",64,1024,16384
"0,333502",65,1024,16384
"0,331428",66,1024,16384
"0,333235",67,1024,16384
"0,332869",68,1024,16384
"0,332304",69,1024,16384
"0,332587",70,1024,16384
"0,33381",71,1024,16384
"0,328142",72,1024,16384
"0,329024",73,1024,16384
"0,337635",74,1024,16384
"0,330878",75,1024,16384
"0,322803",76,1024,16384
"0,331735",77,1024,16384
"0,330697",78,1024,16384
"0,333508",79,1024,16384
"0,329055",80,1024,16384
"0,337654",81,1024,16384
"0,334596",82,1024,16384
"0,324641",83,1024,16384
"0,323488",84,1024,16384
"0,334702",85,1024,16384
"0,330248",86,1024,16384
"0,334337",87,1024,16384
"0,320508",88,1024,16384
"0,328538",89,1024,16384
"0,336856",90,1024,16384
"0,334683",91,1024,16384
"0,327485",92,1024,16384
"0,328072",93,1024,16384
"0,333881",94,1024,16384
"0,331589",95,1024,16384
"0,329971",96,1024,16384
"0,332906",97,1024,16384
"0,330148",98,1024,16384
"0,331027",99,1024,16384
"0,321671",0,2048,8192
"0,333725",1,2048,8192
"0,334248",2,2048,8192
"0,324407",3,2048,8192
"0,328826",4,2048,8192
"0,33543",5,2048,8192
"0,332328",6,2048,8192
"0,334914",7,2048,8192
"0,331601",8,2048,8192
"0,334931",9,2048,8192
"0,328674",10,2048,8192
"0,33423",11,2048,8192
"0,330234",12,2048,8192
"0,333061",13,2048,8192
"0,333052",14,2048,8192
"0,33582",15,2048,8192
"0,32169",16,2048,8192
"0,330491",17,2048,8192
"0,330584",18,2048,8192
"0,333995",19,2048,8192
"0,330077",20,2048,8192
"0,319202",21,2048,8192
"0,334502",22,2048,8192
"0,330726",23,2048,8192
"0,332562",24,2048,8192
"0,33072",25,2048,8192
"0,327655",26,2048,8192
"0,337915",27,2048,8192
"0,323796",28,2048,8192
"0,320983",29,2048,8192
"0,328929",30,2048,8192
"0,338023",31,2048,8192
"0,332433",32,2048,8192
"0,320566",33,2048,8192
"0,330351",34,2048,8192
"0,335372",35,2048,8192
"0,332883",36,2048,8192
"0,323529",37,2048,8192
"0,330545",38,2048,8192
"0,337944",39,2048,8192
"0,321592",40,2048,8192
"0,333424",41,2048,8192
"0,332135",42,2048,8192
"0,334171",43,2048,8192
"0,333028",44,2048,8192
"0,321128",45,2048,8192
"0,333373",46,2048,8192
"0,330158",47,2048,8192
"0,333724",48,2048,8192
"0,331023",49,2048,8192
"0,329941",50,2048,8192
"0,330234",51,2048,8192
"0,336868",52,2048,8192
"0,332809",53,2048,8192
"0,324538",54,2048,8192
"0,336968",55,2048,8192
"0,33052",56,2048,8192
"0,332521",57,2048,8192
"0,333894",58,2048,8192
"0,328992",59,2048,8192
"0,335176",60,2048,8192
"0,331973",61,2048,8192
"0,324832",62,2048,8192
"0,334715",63,2048,8192
"0,329396",64,2048,8192
"0,334078",65,2048,8192
"0,331269",66,2048,8192
"0,328129",67,2048,8192
"0,337634",68,2048,8192
"0,331899",69,2048,8192
"0,33225",70,2048,8192
"0,331677",71,2048,8192
"0,334835",72,2048,8192
"0,320794",73,2048,8192
"0,329294",74,2048,8192
"0,328897",75,2048,8192
"0,336906",76,2048,8192
"0,328862",77,2048,8192
"0,32425",78,2048,8192
"0,334435",79,2048,8192
"0,33074",80,2048,8192
"0,332787",81,2048,8192
"0,328389",82,2048,8192
"0,335617",83,2048,8192
"0,330318",84,2048,8192
"0,332123",85,2048,8192
"0,323947",86,2048,8192
"0,334668",87,2048,8192
"0,331433",88,2048,8192
"0,334411",89,2048,8192
"0,322037",90,2048,8192
"0,332791",91,2048,8192
"0,338301",92,2048,8192
"0,324075",93,2048,8192
"0,327268",94,2048,8192
"0,331166",95,2048,8192
"0,329547",96,2048,8192
"0,335703",97,2048,8192
"0,329379",98,2048,8192
"0,330737",99,2048,8192
"0,330503",0,4096,4096
"0,333185",1,4096,4096
"0,324116",2,4096,4096
"0,329027",3,4096,4096
"0,333005",4,4096,4096
"0,333063",5,4096,4096
"0,322103",6,4096,4096
"0,332488",7,4096,4096
"0,332197",8,4096,4096
"0,333163",9,4096,4096
"0,323116",10,4096,4096
"0,331826",11,4096,4096
"0,327341",12,4096,4096
"0,33463",13,4096,4096
"0,328518",14,4096,4096
"0,33048",15,4096,4096
"0,331543",16,4096,4096
"0,336057",17,4096,4096
"0,331316",18,4096,4096
"0,328545",19,4096,4096
"0,334503",20,4096,4096
"0,338261",21,4096,4096
"0,324042",22,4096,4096
"0,331568",23,4096,4096
"0,335668",24,4096,4096
"0,331962",25,4096,4096
"0,333617",26,4096,4096
"0,320573",27,4096,4096
"0,326902",28,4096,4096
"0,33139",29,4096,4096
"0,33138",30,4096,4096
"0,333646",31,4096,4096
"0,329567",32,4096,4096
"0,330411",33,4096,4096
"0,333438",34,4096,4096
"0,330755",35,4096,4096
"0,329266",36,4096,4096
"0,335718",37,4096,4096
"0,32492",38,4096,4096
"0,332284",39,4096,4096
"0,32823",40,4096,4096
"0,335578",41,4096,4096
"0,329771",42,4096,4096
"0,32786",43,4096,4096
"0,334915",44,4096,4096
"0,330584",45,4096,4096
"0,332703",46,4096,4096
"0,332024",47,4096,4096
"0,326988",48,4096,4096
"0,336269",49,4096,4096
"0,329767",50,4096,4096
"0,331869",51,4096,4096
"0,333353",52,4096,4096
"0,337385",53,4096,4096
"0,332062",54,4096,4096
"0,331535",55,4096,4096
"0,325742",56,4096,4096
"0,337423",57,4096,4096
"0,329733",58,4096,4096
"0,328418",59,4096,4096
"0,334698",60,4096,4096
"0,329888",61,4096,4096
"0,331567",62,4096,4096
"0,332788",63,4096,4096
"0,330043",64,4096,4096
"0,336491",65,4096,4096
"0,331404",66,4096,4096
"0,320895",67,4096,4096
"0,327229",68,4096,4096
"0,335987",69,4096,4096
"0,325717",70,4096,4096
"0,329314",71,4096,4096
"0,324982",72,4096,4096
"0,330989",73,4096,4096
"0,327162",74,4096,4096
"0,330317",75,4096,4096
"0,319401",76,4096,4096
"0,33697",77,4096,4096
"0,333258",78,4096,4096
"0,325398",79,4096,4096
"0,333903",80,4096,4096
"0,328978",81,4096,4096
"0,335968",82,4096,4096
"0,333767",83,4096,4096
"0,335107",84,4096,4096
"0,329661",85,4096,4096
"0,33768",86,4096,4096
"0,330369",87,4096,4096
"0,32419",88,4096,4096
"0,336403",89,4096,4096
"0,329872",90,4096,4096
"0,331311",91,4096,4096
"0,331136",92,4096,4096
"0,327755",93,4096,4096
"0,331667",94,4096,4096
"0,334492",95,4096,4096
"0,33361",96,4096,4096
"0,326514",97,4096,4096
"0,333528",98,4096,4096
"0,322983",99,4096,4096
"0,334563",0,8192,2048
"0,327438",1,8192,2048
"0,33825",2,8192,2048
"0,32509",3,8192,2048
"0,335591",4,8192,2048
"0,325033",5,8192,2048
"0,335795",6,8192,2048
"0,323707",7,8192,2048
"0,330447",8,8192,2048
"0,330785",9,8192,2048
"0,337709",10,8192,2048
"0,326837",11,8192,2048
"0,330917",12,8192,2048
"0,331943",13,8192,2048
"0,334502",14,8192,2048
"0,32488",15,8192,2048
"0,323488",16,8192,2048
"0,332734",17,8192,2048
"0,330968",18,8192,2048
"0,335659",19,8192,2048
"0,321073",20,8192,2048
"0,328999",21,8192,2048
"0,329284",22,8192,2048
"0,33543",23,8192,2048
"0,326374",24,8192,2048
"0,331719",25,8192,2048
"0,331731",26,8192,2048
"0,333763",27,8192,2048
"0,325697",28,8192,2048
"0,327506",29,8192,2048
"0,32828",30,8192,2048
"0,334229",31,8192,2048
"0,333018",32,8192,2048
"0,330966",33,8192,2048
"0,328636",34,8192,2048
"0,335734",35,8192,2048
"0,322033",36,8192,2048
"0,331322",37,8192,2048
"0,332907",38,8192,2048
"0,327782",39,8192,2048
"0,334369",40,8192,2048
"0,324448",41,8192,2048
"0,334183",42,8192,2048
"0,33468",43,8192,2048
"0,335558",44,8192,2048
"0,329946",45,8192,2048
"0,324478",46,8192,2048
"0,338074",47,8192,2048
"0,325666",48,8192,2048
"0,331615",49,8192,2048
"0,333753",50,8192,2048
"0,334441",51,8192,2048
"0,332876",52,8192,2048
"0,322",53,8192,2048
"0,328668",54,8192,2048
"0,329914",55,8192,2048
"0,333078",56,8192,2048
"0,333355",57,8192,2048
"0,326163",58,8192,2048
"0,338012",59,8192,2048
"0,333832",60,8192,2048
"0,319766",61,8192,2048
"0,335875",62,8192,2048
"0,329483",63,8192,2048
"0,335861",64,8192,2048
"0,331263",65,8192,2048
"0,324429",66,8192,2048
"0,337879",67,8192,2048
"0,323584",68,8192,2048
"0,332028",69,8192,2048
"0,3244",70,8192,2048
"0,337088",71,8192,2048
"0,326769",72,8192,2048
"0,334331",73,8192,2048
"0,330358",74,8192,2048
"0,329883",75,8192,2048
"0,337525",76,8192,2048
"0,323037",77,8192,2048
"0,330787",78,8192,2048
"0,330882",79,8192,2048
"0,335564",80,8192,2048
"0,324005",81,8192,2048
"0,331295",82,8192,2048
"0,331569",83,8192,2048
"0,333629",84,8192,2048
"0,320621",85,8192,2048
"0,32735",86,8192,2048
"0,329984",87,8192,2048
"0,336352",88,8192,2048
"0,329949",89,8192,2048
"0,320476",90,8192,2048
"0,335575",91,8192,2048
"0,330132",92,8192,2048
"0,329962",93,8192,2048
"0,328169",94,8192,2048
"0,334281",95,8192,2048
"0,33158",96,8192,2048
"0,335168",97,8192,2048
"0,319649",98,8192,2048
"0,333543",99,8192,2048
"0,330397",0,16384,1024
"0,333552",1,16384,1024
"0,332371",2,16384,1024
"0,32887",3,16384,1024
"0,333384",4,16384,1024
"0,327418",5,16384,1024
"0,32714",6,16384,1024
"0,322838",7,16384,1024
"0,335704",8,16384,1024
"0,334316",9,16384,1024
"0,33445",10,16384,1024
"0,320743",11,16384,1024
"0,335419",12,16384,1024
"0,327825",13,16384,1024
"0,322186",14,16384,1024
"0,33144",15,16384,1024
"0,329889",16,16384,1024
"0,32827",17,16384,1024
"0,323505",18,16384,1024
"0,334187",19,16384,1024
"0,324664",20,16384,1024
"0,336136",21,16384,1024
"0,325969",22,16384,1024
"0,320996",23,16384,1024
"0,32809",24,16384,1024
"0,336654",25,16384,1024
"0,32812",26,16384,1024
"0,329655",27,16384,1024
"0,323265",28,16384,1024
"0,336381",29,16384,1024
"0,332547",30,16384,1024
"0,324034",31,16384,1024
"0,329198",32,16384,1024
"0,329348",33,16384,1024
"0,335973",34,16384,1024
"0,327374",35,16384,1024
"0,328803",36,16384,1024
"0,333346",37,16384,1024
"0,328554",38,16384,1024
"0,322309",39,16384,1024
"0,328893",40,16384,1024
"0,329078",41,16384,1024
"0,328023",42,16384,1024
"0,326081",43,16384,1024
"0,332381",44,16384,1024
"0,329699",45,16384,1024
"0,334224",46,16384,1024
"0,33373",47,16384,1024
"0,325091",48,16384,1024
"0,332876",49,16384,1024
"0,331968",50,16384,1024
"0,330522",51,16384,1024
"0,319072",52,16384,1024
"0,330531",53,16384,1024
"0,335754",54,16384,1024
"0,330065",55,16384,1024
"0,332883",56,16384,1024
"0,328917",57,16384,1024
"0,335855",58,16384,1024
"0,323778",59,16384,1024
"0,320499",60,16384,1024
"0,329139",61,16384,1024
"0,330173",62,16384,1024
"0,33111",63,16384,1024
"0,324145",64,16384,1024
"0,332161",65,16384,1024
"0,33803",66,16384,1024
"0,330027",67,16384,1024
"0,330732",68,16384,1024
"0,32318",69,16384,1024
"0,331883",70,16384,1024
"0,326166",71,16384,1024
"0,327421",72,16384,1024
"0,328734",73,16384,1024
"0,328189",74,16384,1024
"0,328159",75,16384,1024
"0,323985",76,16384,1024
"0,333571",77,16384,1024
"0,327409",78,16384,1024
"0,337828",79,16384,1024
"0,321634",80,16384,1024
"0,333263",81,16384,1024
"0,3281",82,16384,1024
"0,337747",83,16384,1024
"0,321603",84,16384,1024
"0,319073",85,16384,1024
"0,329778",86,16384,1024
"0,33859",87,16384,1024
"0,324074",88,16384,1024
"0,328646",89,16384,1024
"0,324529",90,16384,1024
"0,330372",91,16384,1024
"0,331714",92,16384,1024
"0,321802",93,16384,1024
"0,325199",94,16384,1024
"0,32841",95,16384,1024
"0,329783",96,16384,1024
"0,332739",97,16384,1024
"0,324495",98,16384,1024
"0,327008",99,16384,1024
"0,330403",0,32768,512
"0,334618",1,32768,512
"0,318859",2,32768,512
"0,332383",3,32768,512
"0,337332",4,32768,512
"0,326677",5,32768,512
"0,329145",6,32768,512
"0,329399",7,32768,512
"0,337706",8,32768,512
"0,324752",9,32768,512
"0,331524",10,32768,512
"0,327746",11,32768,512
"0,33425",12,32768,512
"0,323243",13,32768,512
"0,326992",14,32768,512
"0,325082",15,32768,512
"0,331156",16,32768,512
"0,325993",17,32768,512
"0,32446",18,32768,512
"0,33102",19,32768,512
"0,33629",20,32768,512
"0,334698",21,32768,512
"0,322254",22,32768,512
"0,330823",23,32768,512
"0,332716",24,32768,512
"0,330035",25,32768,512
"0,330105",26,32768,512
"0,321422",27,32768,512
"0,330152",28,32768,512
"0,329337",29,32768,512
"0,330202",30,32768,512
"0,31972",31,32768,512
"0,331682",32,32768,512
"0,329288",33,32768,512
"0,335255",34,32768,512
"0,323625",35,32768,512
"0,324972",36,32768,512
"0,329349",37,32768,512
"0,321992",38,32768,512
"0,325668",39,32768,512
"0,330379",40,32768,512
"0,328695",41,32768,512
"0,335419",42,32768,512
"0,322425",43,32768,512
"0,330696",44,32768,512
"0,329545",45,32768,512
"0,3377",46,32768,512
"0,323241",47,32768,512
"0,333622",48,32768,512
"0,335367",49,32768,512
"0,331155",50,32768,512
"0,330546",51,32768,512
"0,332126",52,32768,512
"0,330644",53,32768,512
"0,338021",54,32768,512
"0,321446",55,32768,512
"0,332199",56,32768,512
"0,334549",57,32768,512
"0,332047",58,32768,512
"0,331213",59,32768,512
"0,335338",60,32768,512
"0,329215",61,32768,512
"0,329267",62,32768,512
"0,325935",63,32768,512
"0,321076",64,32768,512
"0,3301",65,32768,512
"0,330322",66,32768,512
"0,334269",67,32768,512
"0,322035",68,32768,512
"0,325223",69,32768,512
"0,337231",70,32768,512
"0,326937",71,32768,512
"0,33475",72,32768,512
"0,324249",73,32768,512
"0,335122",74,32768,512
"0,329638",75,32768,512
"0,332697",76,32768,512
"0,326096",77,32768,512
"0,329199",78,32768,512
"0,336789",79,32768,512
"0,324078",80,32768,512
"0,33013",81,32768,512
"0,331826",82,32768,512
"0,328632",83,32768,512
"0,322329",84,32768,512
"0,330947",85,32768,512
"0,33157",86,32768,512
"0,337519",87,32768,512
"0,322107",88,32768,512
"0,328965",89,32768,512
"0,33165",90,32768,512
"0,333723",91,32768,512
"0,331605",92,32768,512
"0,322863",93,32768,512
"0,330806",94,32768,512
"0,335593",95,32768,512
"0,333796",96,32768,512
"0,329706",97,32768,512
"0,327737",98,32768,512
"0,33864",99,32768,512
"0,321402",0,65536,256
"0,334704",1,65536,256
"0,325577",2,65536,256
"0,330041",3,65536,256
"0,330903",4,65536,256
"0,326124",5,65536,256
"0,334907",6,65536,256
"0,328888",7,65536,256
"0,327999",8,65536,256
"0,331617",9,65536,256
"0,32507",10,65536,256
"0,334362",11,65536,256
"0,325477",12,65536,256
"0,328582",13,65536,256
"0,324486",14,65536,256
"0,336855",15,65536,256
"0,331956",16,65536,256
"0,330858",17,65536,256
"0,324083",18,65536,256
"0,33397",19,65536,256
"0,335965",20,65536,256
"0,325758",21,65536,256
"0,31901",22,65536,256
"0,33022",23,65536,256
"0,334574",24,65536,256
"0,321895",25,65536,256
"0,331202",26,65536,256
"0,325091",27,65536,256
"0,32931",28,65536,256
"0,327261",29,65536,256
"0,330271",30,65536,256
"0,328247",31,65536,256
"0,335936",32,65536,256
"0,323318",33,65536,256
"0,333977",34,65536,256
"0,323694",35,65536,256
"0,335404",36,65536,256
"0,324491",37,65536,256
"0,32609",38,65536,256
"0,33431",39,65536,256
"0,33094",40,65536,256
"0,327489",41,65536,256
"0,330358",42,65536,256
"0,319375",43,65536,256
"0,328758",44,65536,256
"0,329979",45,65536,256
"0,325795",46,65536,256
"0,329979",47,65536,256
"0,330119",48,65536,256
"0,332104",49,65536,256
"0,333264",50,65536,256
"0,324705",51,65536,256
"0,333453",52,65536,256
"0,330183",53,65536,256
"0,328631",54,65536,256
"0,329627",55,65536,256
"0,332285",56,65536,256
"0,337465",57,65536,256
"0,328471",58,65536,256
"0,320453",59,65536,256
"0,326536",60,65536,256
"0,330373",61,65536,256
"0,326935",62,65536,256
"0,32891",63,65536,256
"0,325338",64,65536,256
"0,329532",65,65536,256
"0,338404",66,65536,256
"0,324243",67,65536,256
"0,330074",68,65536,256
"0,329022",69,65536,256
"0,336627",70,65536,256
"0,319945",71,65536,256
"0,33296",72,65536,256
"0,32862",73,65536,256
"0,33524",74,65536,256
"0,330176",75,65536,256
"0,329918",76,65536,256
"0,331585",77,65536,256
"0,332486",78,65536,256
"0,322617",79,65536,256
"0,321718",80,65536,256
"0,333897",81,65536,256
"0,331594",82,65536,256
"0,333423",83,65536,256
"0,324859",84,65536,256
"0,334583",85,65536,256
"0,33755",86,65536,256
"0,327791",87,65536,256
"0,319634",88,65536,256
"0,332313",89,65536,256
"0,332175",90,65536,256
"0,33331",91,65536,256
"0,327473",92,65536,256
"0,332738",93,65536,256
"0,332665",94,65536,256
"0,324869",95,65536,256
"0,332994",96,65536,256
"0,323239",97,65536,256
"0,330192",98,65536,256
"0,333049",99,65536,256
"0,648742",0,512,65536
"0,661775",1,512,65536
"0,641552",2,512,65536
"0,648762",3,512,65536
"0,656522",4,512,65536
"0,65194",5,512,65536
"0,658278",6,512,65536
"0,646753",7,512,65536
"0,650829",8,512,65536
"0,666121",9,512,65536
"0,655795",10,512,65536
"0,648033",11,512,65536
"0,662532",12,512,65536
"0,646938",13,512,65536
"0,659036",14,512,65536
"0,665809",15,512,65536
"0,639721",16,512,65536
"0,653721",17,512,65536
"0,65855",18,512,65536
"0,64715",19,512,65536
"0,651502",20,512,65536
"0,66416",21,512,65536
"0,651537",22,512,65536
"0,663569",23,512,65536
"0,640753",24,512,65536
"0,646952",25,512,65536
"0,664714",26,512,65536
"0,650496",27,512,65536
"0,662482",28,512,65536
"0,65059",29,512,65536
"0,660692",30,512,65536
"0,664436",31,512,65536
"0,64992",32,512,65536
"0,647148",33,512,65536
"0,659063",34,512,65536
"0,665163",35,512,65536
"0,659871",36,512,65536
"0,64903",37,512,65536
"0,661881",38,512,65536
"0,648304",39,512,65536
"0,658811",40,512,65536
"0,644873",41,512,65536
"0,661467",42,512,65536
"0,639011",43,512,65536
"0,644249",44,512,65536
"0,662694",45,512,65536
"0,650469",46,512,65536
"0,661355",47,512,65536
"0,650349",48,512,65536
"0,665677",49,512,65536
"0,641126",50,512,65536
"0,64229",51,512,65536
"0,659632",52,512,65536
"0,647798",53,512,65536
"0,664923",54,512,65536
"0,65294",55,512,65536
"0,662597",56,512,65536
"0,640284",57,512,65536
"0,665658",58,512,65536
"0,644723",59,512,65536
"0,661593",60,512,65536
"0,648089",61,512,65536
"0,650693",62,512,65536
"0,663777",63,512,65536
"0,663814",64,512,65536
"0,659688",65,512,65536
"0,664245",66,512,65536
"0,645253",67,512,65536
"0,645899",68,512,65536
"0,664221",69,512,65536
"0,64077",70,512,65536
"0,647084",71,512,65536
"0,658154",72,512,65536
"0,667587",73,512,65536
"0,646795",74,512,65536
"0,66502",75,512,65536
"0,641241",76,512,65536
"0,665421",77,512,65536
"0,642269",78,512,65536
"0,66298",79,512,65536
"0,652786",80,512,65536
"0,659644",81,512,65536
"0,666284",82,512,65536
"0,642002",83,512,65536
"0,646287",84,512,65536
"0,663314",85,512,65536
"0,646743",86,512,65536
"0,651787",87,512,65536
"0,647126",88,512,65536
"0,646223",89,512,65536
"0,666642",90,512,65536
"0,663228",91,512,65536
"0,642609",92,512,65536
"0,650487",93,512,65536
"0,66042",94,512,65536
"0,642282",95,512,65536
"0,644834",96,512,65536
"0,648567",97,512,65536
"0,642349",98,512,65536
"0,656554",99,512,65536
"0,651419",0,1024,32768
"0,652831",1,1024,32768
"0,66438",2,1024,32768
"0,651134",3,1024,32768
"0,658929",4,1024,32768
"0,650203",5,1024,32768
"0,654305",6,1024,32768
"0,649259",7,1024,32768
"0,654526",8,1024,32768
"0,649027",9,1024,32768
"0,646258",10,1024,32768
"0,658034",11,1024,32768
"0,647646",12,1024,32768
"0,657084",13,1024,32768
"0,642069",14,1024,32768
"0,648649",15,1024,32768
"0,666324",16,1024,32768
"0,653912",17,1024,32768
"0,662905",18,1024,32768
"0,645639",19,1024,32768
"0,639431",20,1024,32768
"0,659507",21,1024,32768
"0,66082",22,1024,32768
"0,64395",23,1024,32768
"0,650727",24,1024,32768
"0,657418",25,1024,32768
"0,649269",26,1024,32768
"0,657899",27,1024,32768
"0,658421",28,1024,32768
"0,645745",29,1024,32768
"0,657012",30,1024,32768
"0,650547",31,1024,32768
"0,665756",32,1024,32768
"0,661325",33,1024,32768
"0,642659",34,1024,32768
"0,644033",35,1024,32768
"0,648892",36,1024,32768
"0,645831",37,1024,32768
"0,646445",38,1024,32768
"0,643727",39,1024,32768
"0,666817",40,1024,32768
"0,65874",41,1024,32768
"0,663521",42,1024,32768
"0,652179",43,1024,32768
"0,6635",44,1024,32768
"0,664841",45,1024,32768
"0,650267",46,1024,32768
"0,644936",47,1024,32768
"0,650739",48,1024,32768
"0,657877",49,1024,32768
"0,653995",50,1024,32768
"0,654802",51,1024,32768
"0,645364",52,1024,32768
"0,651396",53,1024,32768
"0,66565",54,1024,32768
"0,64349",55,1024,32768
"0,641564",56,1024,32768
"0,651428",57,1024,32768
"0,643678",58,1024,32768
"0,66493",59,1024,32768
"0,646168",60,1024,32768
"0,657376",61,1024,32768
"0,659701",62,1024,32768
"0,63754",63,1024,32768
"0,646612",64,1024,32768
"0,665042",65,1024,32768
"0,646103",66,1024,32768
"0,647343",67,1024,32768
"0,64497",68,1024,32768
"0,651096",69,1024,32768
"0,661339",70,1024,32768
"0,641218",71,1024,32768
"0,662446",72,1024,32768
"0,66705",73,1024,32768
"0,663226",74,1024,32768
"0,645644",75,1024,32768
"0,658516",76,1024,32768
"0,663871",77,1024,32768
"0,660101",78,1024,32768
"0,650196",79,1024,32768
"0,657079",80,1024,32768
"0,648421",81,1024,32768
"0,661135",82,1024,32768
"0,642756",83,1024,32768
"0,662166",84,1024,32768
"0,658369",85,1024,32768
"0,644035",86,1024,32768
"0,660966",87,1024,32768
"0,661672",88,1024,32768
"0,659897",89,1024,32768
"0,644448",90,1024,32768
"0,659761",91,1024,32768
"0,645241",92,1024,32768
"0,64956",93,1024,32768
"0,642636",94,1024,32768
"0,652128",95,1024,32768
"0,663321",96,1024,32768
"0,640961",97,1024,32768
"0,661605",98,1024,32768
"0,650014",99,1024,32768
"0,667662",0,2048,16384
"0,653193",1,2048,16384
"0,643967",2,2048,16384
"0,665868",3,2048,16384
"0,647682",4,2048,16384
"0,649435",5,2048,16384
"0,660585",6,2048,16384
"0,649261",7,2048,16384
"0,644043",8,2048,16384
"0,659501",9,2048,16384
"0,642908",10,2048,16384
"0,658897",11,2048,16384
"0,656228",12,2048,16384
"0,664053",13,2048,16384
"0,652419",14,2048,16384
"0,65793",15,2048,16384
"0,651919",16,2048,16384
"0,666589",17,2048,16384
"0,638434",18,2048,16384
"0,660844",19,2048,16384
"0,65006",20,2048,16384
"0,646639",21,2048,16384
"0,645837",22,2048,16384
"0,652218",23,2048,16384
"0,646063",24,2048,16384
"0,657137",25,2048,16384
"0,664316",26,2048,16384
"0,645103",27,2048,16384
"0,648138",28,2048,16384
"0,658346",29,2048,16384
"0,650274",30,2048,16384
"0,664999",31,2048,16384
"0,647631",32,2048,16384
"0,659175",33,2048,16384
"0,657519",34,2048,16384
"0,644335",35,2048,16384
"0,666531",36,2048,16384
"0,652435",37,2048,16384
"0,661404",38,2048,16384
"0,644103",39,2048,16384
"0,661803",40,2048,16384
"0,643842",41,2048,16384
"0,66505",42,2048,16384
"0,66642",43,2048,16384
"0,650982",44,2048,16384
"0,660266",45,2048,16384
"0,641779",46,2048,16384
"0,654386",47,2048,16384
"0,642801",48,2048,16384
"0,663095",49,2048,16384
"0,645384",50,2048,16384
"0,663044",51,2048,16384
"0,648178",52,2048,16384
"0,661767",53,2048,16384
"0,659278",54,2048,16384
"0,663719",55,2048,16384
"0,656746",56,2048,16384
"0,660957",57,2048,16384
"0,651103",58,2048,16384
"0,659032",59,2048,16384
"0,661367",60,2048,16384
"0,663092",61,2048,16384
"0,66515",62,2048,16384
"0,657957",63,2048,16384
"0,667295",64,2048,16384
"0,644651",65,2048,16384
"0,651622",66,2048,16384
"0,660484",67,2048,16384
"0,66123",68,2048,16384
"0,659832",69,2048,16384
"0,667221",70,2048,16384
"0,651713",71,2048,16384
"0,661691",72,2048,16384
"0,663955",73,2048,16384
"0,646665",74,2048,16384
"0,655986",75,2048,16384
"0,658678",76,2048,16384
"0,655597",77,2048,16384
"0,644814",78,2048,16384
"0,658959",79,2048,16384
"0,640898",80,2048,16384
"0,644295",81,2048,16384
"0,659479",82,2048,16384
"0,663104",83,2048,16384
"0,663409",84,2048,16384
"0,665539",85,2048,16384
"0,665154",86,2048,16384
"0,641319",87,2048,16384
"0,65318",88,2048,16384
"0,657435",89,2048,16384
"0,661044",90,2048,16384
"0,646386",91,2048,16384
"0,661702",92,2048,16384
"0,652313",93,2048,16384
"0,646007",94,2048,16384
"0,664797",95,2048,16384
"0,667037",96,2048,16384
"0,641966",97,2048,16384
"0,665085",98,2048,16384
"0,661508",99,2048,16384
"0,659878",0,4096,8192
"0,645313",1,4096,8192
"0,665363",2,4096,8192
"0,662926",3,4096,8192
"0,644",4,4096,8192
"0,664891",5,4096,8192
"0,640743",6,4096,8192
"0,645946",7,4096,8192
"0,639804",8,4096,8192
"0,664704",9,4096,8192
"0,657611",10,4096,8192
"0,66341",11,4096,8192
"0,642867",12,4096,8192
"0,663037",13,4096,8192
"0,663404",14,4096,8192
"0,645689",15,4096,8192
"0,662884",16,4096,8192
"0,650131",17,4096,8192
"0,662414",18,4096,8192
"0,65871",19,4096,8192
"0,663005",20,4096,8192
"0,654731",21,4096,8192
"0,662981",22,4096,8192
"0,662772",23,4096,8192
"0,644718",24,4096,8192
"0,664716",25,4096,8192
"0,656002",26,4096,8192
"0,657844",27,4096,8192
"0,647326",28,4096,8192
"0,651276",29,4096,8192
"0,655979",30,4096,8192
"0,646415",31,4096,8192
"0,648175",32,4096,8192
"0,662758",33,4096,8192
"0,638965",34,4096,8192
"0,648267",35,4096,8192
"0,663225",36,4096,8192
"0,652615",37,4096,8192
"0,658606",38,4096,8192
"0,643916",39,4096,8192
"0,656952",40,4096,8192
"0,640705",41,4096,8192
"0,647305",42,4096,8192
"0,664413",43,4096,8192
"0,648678",44,4096,8192
"0,647926",45,4096,8192
"0,667892",46,4096,8192
"0,64705",47,4096,8192
"0,658405",48,4096,8192
"0,642897",49,4096,8192
"0,662801",50,4096,8192
"0,64672",51,4096,8192
"0,661853",52,4096,8192
"0,645204",53,4096,8192
"0,658002",54,4096,8192
"0,643611",55,4096,8192
"0,642075",56,4096,8192
"0,643364",57,4096,8192
"0,665392",58,4096,8192
"0,66566",59,4096,8192
"0,660096",60,4096,8192
"0,648476",61,4096,8192
"0,660093",62,4096,8192
"0,660245",63,4096,8192
"0,660248",64,4096,8192
"0,642237",65,4096,8192
"0,660675",66,4096,8192
"0,648172",67,4096,8192
"0,662731",68,4096,8192
"0,643719",69,4096,8192
"0,657548",70,4096,8192
"0,657468",71,4096,8192
"0,666915",72,4096,8192
"0,647201",73,4096,8192
"0,659395",74,4096,8192
"0,642356",75,4096,8192
"0,660466",76,4096,8192
"0,668076",77,4096,8192
"0,646748",78,4096,8192
"0,663003",79,4096,8192
"0,65869",80,4096,8192
"0,644802",81,4096,8192
"0,663366",82,4096,8192
"0,660691",83,4096,8192
"0,65034",84,4096,8192
"0,661813",85,4096,8192
"0,646593",86,4096,8192
"0,652097",87,4096,8192
"0,659294",88,4096,8192
"0,643785",89,4096,8192
"0,65324",90,4096,8192
"0,64587",91,4096,8192
"0,647964",92,4096,8192
"0,662016",93,4096,8192
"0,650762",94,4096,8192
"0,662116",95,4096,8192
"0,641373",96,4096,8192
"0,657023",97,4096,8192
"0,648508",98,4096,8192
"0,659678",99,4096,8192
"0,650321",0,8192,4096
"0,646456",1,8192,4096
"0,649251",2,8192,4096
"0,639319",3,8192,4096
"0,645915",4,8192,4096
"0,646905",5,8192,4096
"0,648745",6,8192,4096
"0,667188",7,8192,4096
"0,646473",8,8192,4096
"0,648936",9,8192,4096
"0,649233",10,8192,4096
"0,638694",11,8192,4096
"0,664786",12,8192,4096
"0,647593",13,8192,4096
"0,662082",14,8192,4096
"0,645502",15,8192,4096
"0,65722",16,8192,4096
"0,642007",17,8192,4096
"0,665158",18,8192,4096
"0,654401",19,8192,4096
"0,647487",20,8192,4096
"0,647049",21,8192,4096
"0,652792",22,8192,4096
"0,645943",23,8192,4096
"0,666508",24,8192,4096
"0,65329",25,8192,4096
"0,663321",26,8192,4096
"0,644299",27,8192,4096
"0,650267",28,8192,4096
"0,643311",29,8192,4096
"0,659209",30,8192,4096
"0,664696",31,8192,4096
"0,649528",32,8192,4096
"0,660088",33,8192,4096
"0,644877",34,8192,4096
"0,651706",35,8192,4096
"0,645549",36,8192,4096
"0,653708",37,8192,4096
"0,642076",38,8192,4096
"0,664921",39,8192,4096
"0,662404",40,8192,4096
"0,643684",41,8192,4096
"0,649464",42,8192,4096
"0,663237",43,8192,4096
"0,646845",44,8192,4096
"0,663008",45,8192,4096
"0,641446",46,8192,4096
"0,660486",47,8192,4096
"0,64653",48,8192,4096
"0,658086",49,8192,4096
"0,645419",50,8192,4096
"0,652852",51,8192,4096
"0,648795",52,8192,4096
"0,641989",53,8192,4096
"0,643624",54,8192,4096
"0,654428",55,8192,4096
"0,643824",56,8192,4096
"0,651657",57,8192,4096
"0,658447",58,8192,4096
"0,661775",59,8192,4096
"0,65809",60,8192,4096
"0,637602",61,8192,4096
"0,647915",62,8192,4096
"0,655337",63,8192,4096
"0,647383",64,8192,4096
"0,662779",65,8192,4096
"0,666214",66,8192,4096
"0,649067",67,8192,4096
"0,657247",68,8192,4096
"0,649891",69,8192,4096
"0,643328",70,8192,4096
"0,657868",71,8192,4096
"0,643765",72,8192,4096
"0,656976",73,8192,4096
"0,648357",74,8192,4096
"0,666415",75,8192,4096
"0,66609",76,8192,4096
"0,665449",77,8192,4096
"0,64586",78,8192,4096
"0,648299",79,8192,4096
"0,650396",80,8192,4096
"0,662075",81,8192,4096
"0,649015",82,8192,4096
"0,661885",83,8192,4096
"0,659595",84,8192,4096
"0,645894",85,8192,4096
"0,666587",86,8192,4096
"0,646344",87,8192,4096
"0,666016",88,8192,4096
"0,656579",89,8192,4096
"0,643153",90,8192,4096
"0,659068",91,8192,4096
"0,648221",92,8192,4096
"0,657928",93,8192,4096
"0,646405",94,8192,4096
"0,649491",95,8192,4096
"0,662243",96,8192,4096
"0,646349",97,8192,4096
"0,666655",98,8192,4096
"0,662459",99,8192,4096
"0,651155",0,16384,2048
"0,664758",1,16384,2048
"0,655183",2,16384,2048
"0,666268",3,16384,2048
"0,65137",4,16384,2048
"0,657208",5,16384,2048
"0,652283",6,16384,2048
"0,657949",7,16384,2048
"0,658863",8,16384,2048
"0,656938",9,16384,2048
"0,641403",10,16384,2048
"0,652132",11,16384,2048
"0,662289",12,16384,2048
"0,651494",13,16384,2048
"0,662442",14,16384,2048
"0,638768",15,16384,2048
"0,641056",16,16384,2048
"0,656841",17,16384,2048
"0,650676",18,16384,2048
"0,647132",19,16384,2048
"0,664392",20,16384,2048
"0,644327",21,16384,2048
"0,647206",22,16384,2048
"0,640645",23,16384,2048
"0,664174",24,16384,2048
"0,664281",25,16384,2048
"0,646259",26,16384,2048
"0,657579",27,16384,2048
"0,644431",28,16384,2048
"0,659263",29,16384,2048
"0,64148",30,16384,2048
"0,663859",31,16384,2048
"0,662146",32,16384,2048
"0,647615",33,16384,2048
"0,665326",34,16384,2048
"0,658934",35,16384,2048
"0,643236",36,16384,2048
"0,658027",37,16384,2048
"0,656254",38,16384,2048
"0,661544",39,16384,2048
"0,662131",40,16384,2048
"0,664121",41,16384,2048
"0,655654",42,16384,2048
"0,657406",43,16384,2048
"0,658469",44,16384,2048
"0,665574",45,16384,2048
"0,657483",46,16384,2048
"0,657825",47,16384,2048
"0,665421",48,16384,2048
"0,640687",49,16384,2048
"0,654733",50,16384,2048
"0,658849",51,16384,2048
"0,659119",52,16384,2048
"0,665119",53,16384,2048
"0,646452",54,16384,2048
"0,663964",55,16384,2048
"0,658926",56,16384,2048
"0,661556",57,16384,2048
"0,645785",58,16384,2048
"0,665944",59,16384,2048
"0,645652",60,16384,2048
"0,646926",61,16384,2048
"0,657897",62,16384,2048
"0,642801",63,16384,2048
"0,65662",64,16384,2048
"0,644856",65,16384,2048
"0,65938",66,16384,2048
"0,643543",67,16384,2048
"0,66527",68,16384,2048
"0,638893",69,16384,2048
"0,642745",70,16384,2048
"0,663188",71,16384,2048
"0,645845",72,16384,2048
"0,659751",73,16384,2048
"0,644723",74,16384,2048
"0,66634",75,16384,2048
"0,644776",76,16384,2048
"0,664721",77,16384,2048
"0,647934",78,16384,2048
"0,659449",79,16384,2048
"0,644804",80,16384,2048
"0,668512",81,16384,2048
"0,643765",82,16384,2048
"0,648283",83,16384,2048
"0,65803",84,16384,2048
"0,660313",85,16384,2048
"0,650996",86,16384,2048
"0,665166",87,16384,2048
"0,645862",88,16384,2048
"0,650548",89,16384,2048
"0,643232",90,16384,2048
"0,642614",91,16384,2048
"0,663367",92,16384,2048
"0,668077",93,16384,2048
"0,647245",94,16384,2048
"0,659841",95,16384,2048
"0,65719",96,16384,2048
"0,646671",97,16384,2048
"0,643516",98,16384,2048
"0,654612",99,16384,2048
"0,661332",0,32768,1024
"0,656837",1,32768,1024
"0,659227",2,32768,1024
"0,655273",3,32768,1024
"0,666311",4,32768,1024
"0,645314",5,32768,1024
"0,655894",6,32768,1024
"0,645444",7,32768,1024
"0,663727",8,32768,1024
"0,64859",9,32768,1024
"0,660674",10,32768,1024
"0,657148",11,32768,1024
"0,645926",12,32768,1024
"0,662206",13,32768,1024
"0,644961",14,32768,1024
"0,663957",15,32768,1024
"0,658403",16,32768,1024
"0,665446",17,32768,1024
"0,647595",18,32768,1024
"0,661164",19,32768,1024
"0,647426",20,32768,1024
"0,657124",21,32768,1024
"0,660527",22,32768,1024
"0,661028",23,32768,1024
"0,644926",24,32768,1024
"0,645574",25,32768,1024
"0,662685",26,32768,1024
"0,665977",27,32768,1024
"0,663172",28,32768,1024
"0,659848",29,32768,1024
"0,657304",30,32768,1024
"0,643751",31,32768,1024
"0,659618",32,32768,1024
"0,645213",33,32768,1024
"0,657387",34,32768,1024
"0,658168",35,32768,1024
"0,644802",36,32768,1024
"0,659251",37,32768,1024
"0,654425",38,32768,1024
"0,650686",39,32768,1024
"0,662119",40,32768,1024
"0,660318",41,32768,1024
"0,66411",42,32768,1024
"0,656529",43,32768,1024
"0,646799",44,32768,1024
"0,645381",45,32768,1024
"0,646991",46,32768,1024
"0,663132",47,32768,1024
"0,665614",48,32768,1024
"0,659996",49,32768,1024
"0,647622",50,32768,1024
"0,647468",51,32768,1024
"0,661206",52,32768,1024
"0,656899",53,32768,1024
"0,650439",54,32768,1024
"0,658616",55,32768,1024
"0,655977",56,32768,1024
"0,661066",57,32768,1024
"0,653868",58,32768,1024
"0,647779",59,32768,1024
"0,661704",60,32768,1024
"0,666719",61,32768,1024
"0,657956",62,32768,1024
"0,658046",63,32768,1024
"0,647988",64,32768,1024
"0,659713",65,32768,1024
"0,655611",66,32768,1024
"0,652988",67,32768,1024
"0,662943",68,32768,1024
"0,665978",69,32768,1024
"0,641517",70,32768,1024
"0,664264",71,32768,1024
"0,648559",72,32768,1024
"0,660708",73,32768,1024
"0,660811",74,32768,1024
"0,649745",75,32768,1024
"0,65156",76,32768,1024
"0,658412",77,32768,1024
"0,654257",78,32768,1024
"0,64379",79,32768,1024
"0,653297",80,32768,1024
"0,660225",81,32768,1024
"0,661715",82,32768,1024
"0,647798",83,32768,1024
"0,66259",84,32768,1024
"0,65187",85,32768,1024
"0,661272",86,32768,1024
"0,644402",87,32768,1024
"0,659316",88,32768,1024
"0,659368",89,32768,1024
"0,658247",90,32768,1024
"0,658592",91,32768,1024
"0,646164",92,32768,1024
"0,665998",93,32768,1024
"0,648308",94,32768,1024
"0,65957",95,32768,1024
"0,646971",96,32768,1024
"0,647078",97,32768,1024
"0,657961",98,32768,1024
"0,661569",99,32768,1024
"0,646643",0,65536,512
"0,657578",1,65536,512
"0,652361",2,65536,512
"0,658884",3,65536,512
"0,645876",4,65536,512
"0,660185",5,65536,512
"0,664083",6,65536,512
"0,663479",7,65536,512
"0,656107",8,65536,512
"0,646598",9,65536,512
"0,661382",10,65536,512
"0,647329",11,65536,512
"0,649639",12,65536,512
"0,65045",13,65536,512
"0,666879",14,65536,512
"0,649481",15,65536,512
"0,657294",16,65536,512
"0,645261",17,65536,512
"0,655452",18,65536,512
"0,658621",19,65536,512
"0,645042",20,65536,512
"0,647081",21,65536,512
"0,659766",22,65536,512
"0,66254",23,65536,512
"0,639563",24,65536,512
"0,661615",25,65536,512
"0,647179",26,65536,512
"0,642511",27,65536,512
"0,661628",28,65536,512
"0,648431",29,65536,512
"0,664337",30,65536,512
"0,6495",31,65536,512
"0,661514",32,65536,512
"0,666105",33,65536,512
"0,649709",34,65536,512
"0,663107",35,65536,512
"0,663684",36,65536,512
"0,673205",37,65536,512
"0,666358",38,65536,512
"0,6573",39,65536,512
"0,645173",40,65536,512
"0,66089",41,65536,512
"0,64765",42,65536,512
"0,653576",43,65536,512
"0,641517",44,65536,512
"0,657383",45,65536,512
"0,66248",46,65536,512
"0,646885",47,65536,512
"0,645422",48,65536,512
"0,653367",49,65536,512
"0,651359",50,65536,512
"0,658012",51,65536,512
"0,664618",52,65536,512
"0,645751",53,65536,512
"0,643456",54,65536,512
"0,657889",55,65536,512
"0,648262",56,65536,512
"0,644001",57,65536,512
"0,664281",58,65536,512
"0,657704",59,65536,512
"0,647737",60,65536,512
"0,66203",61,65536,512
"0,643947",62,65536,512
"0,641757",63,65536,512
"0,663547",64,65536,512
"0,660099",65,65536,512
"0,652522",66,65536,512
"0,655692",67,65536,512
"0,657067",68,65536,512
"0,640736",69,65536,512
"0,643411",70,65536,512
"0,656337",71,65536,512
"0,651521",72,65536,512
"0,661116",73,65536,512
"0,661268",74,65536,512
"0,661418",75,65536,512
"0,646872",76,65536,512
"0,663435",77,65536,512
"0,652774",78,65536,512
"0,657055",79,65536,512
"0,659923",80,65536,512
"0,664098",81,65536,512
"0,659238",82,65536,512
"0,647638",83,65536,512
"0,664809",84,65536,512
"0,661736",85,65536,512
"0,664455",86,65536,512
"0,651935",87,65536,512
"0,662745",88,65536,512
"0,642476",89,65536,512
"0,660624",90,65536,512
"0,65395",91,65536,512
"0,656327",92,65536,512
"0,662419",93,65536,512
"0,665183",94,65536,512
"0,642915",95,65536,512
"0,656597",96,65536,512
"0,663494",97,65536,512
"0,644758",98,65536,512
"0,665117",99,65536,512
"1,285913",0,1024,65536
"1,331202",1,1024,65536
"1,307749",2,1024,65536
"1,293022",3,1024,65536
"1,32176",4,1024,65536
"1,310601",5,1024,65536
"1,29304",6,1024,65536
"1,31024",7,1024,65536
"1,322907",8,1024,65536
"1,284429",9,1024,65536
"1,323216",10,1024,65536
"1,286172",11,1024,65536
"1,284716",12,1024,65536
"1,323032",13,1024,65536
"1,323044",14,1024,65536
"1,323029",15,1024,65536
"1,313148",16,1024,65536
"1,32095",17,1024,65536
"1,321997",18,1024,65536
"1,323393",19,1024,65536
"1,316251",20,1024,65536
"1,323287",21,1024,65536
"1,280959",22,1024,65536
"1,32306",23,1024,65536
"1,309591",24,1024,65536
"1,324401",25,1024,65536
"1,280111",26,1024,65536
"1,315308",27,1024,65536
"1,286921",28,1024,65536
"1,310768",29,1024,65536
"1,280883",30,1024,65536
"1,306786",31,1024,65536
"1,284601",32,1024,65536
"1,307196",33,1024,65536
"1,309465",34,1024,65536
"1,32131",35,1024,65536
"1,280588",36,1024,65536
"1,325077",37,1024,65536
"1,326562",38,1024,65536
"1,279281",39,1024,65536
"1,320597",40,1024,65536
"1,315543",41,1024,65536
"1,321596",42,1024,65536
"1,28167",43,1024,65536
"1,325323",44,1024,65536
"1,280579",45,1024,65536
"1,30869",46,1024,65536
"1,288688",47,1024,65536
"1,322292",48,1024,65536
"1,285216",49,1024,65536
"1,306965",50,1024,65536
"1,317542",51,1024,65536
"1,283708",52,1024,65536
"1,319669",53,1024,65536
"1,323407",54,1024,65536
"1,320617",55,1024,65536
"1,325527",56,1024,65536
"1,316595",57,1024,65536
"1,298829",58,1024,65536
"1,318558",59,1024,65536
"1,280131",60,1024,65536
"1,307545",61,1024,65536
"1,283336",62,1024,65536
"1,321839",63,1024,65536
"1,321352",64,1024,65536
"1,299203",65,1024,65536
"1,315903",66,1024,65536
"1,309312",67,1024,65536
"1,31526",68,1024,65536
"1,321923",69,1024,65536
"1,27954",70,1024,65536
"1,317051",71,1024,65536
"1,315141",72,1024,65536
"1,310934",73,1024,65536
"1,328969",74,1024,65536
"1,295563",75,1024,65536
"1,320448",76,1024,65536
"1,325685",77,1024,65536
"1,320412",78,1024,65536
"1,317899",79,1024,65536
"1,28662",80,1024,65536
"1,306008",81,1024,65536
"1,30073",82,1024,65536
"1,32078",83,1024,65536
"1,325801",84,1024,65536
"1,315565",85,1024,65536
"1,281204",86,1024,65536
"1,315845",87,1024,65536
"1,30593",88,1024,65536
"1,324196",89,1024,65536
"1,280229",90,1024,65536
"1,322065",91,1024,65536
"1,287301",92,1024,65536
"1,304289",93,1024,65536
"1,280849",94,1024,65536
"1,315963",95,1024,65536
"1,28894",96,1024,65536
"1,324762",97,1024,65536
"1,289602",98,1024,65536
"1,320133",99,1024,65536
"1,292278",0,2048,32768
"1,32558",1,2048,32768
"1,281466",2,2048,32768
"1,311685",3,2048,32768
"1,28379",4,2048,32768
"1,308",5,2048,32768
"1,287437",6,2048,32768
"1,310562",7,2048,32768
"1,308854",8,2048,32768
"1,297102",9,2048,32768
"1,286559",10,2048,32768
"1,295818",11,2048,32768
"1,309145",12,2048,32768
"1,323758",13,2048,32768
"1,281225",14,2048,32768
"1,317986",15,2048,32768
"1,28584",16,2048,32768
"1,310562",17,2048,32768
"1,328592",18,2048,32768
"1,288839",19,2048,32768
"1,318903",20,2048,32768
"1,284833",21,2048,32768
"1,310264",22,2048,32768
"1,285254",23,2048,32768
"1,309818",24,2048,32768
"1,289368",25,2048,32768
"1,323519",26,2048,32768
"1,28374",27,2048,32768
"1,321839",28,2048,32768
"1,320325",29,2048,32768
"1,319353",30,2048,32768
"1,320902",31,2048,32768
"1,314795",32,2048,32768
"1,297144",33,2048,32768
"1,321758",34,2048,32768
"1,281676",35,2048,32768
"1,317258",36,2048,32768
"1,279415",37,2048,32768
"1,309743",38,2048,32768
"1,283088",39,2048,32768
"1,325685",40,2048,32768
"1,284187",41,2048,32768
"1,291626",42,2048,32768
"1,309508",43,2048,32768
"1,303336",44,2048,32768
"1,312526",45,2048,32768
"1,286743",46,2048,32768
"1,298111",47,2048,32768
"1,309695",48,2048,32768
"1,305851",49,2048,32768
"1,284542",50,2048,32768
"1,289563",51,2048,32768
"1,278202",52,2048,32768
"1,309533",53,2048,32768
"1,28485",54,2048,32768
"1,324609",55,2048,32768
"1,294361",56,2048,32768
"1,31777",57,2048,32768
"1,29469",58,2048,32768
"1,311844",59,2048,32768
"1,28481",60,2048,32768
"1,289356",61,2048,32768
"1,293126",62,2048,32768
"1,310759",63,2048,32768
"1,292035",64,2048,32768
"1,323513",65,2048,32768
"1,289903",66,2048,32768
"1,313431",67,2048,32768
"1,304184",68,2048,32768
"1,295926",69,2048,32768
"1,317545",70,2048,32768
"1,305928",71,2048,32768
"1,304503",72,2048,32768
"1,292669",73,2048,32768
"1,284789",74,2048,32768
"1,315051",75,2048,32768
"1,287753",76,2048,32768
"1,320477",77,2048,32768
"1,327202",78,2048,32768
"1,281081",79,2048,32768
"1,323411",80,2048,32768
"1,290435",81,2048,32768
"1,3188",82,2048,32768
"1,316089",83,2048,32768
"1,310455",84,2048,32768
"1,292987",85,2048,32768
"1,320593",86,2048,32768
"1,292465",87,2048,32768
"1,291849",88,2048,32768
"1,308554",89,2048,32768
"1,285568",90,2048,32768
"1,318418",91,2048,32768
"1,286718",92,2048,32768
"1,323253",93,2048,32768
"1,292162",94,2048,32768
"1,320051",95,2048,32768
"1,288491",96,2048,32768
"1,320617",97,2048,32768
"1,315117",98,2048,32768
"1,309263",99,2048,32768
"1,319477",0,4096,16384
"1,294936",1,4096,16384
"1,307267",2,4096,16384
"1,294689",3,4096,16384
"1,31305",4,4096,16384
"1,318817",5,4096,16384
"1,281681",6,4096,16384
"1,292023",7,4096,16384
"1,285973",8,4096,16384
"1,325079",9,4096,16384
"1,330216",10,4096,16384
"1,329022",11,4096,16384
"1,311518",12,4096,16384
"1,298596",13,4096,16384
"1,325534",14,4096,16384
"1,294776",15,4096,16384
"1,30713",16,4096,16384
"1,28947",17,4096,16384
"1,317999",18,4096,16384
"1,288727",19,4096,16384
"1,286623",20,4096,16384
"1,326411",21,4096,16384
"1,318422",22,4096,16384
"1,286065",23,4096,16384
"1,31557",24,4096,16384
"1,29008",25,4096,16384
"1,285327",26,4096,16384
"1,288077",27,4096,16384
"1,309839",28,4096,16384
"1,280751",29,4096,16384
"1,324454",30,4096,16384
"1,283794",31,4096,16384
"1,321323",32,4096,16384
"1,323088",33,4096,16384
"1,301584",34,4096,16384
"1,298539",35,4096,16384
"1,318722",36,4096,16384
"1,295625",37,4096,16384
"1,322388",38,4096,16384
"1,329861",39,4096,16384
"1,323599",40,4096,16384
"1,285655",41,4096,16384
"1,31888",42,4096,16384
"1,298436",43,4096,16384
"1,292777",44,4096,16384
"1,319127",45,4096,16384
"1,299233",46,4096,16384
"1,275222",47,4096,16384
"1,326271",48,4096,16384
"1,307432",49,4096,16384
"1,294381",50,4096,16384
"1,315135",51,4096,16384
"1,305435",52,4096,16384
"1,317166",53,4096,16384
"1,284568",54,4096,16384
"1,319821",55,4096,16384
"1,322981",56,4096,16384
"1,309828",57,4096,16384
"1,29868",58,4096,16384
"1,309875",59,4096,16384
"1,326716",60,4096,16384
"1,319405",61,4096,16384
"1,320896",62,4096,16384
"1,30764",63,4096,16384
"1,283049",64,4096,16384
"1,297911",65,4096,16384
"1,295167",66,4096,16384
"1,323533",67,4096,16384
"1,288555",68,4096,16384
"1,286549",69,4096,16384
"1,320403",70,4096,16384
"1,277676",71,4096,16384
"1,294333",72,4096,16384
"1,317699",73,4096,16384
"1,284992",74,4096,16384
"1,321889",75,4096,16384
"1,288178",76,4096,16384
"1,325455",77,4096,16384
"1,315249",78,4096,16384
"1,308168",79,4096,16384
"1,307804",80,4096,16384
"1,290577",81,4096,16384
"1,289967",82,4096,16384
"1,320055",83,4096,16384
"1,31477",84,4096,16384
"1,291481",85,4096,16384
"1,292603",86,4096,16384
"1,309086",87,4096,16384
"1,307925",88,4096,16384
"1,277376",89,4096,16384
"1,308997",90,4096,16384
"1,284562",91,4096,16384
"1,309189",92,4096,16384
"1,27831",93,4096,16384
"1,288964",94,4096,16384
"1,280967",95,4096,16384
"1,297109",96,4096,16384
"1,293747",97,4096,16384
"1,313648",98,4096,16384
"1,331277",99,4096,16384
"1,32373",0,8192,8192
"1,329828",1,8192,8192
"1,31162",2,8192,8192
"1,32549",3,8192,8192
"1,318373",4,8192,8192
"1,290205",5,8192,8192
"1,317657",6,8192,8192
"1,27712",7,8192,8192
"1,326019",8,8192,8192
"1,318965",9,8192,8192
"1,283419",10,8192,8192
"1,310435",11,8192,8192
"1,300984",12,8192,8192
"1,323841",13,8192,8192
"1,284658",14,8192,8192
"1,281471",15,8192,8192
"1,284173",16,8192,8192
"1,306826",17,8192,8192
"1,283579",18,8192,8192
"1,312031",19,8192,8192
"1,290467",20,8192,8192
"1,291576",21,8192,8192
"1,325266",22,8192,8192
"1,300019",23,8192,8192
"1,312219",24,8192,8192
"1,31027",25,8192,8192
"1,315517",26,8192,8192
"1,293888",27,8192,8192
"1,306314",28,8192,8192
"1,329365",29,8192,8192
"1,286458",30,8192,8192
"1,326648",31,8192,8192
"1,311964",32,8192,8192
"1,287043",33,8192,8192
"1,317579",34,8192,8192
"1,287042",35,8192,8192
"1,311696",36,8192,8192
"1,314878",37,8192,8192
"1,283238",38,8192,8192
"1,289563",39,8192,8192
"1,307931",40,8192,8192
"1,326272",41,8192,8192
"1,31882",42,8192,8192
"1,303632",43,8192,8192
"1,325791",44,8192,8192
"1,284286",45,8192,8192
"1,325084",46,8192,8192
"1,286417",47,8192,8192
"1,312054",48,8192,8192
"1,317267",49,8192,8192
"1,321054",50,8192,8192
"1,289162",51,8192,8192
"1,31433",52,8192,8192
"1,28244",53,8192,8192
"1,298025",54,8192,8192
"1,292751",55,8192,8192
"1,306193",56,8192,8192
"1,286713",57,8192,8192
"1,310242",58,8192,8192
"1,284581",59,8192,8192
"1,285807",60,8192,8192
"1,321063",61,8192,8192
"1,323911",62,8192,8192
"1,314242",63,8192,8192
"1,31619",64,8192,8192
"1,290141",65,8192,8192
"1,31229",66,8192,8192
"1,293683",67,8192,8192
"1,328335",68,8192,8192
"1,318325",69,8192,8192
"1,28722",70,8192,8192
"1,287354",71,8192,8192
"1,294566",72,8192,8192
"1,315009",73,8192,8192
"1,279917",74,8192,8192
"1,295621",75,8192,8192
"1,278195",76,8192,8192
"1,299344",77,8192,8192
"1,296342",78,8192,8192
"1,319772",79,8192,8192
"1,315738",80,8192,8192
"1,307616",81,8192,8192
"1,283278",82,8192,8192
"1,315673",83,8192,8192
"1,286277",84,8192,8192
"1,325844",85,8192,8192
"1,300562",86,8192,8192
"1,311263",87,8192,8192
"1,288992",88,8192,8192
"1,326852",89,8192,8192
"1,318935",90,8192,8192
"1,306951",91,8192,8192
"1,298826",92,8192,8192
"1,321605",93,8192,8192
"1,280726",94,8192,8192
"1,302993",95,8192,8192
"1,323785",96,8192,8192
"1,277591",97,8192,8192
"1,28693",98,8192,8192
"1,287132",99,8192,8192
"1,316261",0,16384,4096
"1,281905",1,16384,4096
"1,323688",2,16384,4096
"1,278405",3,16384,4096
"1,293875",4,16384,4096
"1,319463",5,16384,4096
"1,289518",6,16384,4096
"1,329654",7,16384,4096
"1,2891",8,16384,4096
"1,303732",9,16384,4096
"1,315592",10,16384,4096
"1,291239",11,16384,4096
"1,298735",12,16384,4096
"1,316737",13,16384,4096
"1,28752",14,16384,4096
"1,323345",15,16384,4096
"1,299294",16,16384,4096
"1,29506",17,16384,4096
"1,323873",18,16384,4096
"1,298731",19,16384,4096
"1,317127",20,16384,4096
"1,28817",21,16384,4096
"1,285536",22,16384,4096
"1,286867",23,16384,4096
"1,318089",24,16384,4096
"1,294103",25,16384,4096
"1,320726",26,16384,4096
"1,322921",27,16384,4096
"1,288261",28,16384,4096
"1,328313",29,16384,4096
"1,288561",30,16384,4096
"1,326252",31,16384,4096
"1,283207",32,16384,4096
"1,297993",33,16384,4096
"1,281517",34,16384,4096
"1,28065",35,16384,4096
"1,31581",36,16384,4096
"1,285447",37,16384,4096
"1,315128",38,16384,4096
"1,289536",39,16384,4096
"1,316296",40,16384,4096
"1,284787",41,16384,4096
"1,321467",42,16384,4096
"1,286019",43,16384,4096
"1,316994",44,16384,4096
"1,284293",45,16384,4096
"1,327855",46,16384,4096
"1,285397",47,16384,4096
"1,316556",48,16384,4096
"1,288809",49,16384,4096
"1,321806",50,16384,4096
"1,318412",51,16384,4096
"1,282313",52,16384,4096
"1,325278",53,16384,4096
"1,283466",54,16384,4096
"1,295494",55,16384,4096
"1,288795",56,16384,4096
"1,324385",57,16384,4096
"1,301986",58,16384,4096
"1,286178",59,16384,4096
"1,316222",60,16384,4096
"1,325474",61,16384,4096
"1,316058",62,16384,4096
"1,278725",63,16384,4096
"1,289803",64,16384,4096
"1,31679",65,16384,4096
"1,297106",66,16384,4096
"1,317405",67,16384,4096
"1,290065",68,16384,4096
"1,326048",69,16384,4096
"1,298659",70,16384,4096
"1,313817",71,16384,4096
"1,286004",72,16384,4096
"1,327952",73,16384,4096
"1,287094",74,16384,4096
"1,323374",75,16384,4096
"1,290449",76,16384,4096
"1,287904",77,16384,4096
"1,287643",78,16384,4096
"1,32331",79,16384,4096
"1,326119",80,16384,4096
"1,29058",81,16384,4096
"1,315151",82,16384,4096
"1,291781",83,16384,4096
"1,284067",84,16384,4096
"1,282246",85,16384,4096
"1,321089",86,16384,4096
"1,278797",87,16384,4096
"1,287587",88,16384,4096
"1,28688",89,16384,4096
"1,321207",90,16384,4096
"1,289225",91,16384,4096
"1,294661",92,16384,4096
"1,318926",93,16384,4096
"1,286714",94,16384,4096
"1,32516",95,16384,4096
"1,310856",96,16384,4096
"1,29017",97,16384,4096
"1,323499",98,16384,4096
"1,279649",99,16384,4096
"1,320461",0,32768,2048
"1,289146",1,32768,2048
"1,282519",2,32768,2048
"1,286393",3,32768,2048
"1,322842",4,32768,2048
"1,298556",5,32768,2048
"1,320466",6,32768,2048
"1,321185",7,32768,2048
"1,295067",8,32768,2048
"1,312238",9,32768,2048
"1,28077",10,32768,2048
"1,318557",11,32768,2048
"1,323887",12,32768,2048
"1,313117",13,32768,2048
"1,316668",14,32768,2048
"1,327265",15,32768,2048
"1,316085",16,32768,2048
"1,310785",17,32768,2048
"1,315182",18,32768,2048
"1,31874",19,32768,2048
"1,299275",20,32768,2048
"1,319819",21,32768,2048
"1,325466",22,32768,2048
"1,290248",23,32768,2048
"1,323967",24,32768,2048
"1,285238",25,32768,2048
"1,328086",26,32768,2048
"1,327057",27,32768,2048
"1,291403",28,32768,2048
"1,313581",29,32768,2048
"1,319256",30,32768,2048
"1,295186",31,32768,2048
"1,31861",32,32768,2048
"1,310155",33,32768,2048
"1,305412",34,32768,2048
"1,313218",35,32768,2048
"1,28098",36,32768,2048
"1,318456",37,32768,2048
"1,311864",38,32768,2048
"1,320352",39,32768,2048
"1,318367",40,32768,2048
"1,284483",41,32768,2048
"1,295276",42,32768,2048
"1,306026",43,32768,2048
"1,321513",44,32768,2048
"1,314369",45,32768,2048
"1,314255",46,32768,2048
"1,285975",47,32768,2048
"1,313856",48,32768,2048
"1,321441",49,32768,2048
"1,330837",50,32768,2048
"1,301178",51,32768,2048
"1,316455",52,32768,2048
"1,287689",53,32768,2048
"1,314365",54,32768,2048
"1,287832",55,32768,2048
"1,324301",56,32768,2048
"1,322323",57,32768,2048
"1,286593",58,32768,2048
"1,31972",59,32768,2048
"1,31647",60,32768,2048
"1,319762",61,32768,2048
"1,315538",62,32768,2048
"1,310032",63,32768,2048
"1,32366",64,32768,2048
"1,27671",65,32768,2048
"1,318858",66,32768,2048
"1,320975",67,32768,2048
"1,314661",68,32768,2048
"1,282534",69,32768,2048
"1,294998",70,32768,2048
"1,306346",71,32768,2048
"1,308751",72,32768,2048
"1,287944",73,32768,2048
"1,329144",74,32768,2048
"1,317869",75,32768,2048
"1,314185",76,32768,2048
"1,309554",77,32768,2048
"1,285734",78,32768,2048
"1,326281",79,32768,2048
"1,287667",80,32768,2048
"1,326441",81,32768,2048
"1,288597",82,32768,2048
"1,318268",83,32768,2048
"1,287747",84,32768,2048
"1,31186",85,32768,2048
"1,28733",86,32768,2048
"1,316525",87,32768,2048
"1,319403",88,32768,2048
"1,311048",89,32768,2048
"1,281487",90,32768,2048
"1,279498",91,32768,2048
"1,293084",92,32768,2048
"1,306545",93,32768,2048
"1,325852",94,32768,2048
"1,283746",95,32768,2048
"1,327169",96,32768,2048
"1,290832",97,32768,2048
"1,310219",98,32768,2048
"1,321112",99,32768,2048
"1,315529",0,65536,1024
"1,287322",1,65536,1024
"1,30735",2,65536,1024
"1,308333",3,65536,1024
"1,313763",4,65536,1024
"1,316967",5,65536,1024
"1,292377",6,65536,1024
"1,308879",7,65536,1024
"1,32165",8,65536,1024
"1,319376",9,65536,1024
"1,309865",10,65536,1024
"1,279029",11,65536,1024
"1,292202",12,65536,1024
"1,314388",13,65536,1024
"1,322026",14,65536,1024
"1,291637",15,65536,1024
"1,285956",16,65536,1024
"1,309878",17,65536,1024
"1,286466",18,65536,1024
"1,313521",19,65536,1024
"1,300568",20,65536,1024
"1,322886",21,65536,1024
"1,289056",22,65536,1024
"1,309009",23,65536,1024
"1,29062",24,65536,1024
"1,295378",25,65536,1024
"1,285398",26,65536,1024
"1,306253",27,65536,1024
"1,281755",28,65536,1024
"1,318326",29,65536,1024
"1,321835",30,65536,1024
"1,28372",31,65536,1024
"1,323033",32,65536,1024
"1,322264",33,65536,1024
"1,284714",34,65536,1024
"1,323089",35,65536,1024
"1,284366",36,65536,1024
"1,309715",37,65536,1024
"1,317438",38,65536,1024
"1,300228",39,65536,1024
"1,304474",40,65536,1024
"1,286004",41,65536,1024
"1,320992",42,65536,1024
"1,293648",43,65536,1024
"1,309713",44,65536,1024
"1,320606",45,65536,1024
"1,305721",46,65536,1024
"1,313899",47,65536,1024
"1,316084",48,65536,1024
"1,291576",49,65536,1024
"1,305044",50,65536,1024
"1,315444",51,65536,1024
"1,281418",52,65536,1024
"1,318382",53,65536,1024
"1,291001",54,65536,1024
"1,319043",55,65536,1024
"1,281883",56,65536,1024
"1,310473",57,65536,1024
"1,310862",58,65536,1024
"1,289427",59,65536,1024
"1,318022",60,65536,1024
"1,285209",61,65536,1024
"1,301778",62,65536,1024
"1,313529",63,65536,1024
"1,32171",64,65536,1024
"1,316093",65,65536,1024
"1,285331",66,65536,1024
"1,289415",67,65536,1024
"1,293879",68,65536,1024
"1,285184",69,65536,1024
"1,286235",70,65536,1024
"1,292732",71,65536,1024
"1,27887",72,65536,1024
"1,317958",73,65536,1024
"1,285534",74,65536,1024
"1,288775",75,65536,1024
"1,313483",76,65536,1024
"1,285722",77,65536,1024
"1,313451",78,65536,1024
"1,297921",79,65536,1024
"1,313646",80,65536,1024
"1,286597",81,65536,1024
"1,317606",82,65536,1024
"1,292558",83,65536,1024
"1,31309",84,65536,1024
"1,285218",85,65536,1024
"1,29188",86,65536,1024
"1,280818",87,65536,1024
"1,323639",88,65536,1024
"1,311539",89,65536,1024
"1,292277",90,65536,1024
"1,280675",91,65536,1024
"1,312693",92,65536,1024
"1,288101",93,65536,1024
"1,31724",94,65536,1024
"1,286664",95,65536,1024
"1,312086",96,65536,1024
"1,292756",97,65536,1024
"1,326998",98,65536,1024
"1,301546",99,65536,1024
"1,327328",0,131072,512
"1,298107",1,131072,512
"1,326261",2,131072,512
"1,28319",3,131072,512
"1,312296",4,131072,512
"1,284739",5,131072,512
"1,280348",6,131072,512
"1,293453",7,131072,512
"1,31178",8,131072,512
"1,28926",9,131072,512
"1,291323",10,131072,512
"1,293499",11,131072,512
"1,28462",12,131072,512
"1,323134",13,131072,512
"1,321992",14,131072,512
"1,321297",15,131072,512
"1,283149",16,131072,512
"1,315544",17,131072,512
"1,306425",18,131072,512
"1,291814",19,131072,512
"1,327167",20,131072,512
"1,295361",21,131072,512
"1,313168",22,131072,512
"1,280705",23,131072,512
"1,295119",24,131072,512
"1,27992",25,131072,512
"1,319861",26,131072,512
"1,288861",27,131072,512
"1,283621",28,131072,512
"1,323514",29,131072,512
"1,277621",30,131072,512
"1,319904",31,131072,512
"1,280194",32,131072,512
"1,296264",33,131072,512
"1,28943",34,131072,512
"1,321641",35,131072,512
"1,290292",36,131072,512
"1,323538",37,131072,512
"1,285316",38,131072,512
"1,297243",39,131072,512
"1,309564",40,131072,512
"1,292646",41,131072,512
"1,317518",42,131072,512
"1,320775",43,131072,512
"1,290277",44,131072,512
"1,309648",45,131072,512
"1,305286",46,131072,512
"1,289316",47,131072,512
"1,319951",48,131072,512
"1,279655",49,131072,512
"1,308772",50,131072,512
"1,314092",51,131072,512
"1,29277",52,131072,512
"1,315335",53,131072,512
"1,292929",54,131072,512
"1,31167",55,131072,512
"1,281808",56,131072,512
"1,324457",57,131072,512
"1,277372",58,131072,512
"1,324057",59,131072,512
"1,28479",60,131072,512
"1,296477",61,131072,512
"1,319894",62,131072,512
"1,285051",63,131072,512
"1,323425",64,131072,512
"1,292158",65,131072,512
"1,32538",66,131072,512
"1,282045",67,131072,512
"1,285226",68,131072,512
"1,327457",69,131072,512
"1,284332",70,131072,512
"1,31913",71,131072,512
"1,287881",72,131072,512
"1,310463",73,131072,512
"1,306224",74,131072,512
"1,292868",75,131072,512
"1,31705",76,131072,512
"1,2913",77,131072,512
"1,289665",78,131072,512
"1,324467",79,131072,512
"1,283976",80,131072,512
"1,322916",81,131072,512
"1,288278",82,131072,512
"1,306472",83,131072,512
"1,283129",84,131072,512
"1,286899",85,131072,512
"1,311442",86,131072,512
"1,28494",87,131072,512
"1,279175",88,131072,512
"1,312431",89,131072,512
"1,285546",90,131072,512
"1,290052",91,131072,512
"1,311048",92,131072,512
"1,311665",93,131072,512
"1,313717",94,131072,512
"1,295578",95,131072,512
"1,32152",96,131072,512
"1,311042",97,131072,512
"1,320115",98,131072,512
"1,312699",99,131072,512
"2,573454",0,1024,131072
"2,612195",1,1024,131072
"2,651131",2,1024,131072
"2,5652",3,1024,131072
"2,629846",4,1024,131072
"2,615904",5,1024,131072
"2,61004",6,1024,131072
"2,642291",7,1024,131072
"2,624612",8,1024,131072
"2,616976",9,1024,131072
"2,621425",10,1024,131072
"2,643711",11,1024,131072
"2,63996",12,1024,131072
"2,648216",13,1024,131072
"2,636485",14,1024,131072
"2,610845",15,1024,131072
"2,627353",16,1024,131072
"2,563232",17,1024,131072
"2,625651",18,1024,131072
"2,616469",19,1024,131072
"2,63268",20,1024,131072
"2,634556",21,1024,131072
"2,618811",22,1024,131072
"2,643697",23,1024,131072
"2,563449",24,1024,131072
"2,640092",25,1024,131072
"2,640937",26,1024,131072
"2,554202",27,1024,131072
"2,640924",28,1024,131072
"2,64513",29,1024,131072
"2,570452",30,1024,131072
"2,63028",31,1024,131072
"2,566795",32,1024,131072
"2,573945",33,1024,131072
"2,624345",34,1024,131072
"2,64565",35,1024,131072
"2,585289",36,1024,131072
"2,571254",37,1024,131072
"2,564335",38,1024,131072
"2,633414",39,1024,131072
"2,581107",40,1024,131072
"2,619635",41,1024,131072
"2,638326",42,1024,131072
"2,564489",43,1024,131072
"2,565929",44,1024,131072
"2,634385",45,1024,131072
"2,643803",46,1024,131072
"2,590096",47,1024,131072
"2,635126",48,1024,131072
"2,637804",49,1024,131072
"2,630637",50,1024,131072
"2,603099",51,1024,131072
"2,625211",52,1024,131072
"2,632484",53,1024,131072
"2,629024",54,1024,131072
"2,617792",55,1024,131072
"2,555603",56,1024,131072
"2,647494",57,1024,131072
"2,634745",58,1024,131072
"2,641861",59,1024,131072
"2,616589",60,1024,131072
"2,633867",61,1024,131072
"2,601724",62,1024,131072
"2,627395",63,1024,131072
"2,646365",64,1024,131072
"2,635606",65,1024,131072
"2,641409",66,1024,131072
"2,610233",67,1024,131072
"2,625443",68,1024,131072
"2,566157",69,1024,131072
"2,593905",70,1024,131072
"2,592054",71,1024,131072
"2,571641",72,1024,131072
"2,648647",73,1024,131072
"2,610514",74,1024,131072
"2,636124",75,1024,131072
"2,619689",76,1024,131072
"2,615961",77,1024,131072
"2,609808",78,1024,131072
"2,642524",79,1024,131072
"2,566399",80,1024,131072
"2,629112",81,1024,131072
"2,578902",82,1024,131072
"2,624402",83,1024,131072
"2,636457",84,1024,131072
"2,643301",85,1024,131072
"2,651511",86,1024,131072
"2,566987",87,1024,131072
"2,638777",88,1024,131072
"2,644493",89,1024,131072
"2,626126",90,1024,131072
"2,61183",91,1024,131072
"2,637991",92,1024,131072
"2,616897",93,1024,131072
"2,554834",94,1024,131072
"2,608006",95,1024,131072
"2,608212",96,1024,131072
"2,631111",97,1024,131072
"2,566338",98,1024,131072
"2,642015",99,1024,131072
"2,611409",0,2048,65536
"2,618821",1,2048,65536
"2,647462",2,2048,65536
"2,552917",3,2048,65536
"2,644093",4,2048,65536
"2,603735",5,2048,65536
"2,637296",6,2048,65536
"2,645407",7,2048,65536
"2,56331",8,2048,65536
"2,632613",9,2048,65536
"2,619709",10,2048,65536
"2,619943",11,2048,65536
"2,646823",12,2048,65536
"2,645062",13,2048,65536
"2,564947",14,2048,65536
"2,573471",15,2048,65536
"2,586417",16,2048,65536
"2,571684",17,2048,65536
"2,644478",18,2048,65536
"2,568871",19,2048,65536
"2,587461",20,2048,65536
"2,644092",21,2048,65536
"2,55974",22,2048,65536
"2,569706",23,2048,65536
"2,615002",24,2048,65536
"2,566517",25,2048,65536
"2,567809",26,2048,65536
"2,575106",27,2048,65536
"2,579099",28,2048,65536
"2,562024",29,2048,65536
"2,570055",30,2048,65536
"2,564369",31,2048,65536
"2,566379",32,2048,65536
"2,618894",33,2048,65536
"2,573102",34,2048,65536
"2,578502",35,2048,65536
"2,625964",36,2048,65536
"2,615724",37,2048,65536
"2,614485",38,2048,65536
"2,58924",39,2048,65536
"2,606132",40,2048,65536
"2,628564",41,2048,65536
"2,569391",42,2048,65536
"2,643593",43,2048,65536
"2,616005",44,2048,65536
"2,641919",45,2048,65536
"2,647862",46,2048,65536
"2,638842",47,2048,65536
"2,575887",48,2048,65536
"2,609694",49,2048,65536
"2,57236",50,2048,65536
"2,63965",51,2048,65536
"2,642727",52,2048,65536
"2,604976",53,2048,65536
"2,558583",54,2048,65536
"2,629412",55,2048,65536
"2,614534",56,2048,65536
"2,634881",57,2048,65536
"2,649284",58,2048,65536
"2,63399",59,2048,65536
"2,633439",60,2048,65536
"2,639729",61,2048,65536
"2,558938",62,2048,65536
"2,644472",63,2048,65536
"2,56087",64,2048,65536
"2,611145",65,2048,65536
"2,627107",66,2048,65536
"2,570804",67,2048,65536
"2,629171",68,2048,65536
"2,631048",69,2048,65536
"2,64895",70,2048,65536
"2,559136",71,2048,65536
"2,641529",72,2048,65536
"2,619972",73,2048,65536
"2,556653",74,2048,65536
"2,616813",75,2048,65536
"2,616197",76,2048,65536
"2,62487",77,2048,65536
"2,555823",78,2048,65536
"2,612394",79,2048,65536
"2,566054",80,2048,65536
"2,647973",81,2048,65536
"2,579673",82,2048,65536
"2,612528",83,2048,65536
"2,563574",84,2048,65536
"2,641824",85,2048,65536
"2,60777",86,2048,65536
"2,640191",87,2048,65536
"2,61309",88,2048,65536
"2,637278",89,2048,65536
"2,556657",90,2048,65536
"2,567721",91,2048,65536
"2,628995",92,2048,65536
"2,564857",93,2048,65536
"2,612755",94,2048,65536
"2,609788",95,2048,65536
"2,612272",96,2048,65536
"2,635842",97,2048,65536
"2,644116",98,2048,65536
"2,61527",99,2048,65536
"2,61005",0,4096,32768
"2,618648",1,4096,32768
"2,643451",2,4096,32768
"2,625033",3,4096,32768
"2,603976",4,4096,32768
"2,637088",5,4096,32768
"2,559832",6,4096,32768
"2,604424",7,4096,32768
"2,626923",8,4096,32768
"2,625255",9,4096,32768
"2,593361",10,4096,32768
"2,615616",11,4096,32768
"2,567322",12,4096,32768
"2,622901",13,4096,32768
"2,577587",14,4096,32768
"2,637827",15,4096,32768
"2,611398",16,4096,32768
"2,63651",17,4096,32768
"2,637133",18,4096,32768
"2,6136",19,4096,32768
"2,589398",20,4096,32768
"2,632457",21,4096,32768
"2,618417",22,4096,32768
"2,6293",23,4096,32768
"2,583478",24,4096,32768
"2,565778",25,4096,32768
"2,605785",26,4096,32768
"2,582575",27,4096,32768
"2,58353",28,4096,32768
"2,563254",29,4096,32768
"2,582694",30,4096,32768
"2,608792",31,4096,32768
"2,588037",32,4096,32768
"2,612369",33,4096,32768
"2,61652",34,4096,32768
"2,574772",35,4096,32768
"2,569529",36,4096,32768
"2,564015",37,4096,32768
"2,631617",38,4096,32768
"2,555037",39,4096,32768
"2,56299",40,4096,32768
"2,561861",41,4096,32768
"2,566417",42,4096,32768
"2,570903",43,4096,32768
"2,571234",44,4096,32768
"2,646035",45,4096,32768
"2,579164",46,4096,32768
"2,566154",47,4096,32768
"2,577517",48,4096,32768
"2,56542",49,4096,32768
"2,61184",50,4096,32768
"2,602934",51,4096,32768
"2,56847",52,4096,32768
"2,630376",53,4096,32768
"2,565372",54,4096,32768
"2,638936",55,4096,32768
"2,638937",56,4096,32768
"2,568571",57,4096,32768
"2,570345",58,4096,32768
"2,635513",59,4096,32768
"2,574887",60,4096,32768
"2,612385",61,4096,32768
"2,583344",62,4096,32768
"2,616634",63,4096,32768
"2,582373",64,4096,32768
"2,629426",65,4096,32768
"2,606703",66,4096,32768
"2,569909",67,4096,32768
"2,588981",68,4096,32768
"2,552707",69,4096,32768
"2,575279",70,4096,32768
"2,565663",71,4096,32768
"2,568434",72,4096,32768
"2,649473",73,4096,32768
"2,5649",74,4096,32768
"2,614896",75,4096,32768
"2,635558",76,4096,32768
"2,58362",77,4096,32768
"2,568773",78,4096,32768
"2,585165",79,4096,32768
"2,576408",80,4096,32768
"2,577679",81,4096,32768
"2,574947",82,4096,32768
"2,632508",83,4096,32768
"2,567929",84,4096,32768
"2,574259",85,4096,32768
"2,620886",86,4096,32768
"2,573362",87,4096,32768
"2,582194",88,4096,32768
"2,627523",89,4096,32768
"2,582548",90,4096,32768
"2,565266",91,4096,32768
"2,589425",92,4096,32768
"2,639887",93,4096,32768
"2,563617",94,4096,32768
"2,609042",95,4096,32768
"2,618684",96,4096,32768
"2,597289",97,4096,32768
"2,570202",98,4096,32768
"2,635721",99,4096,32768
"2,584239",0,8192,16384
"2,551879",1,8192,16384
"2,572192",2,8192,16384
"2,636487",3,8192,16384
"2,626055",4,8192,16384
"2,559798",5,8192,16384
"2,617145",6,8192,16384
"2,637363",7,8192,16384
"2,644682",8,8192,16384
"2,571688",9,8192,16384
"2,621244",10,8192,16384
"2,592453",11,8192,16384
"2,638595",12,8192,16384
"2,626591",13,8192,16384
"2,63828",14,8192,16384
"2,623061",15,8192,16384
"2,559508",16,8192,16384
"2,624302",17,8192,16384
"2,567611",18,8192,16384
"2,614544",19,8192,16384
"2,56618",20,8192,16384
"2,626336",21,8192,16384
"2,643911",22,8192,16384
"2,640021",23,8192,16384
"2,572046",24,8192,16384
"2,609483",25,8192,16384
"2,638513",26,8192,16384
"2,577597",27,8192,16384
"2,646378",28,8192,16384
"2,636627",29,8192,16384
"2,560421",30,8192,16384
"2,617857",31,8192,16384
"2,639139",32,8192,16384
"2,637692",33,8192,16384
"2,620884",34,8192,16384
"2,607207",35,8192,16384
"2,576623",36,8192,16384
"2,609077",37,8192,16384
"2,610899",38,8192,16384
"2,598376",39,8192,16384
"2,622533",40,8192,16384
"2,563316",41,8192,16384
"2,638802",42,8192,16384
"2,567114",43,8192,16384
"2,643659",44,8192,16384
"2,621942",45,8192,16384
"2,613542",46,8192,16384
"2,63143",47,8192,16384
"2,575338",48,8192,16384
"2,63771",49,8192,16384
"2,627969",50,8192,16384
"2,562532",51,8192,16384
"2,64845",52,8192,16384
"2,610373",53,8192,16384
"2,610963",54,8192,16384
"2,635864",55,8192,16384
"2,55793",56,8192,16384
"2,612943",57,8192,16384
"2,629956",58,8192,16384
"2,612332",59,8192,16384
"2,557665",60,8192,16384
"2,619813",61,8192,16384
"2,5643",62,8192,16384
"2,639963",63,8192,16384
"2,627678",64,8192,16384
"2,627041",65,8192,16384
"2,607095",66,8192,16384
"2,596701",67,8192,16384
"2,564974",68,8192,16384
"2,615081",69,8192,16384
"2,627468",70,8192,16384
"2,610283",71,8192,16384
"2,580067",72,8192,16384
"2,586959",73,8192,16384
"2,609175",74,8192,16384
"2,628752",75,8192,16384
"2,571507",76,8192,16384
"2,609875",77,8192,16384
"2,641773",78,8192,16384
"2,599236",79,8192,16384
"2,589008",80,8192,16384
"2,618631",81,8192,16384
"2,624239",82,8192,16384
"2,642491",83,8192,16384
"2,625556",84,8192,16384
"2,628277",85,8192,16384
"2,585547",86,8192,16384
"2,62367",87,8192,16384
"2,614984",88,8192,16384
"2,569137",89,8192,16384
"2,638818",90,8192,16384
"2,586781",91,8192,16384
"2,60783",92,8192,16384
"2,640747",93,8192,16384
"2,577798",94,8192,16384
"2,608349",95,8192,16384
"2,565879",96,8192,16384
"2,627414",97,8192,16384
"2,610962",98,8192,16384
"2,610595",99,8192,16384
"2,615762",0,16384,8192
"2,575703",1,16384,8192
"2,606601",2,16384,8192
"2,640345",3,16384,8192
"2,640797",4,16384,8192
"2,640563",5,16384,8192
"2,638338",6,16384,8192
"2,622074",7,16384,8192
"2,61131",8,16384,8192
"2,630063",9,16384,8192
"2,561713",10,16384,8192
"2,631656",11,16384,8192
"2,563407",12,16384,8192
"2,647273",13,16384,8192
"2,615651",14,16384,8192
"2,544401",15,16384,8192
"2,626851",16,16384,8192
"2,56737",17,16384,8192
"2,643",18,16384,8192
"2,610502",19,16384,8192
"2,554872",20,16384,8192
"2,642547",21,16384,8192
"2,567964",22,16384,8192
"2,625117",23,16384,8192
"2,560933",24,16384,8192
"2,622937",25,16384,8192
"2,570755",26,16384,8192
"2,649004",27,16384,8192
"2,565842",28,16384,8192
"2,610791",29,16384,8192
"2,555504",30,16384,8192
"2,620826",31,16384,8192
"2,627718",32,16384,8192
"2,588041",33,16384,8192
"2,63008",34,16384,8192
"2,647058",35,16384,8192
"2,555269",36,16384,8192
"2,592913",37,16384,8192
"2,563397",38,16384,8192
"2,587128",39,16384,8192
"2,632787",40,16384,8192
"2,645225",41,16384,8192
"2,584653",42,16384,8192
"2,56092",43,16384,8192
"2,648247",44,16384,8192
"2,564975",45,16384,8192
"2,638211",46,16384,8192
"2,610631",47,16384,8192
"2,572124",48,16384,8192
"2,582639",49,16384,8192
"2,627095",50,16384,8192
"2,569582",51,16384,8192
"2,580855",52,16384,8192
"2,618315",53,16384,8192
"2,624829",54,16384,8192
"2,560257",55,16384,8192
"2,614202",56,16384,8192
"2,566869",57,16384,8192
"2,585255",58,16384,8192
"2,633476",59,16384,8192
"2,56929",60,16384,8192
"2,603631",61,16384,8192
"2,561385",62,16384,8192
"2,614381",63,16384,8192
"2,579793",64,16384,8192
"2,56147",65,16384,8192
"2,60202",66,16384,8192
"2,627913",67,16384,8192
"2,564635",68,16384,8192
"2,586394",69,16384,8192
"2,629763",70,16384,8192
"2,560222",71,16384,8192
"2,613513",72,16384,8192
"2,55744",73,16384,8192
"2,607276",74,16384,8192
"2,582027",75,16384,8192
"2,632682",76,16384,8192
"2,556496",77,16384,8192
"2,618493",78,16384,8192
"2,577496",79,16384,8192
"2,568087",80,16384,8192
"2,652363",81,16384,8192
"2,555343",82,16384,8192
"2,581654",83,16384,8192
"2,633706",84,16384,8192
"2,588443",85,16384,8192
"2,566864",86,16384,8192
"2,569348",87,16384,8192
"2,606276",88,16384,8192
"2,580491",89,16384,8192
"2,57809",90,16384,8192
"2,550889",91,16384,8192
"2,610739",92,16384,8192
"2,638275",93,16384,8192
"2,594528",94,16384,8192
"2,632348",95,16384,8192
"2,646587",96,16384,8192
"2,558672",97,16384,8192
"2,562832",98,16384,8192
"2,620988",99,16384,8192
"2,587703",0,32768,4096
"2,578853",1,32768,4096
"2,576934",2,32768,4096
"2,62562",3,32768,4096
"2,571832",4,32768,4096
"2,644331",5,32768,4096
"2,625314",6,32768,4096
"2,557647",7,32768,4096
"2,612466",8,32768,4096
"2,59647",9,32768,4096
"2,559442",10,32768,4096
"2,587337",11,32768,4096
"2,566347",12,32768,4096
"2,576268",13,32768,4096
"2,563795",14,32768,4096
"2,617048",15,32768,4096
"2,619475",16,32768,4096
"2,55301",17,32768,4096
"2,615682",18,32768,4096
"2,561586",19,32768,4096
"2,615983",20,32768,4096
"2,565913",21,32768,4096
"2,648794",22,32768,4096
"2,55838",23,32768,4096
"2,631283",24,32768,4096
"2,570836",25,32768,4096
"2,614625",26,32768,4096
"2,556855",27,32768,4096
"2,614505",28,32768,4096
"2,562694",29,32768,4096
"2,627758",30,32768,4096
"2,561653",31,32768,4096
"2,615869",32,32768,4096
"2,551225",33,32768,4096
"2,590991",34,32768,4096
"2,640925",35,32768,4096
"2,562111",36,32768,4096
"2,629254",37,32768,4096
"2,627661",38,32768,4096
"2,650369",39,32768,4096
"2,5628",40,32768,4096
"2,627926",41,32768,4096
"2,616414",42,32768,4096
"2,5702",43,32768,4096
"2,594882",44,32768,4096
"2,629627",45,32768,4096
"2,655845",46,32768,4096
"2,626232",47,32768,4096
"2,621529",48,32768,4096
"2,552589",49,32768,4096
"2,573177",50,32768,4096
"2,583804",51,32768,4096
"2,615697",52,32768,4096
"2,577131",53,32768,4096
"2,615578",54,32768,4096
"2,564461",55,32768,4096
"2,641761",56,32768,4096
"2,5966",57,32768,4096
"2,638231",58,32768,4096
"2,586271",59,32768,4096
"2,647462",60,32768,4096
"2,613006",61,32768,4096
"2,57575",62,32768,4096
"2,605965",63,32768,4096
"2,564211",64,32768,4096
"2,623399",65,32768,4096
"2,625435",66,32768,4096
"2,564032",67,32768,4096
"2,610504",68,32768,4096
"2,567565",69,32768,4096
"2,61977",70,32768,4096
"2,644524",71,32768,4096
"2,625398",72,32768,4096
"2,575713",73,32768,4096
"2,624357",74,32768,4096
"2,62169",75,32768,4096
"2,610267",76,32768,4096
"2,653044",77,32768,4096
"2,573381",78,32768,4096
"2,5634",79,32768,4096
"2,6417",80,32768,4096
"2,561109",81,32768,4096
"2,614658",82,32768,4096
"2,560079",83,32768,4096
"2,658471",84,32768,4096
"2,613936",85,32768,4096
"2,56094",86,32768,4096
"2,640493",87,32768,4096
"2,561512",88,32768,4096
"2,642992",89,32768,4096
"2,565629",90,32768,4096
"2,610288",91,32768,4096
"2,637985",92,32768,4096
"2,627512",93,32768,4096
"2,642845",94,32768,4096
"2,627837",95,32768,4096
"2,635361",96,32768,4096
"2,567349",97,32768,4096
"2,625529",98,32768,4096
"2,643574",99,32768,4096
"2,629396",0,65536,2048
"2,642002",1,65536,2048
"2,576464",2,65536,2048
"2,606248",3,65536,2048
"2,558636",4,65536,2048
"2,630384",5,65536,2048
"2,564407",6,65536,2048
"2,642916",7,65536,2048
"2,561329",8,65536,2048
"2,646091",9,65536,2048
"2,587629",10,65536,2048
"2,563619",11,65536,2048
"2,643335",12,65536,2048
"2,648275",13,65536,2048
"2,571151",14,65536,2048
"2,633902",15,65536,2048
"2,562053",16,65536,2048
"2,63068",17,65536,2048
"2,616725",18,65536,2048
"2,61292",19,65536,2048
"2,55877",20,65536,2048
"2,62671",21,65536,2048
"2,624441",22,65536,2048
"2,609338",23,65536,2048
"2,564005",24,65536,2048
"2,64937",25,65536,2048
"2,624536",26,65536,2048
"2,592229",27,65536,2048
"2,616737",28,65536,2048
"2,618888",29,65536,2048
"2,641122",30,65536,2048
"2,631398",31,65536,2048
"2,60742",32,65536,2048
"2,642667",33,65536,2048
"2,56602",34,65536,2048
"2,640049",35,65536,2048
"2,645453",36,65536,2048
"2,616352",37,65536,2048
"2,615902",38,65536,2048
"2,628448",39,65536,2048
"2,646997",40,65536,2048
"2,580163",41,65536,2048
"2,609591",42,65536,2048
"2,648152",43,65536,2048
"2,617752",44,65536,2048
"2,569346",45,65536,2048
"2,649405",46,65536,2048
"2,638359",47,65536,2048
"2,614887",48,65536,2048
"2,589979",49,65536,2048
"2,627951",50,65536,2048
"2,647017",51,65536,2048
"2,586649",52,65536,2048
"2,608018",53,65536,2048
"2,641883",54,65536,2048
"2,609145",55,65536,2048
"2,649802",56,65536,2048
"2,642863",57,65536,2048
"2,568945",58,65536,2048
"2,569363",59,65536,2048
"2,621772",60,65536,2048
"2,609545",61,65536,2048
"2,566047",62,65536,2048
"2,641918",63,65536,2048
"2,584876",64,65536,2048
"2,618097",65,65536,2048
"2,556135",66,65536,2048
"2,629543",67,65536,2048
"2,635836",68,65536,2048
"2,579315",69,65536,2048
"2,612357",70,65536,2048
"2,581538",71,65536,2048
"2,646713",72,65536,2048
"2,576817",73,65536,2048
"2,632087",74,65536,2048
"2,565752",75,65536,2048
"2,631878",76,65536,2048
"2,569137",77,65536,2048
"2,641711",78,65536,2048
"2,594983",79,65536,2048
"2,578397",80,65536,2048
"2,637616",81,65536,2048
"2,600689",82,65536,2048
"2,595641",83,65536,2048
"2,627473",84,65536,2048
"2,566541",85,65536,2048
"2,614674",86,65536,2048
"2,621362",87,65536,2048
"2,571185",88,65536,2048
"2,617845",89,65536,2048
"2,633992",90,65536,2048
"2,561885",91,65536,2048
"2,61082",92,65536,2048
"2,627504",93,65536,2048
"2,613098",94,65536,2048
"2,650079",95,65536,2048
"2,578808",96,65536,2048
"2,611718",97,65536,2048
"2,61051",98,65536,2048
"2,566877",99,65536,2048
"2,648667",0,131072,1024
"2,558122",1,131072,1024
"2,611468",2,131072,1024
"2,558713",3,131072,1024
"2,63942",4,131072,1024
"2,62753",5,131072,1024
"2,620191",6,131072,1024
"2,638505",7,131072,1024
"2,642134",8,131072,1024
"2,581531",9,131072,1024
"2,566287",10,131072,1024
"2,632848",11,131072,1024
"2,625861",12,131072,1024
"2,567478",13,131072,1024
"2,628908",14,131072,1024
"2,622053",15,131072,1024
"2,560857",16,131072,1024
"2,637582",17,131072,1024
"2,567765",18,131072,1024
"2,613139",19,131072,1024
"2,644059",20,131072,1024
"2,558018",21,131072,1024
"2,619422",22,131072,1024
"2,555946",23,131072,1024
"2,557753",24,131072,1024
"2,558824",25,131072,1024
"2,622793",26,131072,1024
"2,623376",27,131072,1024
"2,580322",28,131072,1024
"2,626153",29,131072,1024
"2,569711",30,131072,1024
"2,643454",31,131072,1024
"2,555986",32,131072,1024
"2,590474",33,131072,1024
"2,631218",34,131072,1024
"2,560805",35,131072,1024
"2,644763",36,131072,1024
"2,570777",37,131072,1024
"2,572295",38,131072,1024
"2,619129",39,131072,1024
"2,589884",40,131072,1024
"2,563303",41,131072,1024
"2,581979",42,131072,1024
"2,632361",43,131072,1024
"2,579649",44,131072,1024
"2,616788",45,131072,1024
"2,634201",46,131072,1024
"2,570562",47,131072,1024
"2,563927",48,131072,1024
"2,566057",49,131072,1024
"2,567094",50,131072,1024
"2,572048",51,131072,1024
"2,563058",52,131072,1024
"2,607256",53,131072,1024
"2,625709",54,131072,1024
"2,571228",55,131072,1024
"2,596825",56,131072,1024
"2,562029",57,131072,1024
"2,576808",58,131072,1024
"2,638129",59,131072,1024
"2,592026",60,131072,1024
"2,645785",61,131072,1024
"2,570026",62,131072,1024
"2,575187",63,131072,1024
"2,634758",64,131072,1024
"2,560285",65,131072,1024
"2,612342",66,131072,1024
"2,554656",67,131072,1024
"2,65191",68,131072,1024
"2,561105",69,131072,1024
"2,621224",70,131072,1024
"2,583172",71,131072,1024
"2,566894",72,131072,1024
"2,626389",73,131072,1024
"2,614155",74,131072,1024
"2,57352",75,131072,1024
"2,585498",76,131072,1024
"2,573499",77,131072,1024
"2,559985",78,131072,1024
"2,642978",79,131072,1024
"2,558221",80,131072,1024
"2,568755",81,131072,1024
"2,644248",82,131072,1024
"2,62593",83,131072,1024
"2,63263",84,131072,1024
"2,643981",85,131072,1024
"2,569862",86,131072,1024
"2,626444",87,131072,1024
"2,613837",88,131072,1024
"2,560951",89,131072,1024
"2,583195",90,131072,1024
"2,630517",91,131072,1024
"2,560065",92,131072,1024
"2,572013",93,131072,1024
"2,621722",94,131072,1024
"2,60737",95,131072,1024
"2,580298",96,131072,1024
"2,628319",97,131072,1024
"2,63764",98,131072,1024
"2,565258",99,131072,1024
"5,134818",0,2048,131072
"5,292077",1,2048,131072
"5,166799",2,2048,131072
"5,226813",3,2048,131072
"5,260692",4,2048,131072
"5,120433",5,2048,131072
"5,13088",6,2048,131072
"5,257582",7,2048,131072
"5,202227",8,2048,131072
"5,230849",9,2048,131072
"5,169047",10,2048,131072
"5,218977",11,2048,131072
"5,243109",12,2048,131072
"5,229283",13,2048,131072
"5,258034",14,2048,131072
"5,159867",15,2048,131072
"5,290145",16,2048,131072
"5,278656",17,2048,131072
"5,162613",18,2048,131072
"5,28589",19,2048,131072
"5,25367",20,2048,131072
"5,14541",21,2048,131072
"5,265918",22,2048,131072
"5,179377",23,2048,131072
"5,21581",24,2048,131072
"5,125857",25,2048,131072
"5,183969",26,2048,131072
"5,288548",27,2048,131072
"5,219426",28,2048,131072
"5,262526",29,2048,131072
"5,168163",30,2048,131072
"5,283659",31,2048,131072
"5,263457",32,2048,131072
"5,243578",33,2048,131072
"5,171177",34,2048,131072
"5,215941",35,2048,131072
"5,212614",36,2048,131072
"5,225566",37,2048,131072
"5,262576",38,2048,131072
"5,168047",39,2048,131072
"5,252483",40,2048,131072
"5,255879",41,2048,131072
"5,26134",42,2048,131072
"5,279956",43,2048,131072
"5,164994",44,2048,131072
"5,160884",45,2048,131072
"5,130155",46,2048,131072
"5,125656",47,2048,131072
"5,212191",48,2048,131072
"5,198484",49,2048,131072
"5,132598",50,2048,131072
"5,221272",51,2048,131072
"5,219441",52,2048,131072
"5,215163",53,2048,131072
"5,168334",54,2048,131072
"5,211324",55,2048,131072
"5,139424",56,2048,131072
"5,267737",57,2048,131072
"5,281886",58,2048,131072
"5,272373",59,2048,131072
"5,114062",60,2048,131072
"5,271351",61,2048,131072
"5,205227",62,2048,131072
"5,154068",63,2048,131072
"5,258005",64,2048,131072
"5,215804",65,2048,131072
"5,277787",66,2048,131072
"5,164278",67,2048,131072
"5,147483",68,2048,131072
"5,212133",69,2048,131072
"5,18551",70,2048,131072
"5,175665",71,2048,131072
"5,170986",72,2048,131072
"5,263299",73,2048,131072
"5,274033",74,2048,131072
"5,210498",75,2048,131072
"5,228527",76,2048,131072
"5,255854",77,2048,131072
"5,253866",78,2048,131072
"5,171762",79,2048,131072
"5,279633",80,2048,131072
"5,174631",81,2048,131072
"5,246541",82,2048,131072
"5,100515",83,2048,131072
"5,211655",84,2048,131072
"5,123229",85,2048,131072
"5,162764",86,2048,131072
"5,192074",87,2048,131072
"5,14162",88,2048,131072
"5,218744",89,2048,131072
"5,114652",90,2048,131072
"5,288539",91,2048,131072
"5,133627",92,2048,131072
"5,282831",93,2048,131072
"5,238772",94,2048,131072
"5,233523",95,2048,131072
"5,132366",96,2048,131072
"5,220237",97,2048,131072
"5,201698",98,2048,131072
"5,180481",99,2048,131072
"5,253576",0,4096,65536
"5,115222",1,4096,65536
"5,22172",2,4096,65536
"5,145408",3,4096,65536
"5,254482",4,4096,65536
"5,142857",5,4096,65536
"5,282648",6,4096,65536
"5,128774",7,4096,65536
"5,279978",8,4096,65536
"5,145856",9,4096,65536
"5,282938",10,4096,65536
"5,145827",11,4096,65536
"5,238183",12,4096,65536
"5,213337",13,4096,65536
"5,276829",14,4096,65536
"5,274932",15,4096,65536
"5,125135",16,4096,65536
"5,244931",17,4096,65536
"5,145417",18,4096,65536
"5,25018",19,4096,65536
"5,180821",20,4096,65536
"5,245722",21,4096,65536
"5,246118",22,4096,65536
"5,190088",23,4096,65536
"5,270894",24,4096,65536
"5,278464",25,4096,65536
"5,212999",26,4096,65536
"5,25508",27,4096,65536
"5,119966",28,4096,65536
"5,155293",29,4096,65536
"5,258426",30,4096,65536
"5,31107",31,4096,65536
"5,114254",32,4096,65536
"5,252668",33,4096,65536
"5,148338",34,4096,65536
"5,116092",35,4096,65536
"5,244889",36,4096,65536
"5,102488",37,4096,65536
"5,105889",38,4096,65536
"5,23084",39,4096,65536
"5,111425",40,4096,65536
"5,244295",41,4096,65536
"5,114751",42,4096,65536
"5,287442",43,4096,65536
"5,164588",44,4096,65536
"5,18913",45,4096,65536
"5,214369",46,4096,65536
"5,160441",47,4096,65536
"5,212163",48,4096,65536
"5,139338",49,4096,65536
"5,22668",50,4096,65536
"5,166309",51,4096,65536
"5,274945",52,4096,65536
"5,238052",53,4096,65536
"5,248195",54,4096,65536
"5,140569",55,4096,65536
"5,132489",56,4096,65536
"5,157761",57,4096,65536
"5,222323",58,4096,65536
"5,158081",59,4096,65536
"5,272769",60,4096,65536
"5,176484",61,4096,65536
"5,281418",62,4096,65536
"5,244326",63,4096,65536
"5,267451",64,4096,65536
"5,21201",65,4096,65536
"5,112017",66,4096,65536
"5,251535",67,4096,65536
"5,264597",68,4096,65536
"5,134891",69,4096,65536
"5,210746",70,4096,65536
"5,135388",71,4096,65536
"5,155185",72,4096,65536
"5,167583",73,4096,65536
"5,279103",74,4096,65536
"5,167283",75,4096,65536
"5,239489",76,4096,65536
"5,094424",77,4096,65536
"5,142615",78,4096,65536
"5,123768",79,4096,65536
"5,1273",80,4096,65536
"5,286171",81,4096,65536
"5,178991",82,4096,65536
"5,296985",83,4096,65536
"5,141169",84,4096,65536
"5,251293",85,4096,65536
"5,254925",86,4096,65536
"5,24274",87,4096,65536
"5,10992",88,4096,65536
"5,252019",89,4096,65536
"5,170422",90,4096,65536
"5,267743",91,4096,65536
"5,251139",92,4096,65536
"5,14088",93,4096,65536
"5,24701",94,4096,65536
"5,132939",95,4096,65536
"5,249118",96,4096,65536
"5,246514",97,4096,65536
"5,111261",98,4096,65536
"5,219395",99,4096,65536
"5,280612",0,8192,32768
"5,138439",1,8192,32768
"5,251851",2,8192,32768
"5,129407",3,8192,32768
"5,147616",4,8192,32768
"5,235274",5,8192,32768
"5,274893",6,8192,32768
"5,176653",7,8192,32768
"5,253987",8,8192,32768
"5,140332",9,8192,32768
"5,248139",10,8192,32768
"5,207049",11,8192,32768
"5,131606",12,8192,32768
"5,246522",13,8192,32768
"5,123235",14,8192,32768
"5,211525",15,8192,32768
"5,236766",16,8192,32768
"5,137272",17,8192,32768
"5,284722",18,8192,32768
"5,128367",19,8192,32768
"5,229811",20,8192,32768
"5,252008",21,8192,32768
"5,110977",22,8192,32768
"5,125742",23,8192,32768
"5,232351",24,8192,32768
"5,285449",25,8192,32768
"5,140995",26,8192,32768
"5,130182",27,8192,32768
"5,237419",28,8192,32768
"5,122195",29,8192,32768
"5,16368",30,8192,32768
"5,154405",31,8192,32768
"5,216634",32,8192,32768
"5,296677",33,8192,32768
"5,17957",34,8192,32768
"5,114095",35,8192,32768
"5,1341",36,8192,32768
"5,230269",37,8192,32768
"5,163688",38,8192,32768
"5,224762",39,8192,32768
"5,293173",40,8192,32768
"5,106838",41,8192,32768
"5,26327",42,8192,32768
"5,104431",43,8192,32768
"5,222436",44,8192,32768
"5,107486",45,8192,32768
"5,20727",46,8192,32768
"5,124479",47,8192,32768
"5,25708",48,8192,32768
"5,244393",49,8192,32768
"5,13922",50,8192,32768
"5,217844",51,8192,32768
"5,128318",52,8192,32768
"5,269339",53,8192,32768
"5,16678",54,8192,32768
"5,170023",55,8192,32768
"5,223109",56,8192,32768
"5,116791",57,8192,32768
"5,206559",58,8192,32768
"5,301216",59,8192,32768
"5,278428",60,8192,32768
"5,120247",61,8192,32768
"5,270071",62,8192,32768
"5,168555",63,8192,32768
"5,113421",64,8192,32768
"5,190851",65,8192,32768
"5,283417",66,8192,32768
"5,117052",67,8192,32768
"5,239289",68,8192,32768
"5,133644",69,8192,32768
"5,14544",70,8192,32768
"5,284302",71,8192,32768
"5,13229",72,8192,32768
"5,24655",73,8192,32768
"5,173241",74,8192,32768
"5,272089",75,8192,32768
"5,168246",76,8192,32768
"5,264159",77,8192,32768
"5,15852",78,8192,32768
"5,272838",79,8192,32768
"5,235136",80,8192,32768
"5,27593",81,8192,32768
"5,13235",82,8192,32768
"5,168367",83,8192,32768
"5,159059",84,8192,32768
"5,277563",85,8192,32768
"5,147779",86,8192,32768
"5,260345",87,8192,32768
"5,174397",88,8192,32768
"5,112836",89,8192,32768
"5,162856",90,8192,32768
"5,231785",91,8192,32768
"5,224847",92,8192,32768
"5,170931",93,8192,32768
"5,266939",94,8192,32768
"5,151313",95,8192,32768
"5,237104",96,8192,32768
"5,258958",97,8192,32768
"5,236452",98,8192,32768
"5,254115",99,8192,32768
"5,19305",0,16384,16384
"5,258615",1,16384,16384
"5,258601",2,16384,16384
"5,257693",3,16384,16384
"5,225587",4,16384,16384
"5,138765",5,16384,16384
"5,247887",6,16384,16384
"5,135117",7,16384,16384
"5,152593",8,16384,16384
"5,223712",9,16384,16384
"5,129873",10,16384,16384
"5,218691",11,16384,16384
"5,168871",12,16384,16384
"5,251437",13,16384,16384
"5,129791",14,16384,16384
"5,112599",15,16384,16384
"5,128818",16,16384,16384
"5,221781",17,16384,16384
"5,150969",18,16384,16384
"5,219549",19,16384,16384
"5,124368",20,16384,16384
"5,2194",21,16384,16384
"5,231726",22,16384,16384
"5,253205",23,16384,16384
"5,247501",24,16384,16384
"5,18793",25,16384,16384
"5,274967",26,16384,16384
"5,270522",27,16384,16384
"5,242732",28,16384,16384
"5,160521",29,16384,16384
"5,243283",30,16384,16384
"5,275307",31,16384,16384
"5,227957",32,16384,16384
"5,143434",33,16384,16384
"5,272553",34,16384,16384
"5,147954",35,16384,16384
"5,251682",36,16384,16384
"5,191296",37,16384,16384
"5,267513",38,16384,16384
"5,283802",39,16384,16384
"5,265147",40,16384,16384
"5,137502",41,16384,16384
"5,276274",42,16384,16384
"5,1538",43,16384,16384
"5,244523",44,16384,16384
"5,183144",45,16384,16384
"5,139191",46,16384,16384
"5,273227",47,16384,16384
"5,279",48,16384,16384
"5,154236",49,16384,16384
"5,127287",50,16384,16384
"5,295025",51,16384,16384
"5,163267",52,16384,16384
"5,206127",53,16384,16384
"5,220439",54,16384,16384
"5,179853",55,16384,16384
"5,24245",56,16384,16384
"5,12978",57,16384,16384
"5,242498",58,16384,16384
"5,127262",59,16384,16384
"5,197939",60,16384,16384
"5,13023",61,16384,16384
"5,170778",62,16384,16384
"5,146274",63,16384,16384
"5,173187",64,16384,16384
"5,215018",65,16384,16384
"5,197974",66,16384,16384
"5,260208",67,16384,16384
"5,290649",68,16384,16384
"5,1305",69,16384,16384
"5,286771",70,16384,16384
"5,28427",71,16384,16384
"5,176389",72,16384,16384
"5,146391",73,16384,16384
"5,225189",74,16384,16384
"5,241842",75,16384,16384
"5,187208",76,16384,16384
"5,214337",77,16384,16384
"5,198852",78,16384,16384
"5,143933",79,16384,16384
"5,280128",80,16384,16384
"5,28101",81,16384,16384
"5,22588",82,16384,16384
"5,227361",83,16384,16384
"5,264244",84,16384,16384
"5,168202",85,16384,16384
"5,138658",86,16384,16384
"5,28844",87,16384,16384
"5,107503",88,16384,16384
"5,125931",89,16384,16384
"5,283018",90,16384,16384
"5,117542",91,16384,16384
"5,212911",92,16384,16384
"5,165144",93,16384,16384
"5,177239",94,16384,16384
"5,21479",95,16384,16384
"5,108663",96,16384,16384
"5,277137",97,16384,16384
"5,246117",98,16384,16384
"5,249704",99,16384,16384
"5,139286",0,32768,8192
"5,275525",1,32768,8192
"5,253215",2,32768,8192
"5,223152",3,32768,8192
"5,236024",4,32768,8192
"5,285633",5,32768,8192
"5,277018",6,32768,8192
"5,116727",7,32768,8192
"5,238925",8,32768,8192
"5,149386",9,32768,8192
"5,219358",10,32768,8192
"5,217279",11,32768,8192
"5,288313",12,32768,8192
"5,162861",13,32768,8192
"5,20366",14,32768,8192
"5,114268",15,32768,8192
"5,165949",16,32768,8192
"5,276175",17,32768,8192
"5,129611",18,32768,8192
"5,253895",19,32768,8192
"5,176181",20,32768,8192
"5,118306",21,32768,8192
"5,244117",22,32768,8192
"5,204429",23,32768,8192
"5,247228",24,32768,8192
"5,245052",25,32768,8192
"5,219462",26,32768,8192
"5,099634",27,32768,8192
"5,247292",28,32768,8192
"5,152843",29,32768,8192
"5,288767",30,32768,8192
"5,110675",31,32768,8192
"5,283951",32,32768,8192
"5,216537",33,32768,8192
"5,209509",34,32768,8192
"5,225633",35,32768,8192
"5,288798",36,32768,8192
"5,248374",37,32768,8192
"5,237052",38,32768,8192
"5,258759",39,32768,8192
"5,21622",40,32768,8192
"5,186568",41,32768,8192
"5,209994",42,32768,8192
"5,136975",43,32768,8192
"5,162548",44,32768,8192
"5,226839",45,32768,8192
"5,265106",46,32768,8192
"5,250298",47,32768,8192
"5,124527",48,32768,8192
"5,280669",49,32768,8192
"5,248136",50,32768,8192
"5,132496",51,32768,8192
"5,246785",52,32768,8192
"5,139524",53,32768,8192
"5,281173",54,32768,8192
"5,118955",55,32768,8192
"5,280182",56,32768,8192
"5,240848",57,32768,8192
"5,157832",58,32768,8192
"5,226854",59,32768,8192
"5,129416",60,32768,8192
"5,17683",61,32768,8192
"5,14497",62,32768,8192
"5,273884",63,32768,8192
"5,117158",64,32768,8192
"5,240802",65,32768,8192
"5,144477",66,32768,8192
"5,225712",67,32768,8192
"5,20083",68,32768,8192
"5,200631",69,32768,8192
"5,123588",70,32768,8192
"5,207629",71,32768,8192
"5,154278",72,32768,8192
"5,276696",73,32768,8192
"5,274935",74,32768,8192
"5,279383",75,32768,8192
"5,25073",76,32768,8192
"5,275239",77,32768,8192
"5,289961",78,32768,8192
"5,192078",79,32768,8192
"5,216486",80,32768,8192
"5,158534",81,32768,8192
"5,257772",82,32768,8192
"5,241699",83,32768,8192
"5,133158",84,32768,8192
"5,220069",85,32768,8192
"5,130265",86,32768,8192
"5,217467",87,32768,8192
"5,231356",88,32768,8192
"5,247274",89,32768,8192
"5,143665",90,32768,8192
"5,278527",91,32768,8192
"5,121868",92,32768,8192
"5,183718",93,32768,8192
"5,152078",94,32768,8192
"5,284659",95,32768,8192
"5,128739",96,32768,8192
"5,124599",97,32768,8192
"5,125795",98,32768,8192
"5,286268",99,32768,8192
"5,24012",0,65536,4096
"5,247561",1,65536,4096
"5,193379",2,65536,4096
"5,269408",3,65536,4096
"5,141376",4,65536,4096
"5,212912",5,65536,4096
"5,132171",6,65536,4096
"5,166611",7,65536,4096
"5,135227",8,65536,4096
"5,179898",9,65536,4096
"5,272059",10,65536,4096
"5,146907",11,65536,4096
"5,246733",12,65536,4096
"5,33747",13,65536,4096
"5,272514",14,65536,4096
"5,127478",15,65536,4096
"5,280223",16,65536,4096
"5,195015",17,65536,4096
"5,144643",18,65536,4096
"5,273129",19,65536,4096
"5,227645",20,65536,4096
"5,272703",21,65536,4096
"5,139804",22,65536,4096
"5,253919",23,65536,4096
"5,126497",24,65536,4096
"5,219688",25,65536,4096
"5,230739",26,65536,4096
"5,168836",27,65536,4096
"5,12962",28,65536,4096
"5,264152",29,65536,4096
"5,123498",30,65536,4096
"5,139611",31,65536,4096
"5,269884",32,65536,4096
"5,138961",33,65536,4096
"5,128438",34,65536,4096
"5,130391",35,65536,4096
"5,217584",36,65536,4096
"5,110117",37,65536,4096
"5,156334",38,65536,4096
"5,289532",39,65536,4096
"5,134919",40,65536,4096
"5,222078",41,65536,4096
"5,127284",42,65536,4096
"5,238221",43,65536,4096
"5,170955",44,65536,4096
"5,251721",45,65536,4096
"5,127615",46,65536,4096
"5,238269",47,65536,4096
"5,128595",48,65536,4096
"5,143105",49,65536,4096
"5,289776",50,65536,4096
"5,175644",51,65536,4096
"5,245038",52,65536,4096
"5,158076",53,65536,4096
"5,13219",54,65536,4096
"5,284726",55,65536,4096
"5,154705",56,65536,4096
"5,138395",57,65536,4096
"5,256912",58,65536,4096
"5,121741",59,65536,4096
"5,242015",60,65536,4096
"5,130335",61,65536,4096
"5,126303",62,65536,4096
"5,214629",63,65536,4096
"5,134786",64,65536,4096
"5,286115",65,65536,4096
"5,153797",66,65536,4096
"5,27956",67,65536,4096
"5,160967",68,65536,4096
"5,288779",69,65536,4096
"5,162309",70,65536,4096
"5,254519",71,65536,4096
"5,266391",72,65536,4096
"5,126683",73,65536,4096
"5,267394",74,65536,4096
"5,152082",75,65536,4096
"5,231966",76,65536,4096
"5,284318",77,65536,4096
"5,127398",78,65536,4096
"5,202106",79,65536,4096
"5,159005",80,65536,4096
"5,140665",81,65536,4096
"5,269714",82,65536,4096
"5,170484",83,65536,4096
"5,230107",84,65536,4096
"5,198731",85,65536,4096
"5,174549",86,65536,4096
"5,204763",87,65536,4096
"5,284398",88,65536,4096
"5,133019",89,65536,4096
"5,125762",90,65536,4096
"5,281711",91,65536,4096
"5,174157",92,65536,4096
"5,259799",93,65536,4096
"5,277586",94,65536,4096
"5,125848",95,65536,4096
"5,298909",96,65536,4096
"5,272642",97,65536,4096
"5,241652",98,65536,4096
"5,201256",99,65536,4096
"5,26559",0,131072,2048
"5,245457",1,131072,2048
"5,258659",2,131072,2048
"5,279723",3,131072,2048
"5,221954",4,131072,2048
"5,275745",5,131072,2048
"5,228709",6,131072,2048
"5,24921",7,131072,2048
"5,25171",8,131072,2048
"5,238621",9,131072,2048
"5,275437",10,131072,2048
"5,268842",11,131072,2048
"5,277577",12,131072,2048
"5,256513",13,131072,2048
"5,231062",14,131072,2048
"5,274594",15,131072,2048
"5,221596",16,131072,2048
"5,216038",17,131072,2048
"5,272971",18,131072,2048
"5,130696",19,131072,2048
"5,220697",20,131072,2048
"5,161721",21,131072,2048
"5,269266",22,131072,2048
"5,270438",23,131072,2048
"5,219116",24,131072,2048
"5,246413",25,131072,2048
"5,241823",26,131072,2048
"5,217129",27,131072,2048
"5,259941",28,131072,2048
"5,111085",29,131072,2048
"5,219065",30,131072,2048
"5,243037",31,131072,2048
"5,231076",32,131072,2048
"5,221246",33,131072,2048
"5,230441",34,131072,2048
"5,111762",35,131072,2048
"5,259483",36,131072,2048
"5,27486",37,131072,2048
"5,210628",38,131072,2048
"5,118899",39,131072,2048
"5,29115",40,131072,2048
"5,149581",41,131072,2048
"5,167576",42,131072,2048
"5,142822",43,131072,2048
"5,240905",44,131072,2048
"5,128017",45,131072,2048
"5,240266",46,131072,2048
"5,142688",47,131072,2048
"5,25349",48,131072,2048
"5,25245",49,131072,2048
"5,140859",50,131072,2048
"5,25364",51,131072,2048
"5,268086",52,131072,2048
"5,273315",53,131072,2048
"5,219137",54,131072,2048
"5,27204",55,131072,2048
"5,2649",56,131072,2048
"5,124575",57,131072,2048
"5,273926",58,131072,2048
"5,212834",59,131072,2048
"5,149726",60,131072,2048
"5,23867",61,131072,2048
"5,247759",62,131072,2048
"5,224439",63,131072,2048
"5,250274",64,131072,2048
"5,203194",65,131072,2048
"5,210504",66,131072,2048
"5,135757",67,131072,2048
"5,136763",68,131072,2048
"5,241859",69,131072,2048
"5,174771",70,131072,2048
"5,146629",71,131072,2048
"5,226202",72,131072,2048
"5,124858",73,131072,2048
"5,225636",74,131072,2048
"5,251464",75,131072,2048
"5,250279",76,131072,2048
"5,110619",77,131072,2048
"5,258812",78,131072,2048
"5,263016",79,131072,2048
"5,16147",80,131072,2048
"5,124679",81,131072,2048
"5,276766",82,131072,2048
"5,169933",83,131072,2048
"5,224603",84,131072,2048
"5,141968",85,131072,2048
"5,117901",86,131072,2048
"5,253447",87,131072,2048
"5,174747",88,131072,2048
"5,271375",89,131072,2048
"5,116253",90,131072,2048
"5,121821",91,131072,2048
"5,247784",92,131072,2048
"5,168737",93,131072,2048
"5,219016",94,131072,2048
"5,124661",95,131072,2048
"5,165023",96,131072,2048
"5,265411",97,131072,2048
"5,207327",98,131072,2048
"5,244213",99,131072,2048
"5,235064",0,262144,1024
"5,244963",1,262144,1024
"5,267594",2,262144,1024
"5,140673",3,262144,1024
"5,19058",4,262144,1024
"5,261915",5,262144,1024
"5,216982",6,262144,1024
"5,280026",7,262144,1024
"5,241893",8,262144,1024
"5,190461",9,262144,1024
"5,233539",10,262144,1024
"5,253548",11,262144,1024
"5,259844",12,262144,1024
"5,130515",13,262144,1024
"5,172417",14,262144,1024
"5,210138",15,262144,1024
"5,224603",16,262144,1024
"5,113694",17,262144,1024
"5,121754",18,262144,1024
"5,208459",19,262144,1024
"5,280522",20,262144,1024
"5,253641",21,262144,1024
"5,265619",22,262144,1024
"5,233043",23,262144,1024
"5,13041",24,262144,1024
"5,122521",25,262144,1024
"5,254112",26,262144,1024
"5,273936",27,262144,1024
"5,119589",28,262144,1024
"5,245989",29,262144,1024
"5,286404",30,262144,1024
"5,25188",31,262144,1024
"5,146241",32,262144,1024
"5,269203",33,262144,1024
"5,214348",34,262144,1024
"5,220568",35,262144,1024
"5,257987",36,262144,1024
"5,144529",37,262144,1024
"5,125212",38,262144,1024
"5,250545",39,262144,1024
"5,241952",40,262144,1024
"5,166937",41,262144,1024
"5,141763",42,262144,1024
"5,111417",43,262144,1024
"5,126252",44,262144,1024
"5,240169",45,262144,1024
"5,129038",46,262144,1024
"5,269095",47,262144,1024
"5,140007",48,262144,1024
"5,254512",49,262144,1024
"5,239678",50,262144,1024
"5,239578",51,262144,1024
"5,269226",52,262144,1024
"5,277913",53,262144,1024
"5,165389",54,262144,1024
"5,281825",55,262144,1024
"5,268073",56,262144,1024
"5,20862",57,262144,1024
"5,122691",58,262144,1024
"5,275641",59,262144,1024
"5,243326",60,262144,1024
"5,138859",61,262144,1024
"5,27104",62,262144,1024
"5,228939",63,262144,1024
"5,27451",64,262144,1024
"5,281492",65,262144,1024
"5,242738",66,262144,1024
"5,148838",67,262144,1024
"5,22059",68,262144,1024
"5,179317",69,262144,1024
"5,278215",70,262144,1024
"5,244727",71,262144,1024
"5,254424",72,262144,1024
"5,125928",73,262144,1024
"5,181435",74,262144,1024
"5,218072",75,262144,1024
"5,220578",76,262144,1024
"5,104488",77,262144,1024
"5,248268",78,262144,1024
"5,177574",79,262144,1024
"5,213065",80,262144,1024
"5,118888",81,262144,1024
"5,238626",82,262144,1024
"5,134534",83,262144,1024
"5,219954",84,262144,1024
"5,114239",85,262144,1024
"5,235792",86,262144,1024
"5,119708",87,262144,1024
"5,219889",88,262144,1024
"5,241524",89,262144,1024
"5,120846",90,262144,1024
"5,153952",91,262144,1024
"5,272905",92,262144,1024
"5,170098",93,262144,1024
"5,256738",94,262144,1024
"5,127854",95,262144,1024
"5,207076",96,262144,1024
"5,255603",97,262144,1024
"5,187472",98,262144,1024
"5,282886",99,262144,1024
